event_id,step_id,line_order,speaker_id,text
event_week_001_excursion_garden_direct_default,step_event_week_001_excursion_garden_direct_default,0,speaker_narrator,크레이프 머틀이 썩어가고 있다.
event_week_001_excursion_garden_direct_default,step_event_week_001_excursion_garden_direct_default,1,speaker_abelia,왜 꽃이 안 펴?
event_week_001_excursion_garden_direct_default,step_event_week_001_excursion_garden_direct_default,2,speaker_gardener_2,"나무가 조금 아픕니다, 아가씨."
event_week_001_excursion_garden_direct_default,step_event_week_001_excursion_garden_direct_default,3,speaker_abelia,그럼 이제 꽃 못 피워?
event_week_001_excursion_garden_direct_default,step_event_week_001_excursion_garden_direct_default,4,speaker_abelia,나랑 같이 있으면 다 아파지나봐
event_week_001_excursion_garden_direct_default,step_event_week_001_excursion_garden_direct_default,5,speaker_abelia,엄마도..그리고 아빠도..
event_week_001_excursion_garden_direct_default,step_event_week_001_excursion_garden_direct_default,6,speaker_gardener_2,"아닙니다, 아가씨. 잠시 쉬고 있는 거에요."
event_week_001_excursion_garden_direct_default,step_event_week_001_excursion_garden_direct_default,7,speaker_gardener_2,꽃을 피우는 데도 많은 힘이 들거든요.
event_week_001_excursion_garden_direct_default,step_event_week_001_excursion_garden_direct_default,8,speaker_gardener_2,분명 다음에 보실 때는 꽃이 피어있을 것 입니다.
event_week_001_excursion_garden_direct_default,step_event_week_001_excursion_garden_direct_default,9,speaker_abelia,정말? 그랬으면 좋겠다.
event_week_001_excursion_garden_blocked,step_event_week_001_excursion_garden_blocked,0,speaker_narrator,정원으로 들어가는 입구가 막혀 있다.
event_week_001_excursion_garden_blocked,step_event_week_001_excursion_garden_blocked,1,speaker_abelia,왜 못 들어가게 해놨어? 나 꽃 나무 보고 싶은데..
event_week_001_excursion_garden_blocked,step_event_week_001_excursion_garden_blocked,3,speaker_gardener_2,아가씨께 더 예쁜 정원을 보여드리기 위해 청소 중입니다.
event_week_001_excursion_garden_blocked,step_event_week_001_excursion_garden_blocked,4,speaker_gardener_2,다음에 보러 와주세요.
event_week_001_excursion_garden_blocked,step_event_week_001_excursion_garden_blocked,5,speaker_abelia,알겠어..
event_week_002_excursion_garden_direct_default,step_event_week_002_excursion_garden_direct_default,0,speaker_narrator,"비가 오는 정원, 달팽이 세 마리가 줄을 지어 기어가고 있다."
event_week_002_excursion_garden_direct_default,step_event_week_002_excursion_garden_direct_default,1,speaker_abelia,"어, 느려."
event_week_002_excursion_garden_direct_default,step_event_week_002_excursion_garden_direct_default,2,speaker_abelia,엄청 느려.
event_week_002_excursion_garden_direct_default,step_event_week_002_excursion_garden_direct_default,3,speaker_maid,"아가씨, 옷 젖으십니다. 그만 일어나시지요."
event_week_002_excursion_garden_direct_default,step_event_week_002_excursion_garden_direct_default,4,speaker_abelia,조금만 더.
event_week_002_excursion_garden_direct_default,step_event_week_002_excursion_garden_direct_default,5,speaker_narrator,아벨리아는 가장 앞서 가던 달팽이가 돌 틈 안으로 사라질 때까지 지켜봤다.
event_week_002_excursion_garden_direct_default,step_event_week_002_excursion_garden_direct_default,6,speaker_abelia,어디 가는 걸까?
event_week_002_excursion_garden_direct_default,step_event_week_002_excursion_garden_direct_default,7,speaker_maid,집으로 가는 거겠지요.
event_week_002_excursion_garden_direct_default,step_event_week_002_excursion_garden_direct_default,8,speaker_abelia,집이 어디 있는데?
event_week_002_excursion_garden_direct_default,step_event_week_002_excursion_garden_direct_default,9,speaker_maid,등에요.
event_week_002_excursion_garden_direct_default,step_event_week_002_excursion_garden_direct_default,10,speaker_abelia,그럼 어디든 집이네?
event_week_002_excursion_garden_direct_curious,step_event_week_002_excursion_garden_direct_curious,0,speaker_narrator,줄지어 기어가는 세 마리의 달팽이를 보고 있던 아벨리아.
event_week_002_excursion_garden_direct_curious,step_event_week_002_excursion_garden_direct_curious,1,speaker_narrator,고개를 숙여 돌 틈 안 쪽을 들여다 본다.
event_week_002_excursion_garden_direct_curious,step_event_week_002_excursion_garden_direct_curious,2,speaker_abelia,여기 또 있어!
event_week_002_excursion_garden_direct_curious,step_event_week_002_excursion_garden_direct_curious,3,speaker_narrator,아벨리아는 돌 옆에 납작 엎드렸다. 풀잎이 그녀의 볼을 간지럽힌다.
event_week_002_excursion_garden_direct_curious,step_event_week_002_excursion_garden_direct_curious,4,speaker_abelia,네 마리야! 근데 네 번째는 안 움직여.
event_week_002_excursion_garden_direct_curious,step_event_week_002_excursion_garden_direct_curious,5,speaker_maid,껍데기만 남은 거에요.
event_week_002_excursion_garden_direct_curious,step_event_week_002_excursion_garden_direct_curious,6,speaker_abelia,그럼 얘는 어디로 간거야?
event_week_002_excursion_garden_direct_curious,step_event_week_002_excursion_garden_direct_curious,7,speaker_maid,...
event_week_002_excursion_garden_direct_curious,step_event_week_002_excursion_garden_direct_curious,8,speaker_abelia,응? 어디로 간 거냐구
event_week_002_excursion_garden_direct_curious,step_event_week_002_excursion_garden_direct_curious,9,speaker_maid,"아가씨, 제가 바쁜 일이 있어서 이만 들어가보겠습니다."
event_week_002_excursion_garden_direct_curious,step_event_week_002_excursion_garden_direct_curious,10,speaker_abelia,마리! 어디 가!
event_week_002_excursion_garden_direct_curious,step_event_week_002_excursion_garden_direct_curious,11,speaker_narrator,아벨리아는 멀어지는 마리의 뒷모습을 가만히 보고 있었다.
event_week_002_excursion_garden_direct_innocent,step_event_week_002_excursion_garden_direct_innocent,0,speaker_narrator,"아벨리아는 달팽이 세 마리 앞에 쪼그려 앉아, 한 마리씩 손가락으로 가리켰다."
event_week_002_excursion_garden_direct_innocent,step_event_week_002_excursion_garden_direct_innocent,1,speaker_abelia,"얘는 티티, 얘는 피피, 얘는 리리."
event_week_002_excursion_garden_direct_innocent,step_event_week_002_excursion_garden_direct_innocent,2,speaker_maid,이름을 붙여주셨군요.
event_week_002_excursion_garden_direct_innocent,step_event_week_002_excursion_garden_direct_innocent,3,speaker_abelia,"응, 이제 얘들은 내 친구야."
event_week_002_excursion_garden_direct_innocent,step_event_week_002_excursion_garden_direct_innocent,4,speaker_maid,"아가씨, 달팽이는 내일 아침이면 사라져있을 거예요."
event_week_002_excursion_garden_direct_innocent,step_event_week_002_excursion_garden_direct_innocent,5,speaker_abelia,멀어져도 친구는 친구잖아.
event_week_002_excursion_garden_direct_innocent,step_event_week_002_excursion_garden_direct_innocent,6,speaker_maid,아가씨가 저보다 낫네요.
event_week_002_excursion_garden_direct_innocent,step_event_week_002_excursion_garden_direct_innocent,7,speaker_narrator,아벨리아는 세 달팽이가 모두 돌틈으로 들어갈 때까지 자리를 뜨지 않았다.
event_week_002_excursion_garden_direct_innocent,step_event_week_002_excursion_garden_direct_innocent,8,speaker_abelia,"티티야, 잘 가."
event_week_002_excursion_garden_direct_innocent,step_event_week_002_excursion_garden_direct_innocent,9,speaker_abelia,"피피야, 잘 가."
event_week_002_excursion_garden_direct_innocent,step_event_week_002_excursion_garden_direct_innocent,10,speaker_abelia,"리리야, 잘 가."
event_week_002_excursion_garden_blocked,step_event_week_002_excursion_garden_blocked,0,speaker_narrator,마리는 방문 앞에서 공손히 고개를 숙였다.
event_week_002_excursion_garden_blocked,step_event_week_002_excursion_garden_blocked,1,speaker_maid,"아가씨, 오늘은 정원이 젖어 있어서 어려울 것 같습니다."
event_week_002_excursion_garden_blocked,step_event_week_002_excursion_garden_blocked,2,speaker_abelia,…왜?
event_week_002_excursion_garden_blocked,step_event_week_002_excursion_garden_blocked,3,speaker_maid,감기 드시면 안 되니까요.
event_week_002_excursion_garden_blocked,step_event_week_002_excursion_garden_blocked,4,speaker_abelia,비 이제 안 오잖아.
event_week_002_excursion_garden_blocked,step_event_week_002_excursion_garden_blocked,5,speaker_maid,흙이 질퍽해서 신발이 젖습니다.
event_week_002_excursion_garden_blocked,step_event_week_002_excursion_garden_blocked,6,speaker_abelia,…
event_week_002_excursion_garden_blocked,step_event_week_002_excursion_garden_blocked,7,speaker_narrator,아벨리아는 창가에 서서 정원 쪽을 오래 봤다.
event_week_002_excursion_garden_blocked,step_event_week_002_excursion_garden_blocked,8,speaker_abelia,달팽이랑 놀고 싶은데.
event_week_002_excursion_garden_blocked,step_event_week_002_excursion_garden_blocked,9,speaker_maid,…네?
event_week_002_excursion_garden_blocked,step_event_week_002_excursion_garden_blocked,10,speaker_narrator,"아벨리아는 마리의 얼굴을 한 번 보고, 다시 정원을 봤다."
event_week_002_excursion_garden_blocked,step_event_week_002_excursion_garden_blocked,11,speaker_abelia,아니야. 아무것도.
event_week_003_excursion_garden_direct_default,step_event_week_003_excursion_garden_direct_default,0,speaker_narrator,분수는 반쯤 낙엽에 덮여 있었다. 물이 흐르지 않은 지 꽤 되어 보였다.
event_week_003_excursion_garden_direct_default,step_event_week_003_excursion_garden_direct_default,1,speaker_abelia,언제부터 멈춰 있었어?
event_week_003_excursion_garden_direct_default,step_event_week_003_excursion_garden_direct_default,2,speaker_gardener,꽤 됐습지요. 여름 끝 무렵이었나.
event_week_003_excursion_garden_direct_default,step_event_week_003_excursion_garden_direct_default,3,speaker_abelia,빨리 고쳐야 하는 거 아니야?
event_week_003_excursion_garden_direct_default,step_event_week_003_excursion_garden_direct_default,4,speaker_gardener,"곧 겨울이라 어차피 얼 건데, 봄에 고치려고 뒀습니다."
event_week_003_excursion_garden_direct_default,step_event_week_003_excursion_garden_direct_default,5,speaker_abelia,…봄은 멀잖아.
event_week_003_excursion_garden_direct_default,step_event_week_003_excursion_garden_direct_default,6,speaker_gardener,"금방 올 겁니다, 아가씨."
event_week_003_excursion_garden_direct_default,step_event_week_003_excursion_garden_direct_default,7,speaker_narrator,아벨리아는 고인 물에 비친 노을을 한참 바라보았다.
event_week_003_excursion_garden_direct_curious,step_event_week_003_excursion_garden_direct_curious,0,speaker_narrator,"아벨리아는 분수 가장자리에 쪼그려 앉아, 낙엽 한 장을 집어 올렸다. 한 장, 또 한 장."
event_week_003_excursion_garden_direct_curious,step_event_week_003_excursion_garden_direct_curious,1,speaker_gardener,"아가씨, 손 차십니다."
event_week_003_excursion_garden_direct_curious,step_event_week_003_excursion_garden_direct_curious,2,speaker_abelia,잠시만.
event_week_003_excursion_garden_direct_curious,step_event_week_003_excursion_garden_direct_curious,3,speaker_narrator,낙엽이 걷히자 분수 바닥이 보였다. 돌 틈 사이에 뭔가 반짝였다.
event_week_003_excursion_garden_direct_curious,step_event_week_003_excursion_garden_direct_curious,4,speaker_abelia,…이거 봐! 이거 뭐야?
event_week_003_excursion_garden_direct_curious,step_event_week_003_excursion_garden_direct_curious,5,speaker_narrator,아벨리아의 손바닥 위에 동전 하나가 올라왔다. 오래된 동전이었다.
event_week_003_excursion_garden_direct_curious,step_event_week_003_excursion_garden_direct_curious,6,speaker_abelia,누가 넣은 거야?
event_week_003_excursion_garden_direct_curious,step_event_week_003_excursion_garden_direct_curious,7,speaker_gardener,…글쎄요. 옛날엔 분수에 동전을 던지며 소원을 빌기도 했습니다.
event_week_003_excursion_garden_direct_curious,step_event_week_003_excursion_garden_direct_curious,8,speaker_abelia,동전을 던지면 소원이 이루어진다는 말이지?
event_week_003_excursion_garden_direct_curious,step_event_week_003_excursion_garden_direct_curious,9,speaker_narrator,아벨리아는 동전을 도로 분수 바닥에 내려놓았다.
event_week_003_excursion_garden_direct_curious,step_event_week_003_excursion_garden_direct_curious,10,speaker_abelia,다음에 정원 나올 때는 동전을 많이 챙겨와야지.
event_week_003_excursion_garden_direct_cautious,step_event_week_003_excursion_garden_direct_cautious,0,speaker_narrator,"아벨리아는 분수 가장자리에 서서, 낙엽과 물을 한참 내려다봤다."
event_week_003_excursion_garden_direct_cautious,step_event_week_003_excursion_garden_direct_cautious,1,speaker_abelia,손 넣어 봐도 돼?
event_week_003_excursion_garden_direct_cautious,step_event_week_003_excursion_garden_direct_cautious,2,speaker_gardener,차갑지 않으시겠습니까?
event_week_003_excursion_garden_direct_cautious,step_event_week_003_excursion_garden_direct_cautious,3,speaker_abelia,흠…그럼 안 넣을래.
event_week_003_excursion_garden_direct_cautious,step_event_week_003_excursion_garden_direct_cautious,4,speaker_narrator,아벨리아는 주머니에서 손수건을 꺼내 분수 가장자리의 먼지를 닦았다.
event_week_003_excursion_garden_direct_cautious,step_event_week_003_excursion_garden_direct_cautious,5,speaker_gardener,왜 닦으십니까?
event_week_003_excursion_garden_direct_cautious,step_event_week_003_excursion_garden_direct_cautious,6,speaker_abelia,분수도 좋아하지 않을까?
event_week_003_excursion_garden_direct_cautious,step_event_week_003_excursion_garden_direct_cautious,7,speaker_gardener,"그렇지요, 아가씨."
event_week_003_excursion_garden_blocked,step_event_week_003_excursion_garden_blocked,0,speaker_narrator,정원으로 가는 길목에 에단이 서 있다.
event_week_003_excursion_garden_blocked,step_event_week_003_excursion_garden_blocked,11,speaker_gardener,"아가씨, 분수 쪽 바닥이 미끄럽습니다. 오늘은 돌아가시지요."
event_week_003_excursion_garden_blocked,step_event_week_003_excursion_garden_blocked,2,speaker_abelia,멀리서라도 보면 안 돼?
event_week_003_excursion_garden_blocked,step_event_week_003_excursion_garden_blocked,3,speaker_gardener,혹시라도 다치시면 제가 곤란해집니다.
event_week_003_excursion_garden_blocked,step_event_week_003_excursion_garden_blocked,4,speaker_abelia,알겠어..
event_week_003_excursion_garden_blocked,step_event_week_003_excursion_garden_blocked,5,speaker_abelia,나 때문에 혼나는 건 싫으니까.
event_week_003_excursion_garden_blocked,step_event_week_003_excursion_garden_blocked,6,speaker_narrator,"아벨리아는 돌아 섰지만, 창문너머로 정원 쪽을 한참 봤다."
event_week_004_excursion_garden_direct_default,step_event_week_004_excursion_garden_direct_default,0,speaker_narrator,풀밭 한구석이 노란색과 흰색으로 뒤덮여 있었다.
event_week_004_excursion_garden_direct_default,step_event_week_004_excursion_garden_direct_default,1,speaker_abelia,이쁘다! 무슨 꽃이야?
event_week_004_excursion_garden_direct_default,step_event_week_004_excursion_garden_direct_default,2,speaker_gardener_1,"저도 모르겠습니다, 아가씨. 심지 않았는데 올해 피었습니다."
event_week_004_excursion_garden_direct_default,step_event_week_004_excursion_garden_direct_default,3,speaker_abelia,심지도 않았는데 피어?
event_week_004_excursion_garden_direct_default,step_event_week_004_excursion_garden_direct_default,4,speaker_gardener_1,바람에 씨가 실려 온 모양이지요.
event_week_004_excursion_garden_direct_default,step_event_week_004_excursion_garden_direct_default,5,speaker_abelia,어디서 왔을까?
event_week_004_excursion_garden_direct_default,step_event_week_004_excursion_garden_direct_default,6,speaker_gardener_1,"저 담 너머일 수도 있고, 더 먼 곳일 수도 있고요."
event_week_004_excursion_garden_direct_default,step_event_week_004_excursion_garden_direct_default,7,speaker_narrator,아벨리아는 꽃 한 송이 앞에 쪼그려 앉았다.
event_week_004_excursion_garden_direct_default,step_event_week_004_excursion_garden_direct_default,8,speaker_abelia,먼 데서 왔네.
event_week_004_excursion_garden_direct_clever,step_event_week_004_excursion_garden_direct_clever,0,speaker_narrator,"아벨리아는 꽃을 한참 들여다보다가, 갑자기 일어났다."
event_week_004_excursion_garden_direct_clever,step_event_week_004_excursion_garden_direct_clever,1,speaker_abelia,잠깐만!
event_week_004_excursion_garden_direct_clever,step_event_week_004_excursion_garden_direct_clever,2,speaker_narrator,어디론가 뛰어간 아벨리아는 두꺼운 식물도감을 품에 안고 돌아왔다.
event_week_004_excursion_garden_direct_clever,step_event_week_004_excursion_garden_direct_clever,3,speaker_abelia,노란색. 꽃잎 다섯 장. 잎은 길쭉해.
event_week_004_excursion_garden_direct_clever,step_event_week_004_excursion_garden_direct_clever,4,speaker_gardener_1,직접 찾아보시게요?
event_week_004_excursion_garden_direct_clever,step_event_week_004_excursion_garden_direct_clever,5,speaker_abelia,응.
event_week_004_excursion_garden_direct_clever,step_event_week_004_excursion_garden_direct_clever,6,speaker_narrator,아벨리아는 풀밭에 책을 펼쳐놓고 한 장씩 넘겨가며 꽃과 삽화를 비교했다. 한참 뒤에 고개를 들었다.
event_week_004_excursion_garden_direct_clever,step_event_week_004_excursion_garden_direct_clever,7,speaker_abelia,없어.
event_week_004_excursion_garden_direct_clever,step_event_week_004_excursion_garden_direct_clever,8,speaker_gardener_1,없어요?
event_week_004_excursion_garden_direct_clever,step_event_week_004_excursion_garden_direct_clever,9,speaker_abelia,이 책에는 없어.
event_week_004_excursion_garden_direct_clever,step_event_week_004_excursion_garden_direct_clever,10,speaker_narrator,"아벨리아는 잠시 생각하다가, 주머니에서 연필을 꺼냈다."
event_week_004_excursion_garden_direct_clever,step_event_week_004_excursion_garden_direct_clever,11,speaker_abelia,그럼 다음에 누가 찾아볼 수 있게 그려 둘래.
event_week_004_excursion_garden_direct_innocent,step_event_week_004_excursion_garden_direct_innocent,0,speaker_narrator,"아벨리아는 꽃 앞에 오래 쪼그려 앉아 있다가, 결심한 듯 고개를 들었다."
event_week_004_excursion_garden_direct_innocent,step_event_week_004_excursion_garden_direct_innocent,1,speaker_abelia,이 꽃들 이름이 뭐야?
event_week_004_excursion_garden_direct_innocent,step_event_week_004_excursion_garden_direct_innocent,2,speaker_gardener_1,"저도 잘 모르겠습니다, 아가씨."
event_week_004_excursion_garden_direct_innocent,step_event_week_004_excursion_garden_direct_innocent,3,speaker_abelia,그럼 내가 지을래!
event_week_004_excursion_garden_direct_innocent,step_event_week_004_excursion_garden_direct_innocent,4,speaker_gardener_1,좋지요. 뭐라고 지으시겠어요?
event_week_004_excursion_garden_direct_innocent,step_event_week_004_excursion_garden_direct_innocent,5,speaker_abelia,음… 햇빛꽃.
event_week_004_excursion_garden_direct_innocent,step_event_week_004_excursion_garden_direct_innocent,6,speaker_gardener_1,햇빛꽃.
event_week_004_excursion_garden_direct_innocent,step_event_week_004_excursion_garden_direct_innocent,7,speaker_abelia,노랗잖아요. 노란 건 햇빛이니까.
event_week_004_excursion_garden_direct_innocent,step_event_week_004_excursion_garden_direct_innocent,8,speaker_gardener_1,맞는 말씀이네요.
event_week_004_excursion_garden_direct_innocent,step_event_week_004_excursion_garden_direct_innocent,9,speaker_abelia,그리고 흰 건… 구름꽃.
event_week_004_excursion_garden_direct_innocent,step_event_week_004_excursion_garden_direct_innocent,10,speaker_narrator,아벨리아는 한 송이씩 손가락으로 가리키며 중얼거렸다.
event_week_004_excursion_garden_direct_innocent,step_event_week_004_excursion_garden_direct_innocent,11,speaker_abelia,"햇빛꽃, 구름꽃, 햇빛꽃, 햇빛꽃, 구름꽃."
event_week_004_excursion_garden_direct_innocent,step_event_week_004_excursion_garden_direct_innocent,12,speaker_narrator,버질은 조용히 웃었다.
event_week_004_excursion_garden_blocked,step_event_week_004_excursion_garden_blocked,0,speaker_narrator,아벨리아는 사흘째 방에서 풀밭 쪽을 내다보고 있었다.
event_week_004_excursion_garden_blocked,step_event_week_004_excursion_garden_blocked,1,speaker_maid_1,"아가씨, 차 한 잔 하시겠어요?"
event_week_004_excursion_garden_blocked,step_event_week_004_excursion_garden_blocked,2,speaker_abelia,…분명 꽃들이 있었는데.
event_week_004_excursion_garden_blocked,step_event_week_004_excursion_garden_blocked,3,speaker_maid_1,"들꽃은 금방 집니다, 아가씨."
event_week_004_excursion_garden_blocked,step_event_week_004_excursion_garden_blocked,4,speaker_abelia,아직 가까이서 못 봤는데.
event_week_004_excursion_garden_blocked,step_event_week_004_excursion_garden_blocked,5,speaker_maid_1,내년에 또 필 거예요.
event_week_004_excursion_garden_blocked,step_event_week_004_excursion_garden_blocked,6,speaker_abelia,같은 꽃이 피진 않잖아.
event_week_004_excursion_garden_blocked,step_event_week_004_excursion_garden_blocked,7,speaker_maid_1,…
event_week_004_excursion_garden_blocked,step_event_week_004_excursion_garden_blocked,8,speaker_abelia,그 꽃은 올해만 있었던 거잖아.
event_week_005_excursion_garden_direct_default,step_event_week_005_excursion_garden_direct_default,0,speaker_narrator,"담쟁이가 벽 절반을 덮었고, 끝자락부터 붉게 물들고 있었다."
event_week_005_excursion_garden_direct_default,step_event_week_005_excursion_garden_direct_default,1,speaker_abelia,올해는 빨리 물들었네요.
event_week_005_excursion_garden_direct_default,step_event_week_005_excursion_garden_direct_default,2,speaker_gardener_2,그렇지요. 밤이 일찍 추워져서.
event_week_005_excursion_garden_direct_default,step_event_week_005_excursion_garden_direct_default,3,speaker_abelia,작년엔 덜 빨갰던 것 같아요.
event_week_005_excursion_garden_direct_default,step_event_week_005_excursion_garden_direct_default,4,speaker_gardener_2,"기억을 잘 하시는군요, 아가씨."
event_week_005_excursion_garden_direct_default,step_event_week_005_excursion_garden_direct_default,5,speaker_narrator,아벨리아는 벽에 가까이 가서 잎사귀 하나를 만져보았다.
event_week_005_excursion_garden_direct_default,step_event_week_005_excursion_garden_direct_default,6,speaker_abelia,부스러질 것 같아요.
event_week_005_excursion_garden_direct_default,step_event_week_005_excursion_garden_direct_default,7,speaker_gardener_2,곧 떨어질 겁니다.
event_week_005_excursion_garden_direct_cautious,step_event_week_005_excursion_garden_direct_cautious,0,speaker_narrator,아벨리아는 담쟁이 벽 앞에 서서 한참 움직이지 않았다.
event_week_005_excursion_garden_direct_cautious,step_event_week_005_excursion_garden_direct_cautious,1,speaker_narrator,해가 기울며 붉은 잎 위로 아벨리아의 그림자가 길게 드리웠다.
event_week_005_excursion_garden_direct_cautious,step_event_week_005_excursion_garden_direct_cautious,2,speaker_gardener_2,아가씨?
event_week_005_excursion_garden_direct_cautious,step_event_week_005_excursion_garden_direct_cautious,3,speaker_abelia,잠깐만요.
event_week_005_excursion_garden_direct_cautious,step_event_week_005_excursion_garden_direct_cautious,4,speaker_narrator,아벨리아는 고개를 약간 기울였다. 마치 거울을 보듯이.
event_week_005_excursion_garden_direct_cautious,step_event_week_005_excursion_garden_direct_cautious,5,speaker_abelia,"단테, 나 작년이랑 달라 보여요?"
event_week_005_excursion_garden_direct_cautious,step_event_week_005_excursion_garden_direct_cautious,6,speaker_gardener_2,…글쎄요.
event_week_005_excursion_garden_direct_cautious,step_event_week_005_excursion_garden_direct_cautious,7,speaker_abelia,사람들이 자꾸 그런 말을 해요. 컸다고. 많이 변했다고.
event_week_005_excursion_garden_direct_cautious,step_event_week_005_excursion_garden_direct_cautious,8,speaker_gardener_2,자라시는 거지요.
event_week_005_excursion_garden_direct_cautious,step_event_week_005_excursion_garden_direct_cautious,9,speaker_abelia,근데 나는 잘 모르겠어요. 아직 그대론데.
event_week_005_excursion_garden_direct_cautious,step_event_week_005_excursion_garden_direct_cautious,10,speaker_narrator,아벨리아는 한 번 더 벽을 봤다. 그리고 조용히 말했다.
event_week_005_excursion_garden_direct_cautious,step_event_week_005_excursion_garden_direct_cautious,11,speaker_abelia,다른 사람들 눈에만 보이는 게 있나 봐요.
event_week_005_excursion_garden_direct_anxious,step_event_week_005_excursion_garden_direct_anxious,0,speaker_narrator,"바람이 한 번 지나가자, 담쟁이 잎이 전부 한 방향으로 뒤집혔다."
event_week_005_excursion_garden_direct_anxious,step_event_week_005_excursion_garden_direct_anxious,1,speaker_abelia,… 단테.
event_week_005_excursion_garden_direct_anxious,step_event_week_005_excursion_garden_direct_anxious,2,speaker_gardener_2,"네, 아가씨."
event_week_005_excursion_garden_direct_anxious,step_event_week_005_excursion_garden_direct_anxious,3,speaker_abelia,"잎이 저렇게 한 번에 뒤집히는 거, 이상하지 않아요?"
event_week_005_excursion_garden_direct_anxious,step_event_week_005_excursion_garden_direct_anxious,4,speaker_gardener_2,바람이 센 날에는 그렇습니다.
event_week_005_excursion_garden_direct_anxious,step_event_week_005_excursion_garden_direct_anxious,5,speaker_abelia,아까까지 안 그랬는데.
event_week_005_excursion_garden_direct_anxious,step_event_week_005_excursion_garden_direct_anxious,6,speaker_gardener_2,바람이 방금 바뀌었나 보지요.
event_week_005_excursion_garden_direct_anxious,step_event_week_005_excursion_garden_direct_anxious,7,speaker_narrator,"아벨리아는 한참을 자리에 서서, 잎이 다시 뒤집히기를 기다렸다."
event_week_005_excursion_garden_blocked,step_event_week_005_excursion_garden_blocked,0,speaker_narrator,"이번 주 내내 아벨리아는 정원에 나가지 못했다. 비서는 ""무도회 예법 수업에 집중해야 하는 시기""라고 말했다."
event_week_005_excursion_garden_blocked,step_event_week_005_excursion_garden_blocked,1,speaker_narrator,아벨리아는 창문 앞에 서서 담쟁이 벽 쪽을 내다봤다. 붉게 물든 잎이 하루가 다르게 떨어지고 있었다.
event_week_005_excursion_garden_blocked,step_event_week_005_excursion_garden_blocked,2,speaker_abelia,다 떨어지겠네.
event_week_005_excursion_garden_blocked,step_event_week_005_excursion_garden_blocked,3,speaker_maid_1,네?
event_week_005_excursion_garden_blocked,step_event_week_005_excursion_garden_blocked,4,speaker_abelia,나가서 보기 전에 다 떨어질 것 같아서.
event_week_005_excursion_garden_blocked,step_event_week_005_excursion_garden_blocked,5,speaker_maid_1,"…내년에도 또 필 거예요, 아가씨."
event_week_005_excursion_garden_blocked,step_event_week_005_excursion_garden_blocked,6,speaker_abelia,내년엔 내가 다를 텐데.
event_week_005_excursion_garden_blocked,step_event_week_005_excursion_garden_blocked,7,speaker_maid_1,…
event_week_006_excursion_garden_direct_default,step_event_week_006_excursion_garden_direct_default,0,speaker_narrator,거울은 어머니가 쓰던 것이라고 했다. 오래돼서 가장자리 금박이 벗겨져 있었다.
event_week_006_excursion_garden_direct_default,step_event_week_006_excursion_garden_direct_default,1,speaker_maid_2,"아가씨, 여기 서주세요. 햇빛이 이쪽이 제일 좋습니다."
event_week_006_excursion_garden_direct_default,step_event_week_006_excursion_garden_direct_default,2,speaker_abelia,왜 방에서 안 해요?
event_week_006_excursion_garden_direct_default,step_event_week_006_excursion_garden_direct_default,3,speaker_maid_2,드레스 색이 자연광 아래서 제일 잘 보인다고 재봉사가 그랬어요.
event_week_006_excursion_garden_direct_default,step_event_week_006_excursion_garden_direct_default,4,speaker_narrator,아벨리아는 거울 앞에 섰다. 드레스 자락이 바람에 아주 살짝 흔들렸다.
event_week_006_excursion_garden_direct_default,step_event_week_006_excursion_garden_direct_default,5,speaker_maid_2,어떠세요.
event_week_006_excursion_garden_direct_default,step_event_week_006_excursion_garden_direct_default,6,speaker_abelia,…이상해요.
event_week_006_excursion_garden_direct_default,step_event_week_006_excursion_garden_direct_default,7,speaker_maid_2,어디가요?
event_week_006_excursion_garden_direct_default,step_event_week_006_excursion_garden_direct_default,8,speaker_abelia,"아니요. 그냥, 내가 아닌 것 같아서."
event_week_006_excursion_garden_direct_default,step_event_week_006_excursion_garden_direct_default,9,speaker_maid_2,"드레스를 입으면 다 그래요, 아가씨."
event_week_006_excursion_garden_direct_default,step_event_week_006_excursion_garden_direct_default,10,speaker_abelia,예쁘네요.
event_week_006_excursion_garden_direct_default,step_event_week_006_excursion_garden_direct_default,11,speaker_narrator,"아벨리아는 거울을 한 번 더 보고, 고개를 끄덕였다."
event_week_006_excursion_garden_direct_clever,step_event_week_006_excursion_garden_direct_clever,0,speaker_narrator,아벨리아는 거울 앞에 서서 자신의 몸을 발끝 부터 머리까지 훑어봤다.
event_week_006_excursion_garden_direct_clever,step_event_week_006_excursion_garden_direct_clever,1,speaker_abelia,메이.
event_week_006_excursion_garden_direct_clever,step_event_week_006_excursion_garden_direct_clever,2,speaker_maid_2,네.
event_week_006_excursion_garden_direct_clever,step_event_week_006_excursion_garden_direct_clever,3,speaker_abelia,"이 드레스, 허리선이 한쪽이 조금 높아요."
event_week_006_excursion_garden_direct_clever,step_event_week_006_excursion_garden_direct_clever,4,speaker_maid_2,네?
event_week_006_excursion_garden_direct_clever,step_event_week_006_excursion_garden_direct_clever,5,speaker_abelia,왼쪽이 오른쪽보다 한 뼘 정도 더 올라가 있어요.
event_week_006_excursion_garden_direct_clever,step_event_week_006_excursion_garden_direct_clever,6,speaker_narrator,메이는 가까이 다가와 드레스를 살폈다. 그리고 작게 숨을 들이마셨다.
event_week_006_excursion_garden_direct_clever,step_event_week_006_excursion_garden_direct_clever,7,speaker_maid_2,정말이네요.
event_week_006_excursion_garden_direct_clever,step_event_week_006_excursion_garden_direct_clever,8,speaker_abelia,재봉사 부를까요?
event_week_006_excursion_garden_direct_clever,step_event_week_006_excursion_garden_direct_clever,9,speaker_maid_2,지금 부르면 다시 손대기엔 시간이 모자릅니다.
event_week_006_excursion_garden_direct_clever,step_event_week_006_excursion_garden_direct_clever,10,speaker_abelia,그럼 저 쪽으로 서면 티가 안 날 거예요.
event_week_006_excursion_garden_direct_clever,step_event_week_006_excursion_garden_direct_clever,11,speaker_maid_2,어느 쪽이요?
event_week_006_excursion_garden_direct_clever,step_event_week_006_excursion_garden_direct_clever,12,speaker_abelia,오른쪽 어깨를 앞으로 반 발짝. 그러면 왼쪽 허리가 가려져요.
event_week_006_excursion_garden_direct_clever,step_event_week_006_excursion_garden_direct_clever,13,speaker_narrator,아벨리아는 직접 자세를 잡아 보였다. 거울 속의 드레스는 감쪽같이 균형 잡혀 보였다.
event_week_006_excursion_garden_direct_clever,step_event_week_006_excursion_garden_direct_clever,14,speaker_maid_2,"아가씨, 언제 이런 걸 다 보시는 거예요."
event_week_006_excursion_garden_direct_clever,step_event_week_006_excursion_garden_direct_clever,15,speaker_abelia,"거울이 있으니까요,  거울은 거짓말을 안 해요."
event_week_006_excursion_garden_direct_defiant,step_event_week_006_excursion_garden_direct_defiant,0,speaker_narrator,아벨리아는 거울 앞에서 팔을 이리저리 움직여 본다.
event_week_006_excursion_garden_direct_defiant,step_event_week_006_excursion_garden_direct_defiant,1,speaker_narrator,드레스 어깨 부분이 팽팽하게 당겨지며 주름이 잡힌다.
event_week_006_excursion_garden_direct_defiant,step_event_week_006_excursion_garden_direct_defiant,2,speaker_abelia,"메이, 재봉사가 치수를 잘못 잰 것 같아요."
event_week_006_excursion_garden_direct_defiant,step_event_week_006_excursion_garden_direct_defiant,3,speaker_maid_2,그럴 리가요. 지난주에 직접 재고 가셨는걸요.
event_week_006_excursion_garden_direct_defiant,step_event_week_006_excursion_garden_direct_defiant,4,speaker_abelia,일주일 만에 제 어깨가 이렇게 넓어질 리 없잖아요.
event_week_006_excursion_garden_direct_defiant,step_event_week_006_excursion_garden_direct_defiant,5,speaker_maid_2,옷이 조금 끼시나요?
event_week_006_excursion_garden_direct_defiant,step_event_week_006_excursion_garden_direct_defiant,6,speaker_abelia,"재봉사가 졸았거나, 제 몸이 아니라 자기가 입고 싶은 대로 만들었나 봐요."
event_week_006_excursion_garden_direct_defiant,step_event_week_006_excursion_garden_direct_defiant,7,speaker_narrator,아벨리아는 거울 속 자신의 어깨선을 손가락으로 짚으며 인상을 찌푸린다.
event_week_006_excursion_garden_direct_defiant,step_event_week_006_excursion_garden_direct_defiant,8,speaker_abelia,다음엔 제가 직접 잰 숫자를 줄 거예요. 그게 훨씬 정확할 테니까.
event_week_006_excursion_garden_blocked,step_event_week_006_excursion_garden_blocked,0,speaker_narrator,정원으로 나가려던 아벨리아가 방으로 돌아온다. 비서가 문 앞을 막아서고 있다.
event_week_006_excursion_garden_blocked,step_event_week_006_excursion_garden_blocked,1,speaker_abelia,바람이 하나도 안 부는데 왜 취소된 거예요?
event_week_006_excursion_garden_blocked,step_event_week_006_excursion_garden_blocked,2,speaker_secretary,갑자기 결정된 사항입니다. 아가씨께서는 방에서 가봉을 마치시면 됩니다.
event_week_006_excursion_garden_blocked,step_event_week_006_excursion_garden_blocked,3,speaker_abelia,말도 안 돼요. 누구 마음대로 제 일정을 마음대로 바꾸는 거죠?
event_week_006_excursion_garden_blocked,step_event_week_006_excursion_garden_blocked,4,speaker_secretary,...안전을 위한 지시입니다. 따라 주십시오.
event_week_006_excursion_garden_blocked,step_event_week_006_excursion_garden_blocked,5,speaker_abelia,정원에 무슨 일 있죠? 저한테 숨기는 게 없으면 이렇게 갑자기 막을 리 없잖아요.
event_week_006_excursion_garden_blocked,step_event_week_006_excursion_garden_blocked,6,speaker_narrator,"아벨리아는 대답 없는 비서를 노려보며, 드레스 자락을 꽉 움켜쥐었다."
event_week_007_excursion_garden_direct_default,step_event_week_007_excursion_garden_direct_default,0,speaker_narrator,장미 화단에 피지 않은 꽃봉오리들이 줄을 지어 서 있었다.
event_week_007_excursion_garden_direct_default,step_event_week_007_excursion_garden_direct_default,1,speaker_abelia,봉오리가 많네요.
event_week_007_excursion_garden_direct_default,step_event_week_007_excursion_garden_direct_default,2,speaker_gardener_2,한두 주 안에는 필 겁니다.
event_week_007_excursion_garden_direct_default,step_event_week_007_excursion_garden_direct_default,3,speaker_abelia,그렇겠죠. 천천히 피겠죠.
event_week_007_excursion_garden_direct_default,step_event_week_007_excursion_garden_direct_default,4,speaker_narrator,"아벨리아는 봉오리 하나 앞에 서서, 꽃잎이 살짝 벌어진 끝부분을 가만히 들여다봤다."
event_week_007_excursion_garden_direct_stable,step_event_week_007_excursion_garden_direct_stable,0,speaker_narrator,아벨리아는 봉오리 앞에 한참을 앉아 있었다.
event_week_007_excursion_garden_direct_stable,step_event_week_007_excursion_garden_direct_stable,1,speaker_abelia,단테. 어머니는 어떤 장미를 좋아하셨어요?
event_week_007_excursion_garden_direct_stable,step_event_week_007_excursion_garden_direct_stable,2,speaker_gardener_2,"흰 장미를 좋아하셨습니다. 피기 전엔 노랗다가, 필 때 희어지거든요."
event_week_007_excursion_garden_direct_stable,step_event_week_007_excursion_garden_direct_stable,3,speaker_gardener_2,마님은 그 변하는 걸 좋아하셨습니다.
event_week_007_excursion_garden_direct_stable,step_event_week_007_excursion_garden_direct_stable,4,speaker_abelia,...
event_week_007_excursion_garden_direct_stable,step_event_week_007_excursion_garden_direct_stable,5,speaker_narrator,아벨리아는 가장 가까운 봉오리에 손가락을 가만히 가져다 댔다.
event_week_007_excursion_garden_direct_stable,step_event_week_007_excursion_garden_direct_stable,6,speaker_narrator,봉오리 끝이 아주 옅은 노란빛이었다.
event_week_007_excursion_garden_direct_stable,step_event_week_007_excursion_garden_direct_stable,7,speaker_abelia,"그러면, 지금 이 시간도 어머니가 좋아하셨겠네요."
event_week_007_excursion_garden_direct_stable,step_event_week_007_excursion_garden_direct_stable,8,speaker_narrator,"아벨리아는 봉오리에서 손을 거두지 않은 채, 한참 동안 그 자리에 앉아 있었다."
event_week_007_excursion_garden_direct_cautious,step_event_week_007_excursion_garden_direct_cautious,0,speaker_narrator,"아벨리아는 봉오리를 손으로 만지지 않고, 앞에 서서 눈으로 훑었다."
event_week_007_excursion_garden_direct_cautious,step_event_week_007_excursion_garden_direct_cautious,1,speaker_abelia,"단테, 이거 몇 송이에요?"
event_week_007_excursion_garden_direct_cautious,step_event_week_007_excursion_garden_direct_cautious,2,speaker_gardener_2,"스물셋이었나, 스물넷이었나…"
event_week_007_excursion_garden_direct_cautious,step_event_week_007_excursion_garden_direct_cautious,3,speaker_abelia,스물셋이에요.
event_week_007_excursion_garden_direct_cautious,step_event_week_007_excursion_garden_direct_cautious,4,speaker_gardener_2,세셨습니까?
event_week_007_excursion_garden_direct_cautious,step_event_week_007_excursion_garden_direct_cautious,5,speaker_abelia,"네, 한 송이가 다른 애들보다 작네요."
event_week_007_excursion_garden_direct_cautious,step_event_week_007_excursion_garden_direct_cautious,6,speaker_gardener_2,"맨 끝 줄, 왼쪽에서 네 번째요?"
event_week_007_excursion_garden_direct_cautious,step_event_week_007_excursion_garden_direct_cautious,7,speaker_abelia,네.
event_week_007_excursion_garden_direct_cautious,step_event_week_007_excursion_garden_direct_cautious,8,speaker_gardener_2,그 녀석은 좀 늦게 심었습니다.
event_week_007_excursion_garden_direct_cautious,step_event_week_007_excursion_garden_direct_cautious,9,speaker_abelia,…그래서 늦는 거네요.
event_week_007_excursion_garden_direct_cautious,step_event_week_007_excursion_garden_direct_cautious,10,speaker_gardener_2,"그래도 핍니다, 아가씨. 조금 늦을 뿐이에요."
event_week_007_excursion_garden_direct_cautious,step_event_week_007_excursion_garden_direct_cautious,11,speaker_narrator,아벨리아는 그 작은 봉오리를 오래 바라봤다.
event_week_007_excursion_garden_direct_cautious,step_event_week_007_excursion_garden_direct_cautious,12,speaker_abelia,기다릴게요.
event_week_007_excursion_garden_blocked,step_event_week_007_excursion_garden_blocked,0,speaker_narrator,화단으로 들어가는 입구 한쪽에 작은 표지판이 놓여 있었다.
event_week_007_excursion_garden_blocked,step_event_week_007_excursion_garden_blocked,1,speaker_narrator,'꽃이 피기 전까지 출입을 삼가주십시오.'
event_week_007_excursion_garden_blocked,step_event_week_007_excursion_garden_blocked,2,speaker_narrator,아벨리아는 표지판 앞에 잠시 섰다. 멀리 봉오리들이 줄지어 보였다.
event_week_007_excursion_garden_blocked,step_event_week_007_excursion_garden_blocked,3,speaker_abelia,...아직인가 보네.
event_week_007_excursion_garden_blocked,step_event_week_007_excursion_garden_blocked,4,speaker_narrator,"아벨리아는 표지판 옆에서 한두 걸음 더 다가가지 않고, 그 자리에서 화단을 한 번 둘러봤다."
event_week_007_excursion_garden_blocked,step_event_week_007_excursion_garden_blocked,5,speaker_abelia,...핀 다음에 다시 와야지.
event_week_007_excursion_garden_blocked,step_event_week_007_excursion_garden_blocked,6,speaker_narrator,아벨리아는 가지런한 걸음으로 화단 입구에서 물러났다.
event_week_008_excursion_garden_direct_default,step_event_week_008_excursion_garden_direct_default,0,speaker_narrator,새장은 비어 있었다. 문이 바람에 덜컹거리고 있었다.
event_week_008_excursion_garden_direct_default,step_event_week_008_excursion_garden_direct_default,1,speaker_abelia,"안에, 새가 있었어요?"
event_week_008_excursion_garden_direct_default,step_event_week_008_excursion_garden_direct_default,2,speaker_worker_2,마님께서 기르시던 새가 있었습니다. 오래전 일이지만요.
event_week_008_excursion_garden_direct_default,step_event_week_008_excursion_garden_direct_default,3,speaker_abelia,...그렇군요.
event_week_008_excursion_garden_direct_default,step_event_week_008_excursion_garden_direct_default,4,speaker_narrator,휴고는 한 걸음 떨어진 곳에 서 있었다. 아벨리아는 새장 앞에 그대로 멈춰 있었다. 문은 계속 덜컹거렸지만 닫지 않았다.
event_week_008_excursion_garden_direct_default,step_event_week_008_excursion_garden_direct_default,5,speaker_narrator,한참 뒤에야 아벨리아는 등을 돌렸다.
event_week_008_excursion_garden_direct_curious,step_event_week_008_excursion_garden_direct_curious,0,speaker_narrator,"새장은 비어 있었다. 바닥, 오래된 먼지 위에 작은 회색 깃털 하나가 놓여 있었다."
event_week_008_excursion_garden_direct_curious,step_event_week_008_excursion_garden_direct_curious,1,speaker_abelia,"이 새장, 안에 새가 있었어요?"
event_week_008_excursion_garden_direct_curious,step_event_week_008_excursion_garden_direct_curious,2,speaker_worker_2,"오래전 마님께서 기르시던 새가 있었지만, 마님이 돌아가신 뒤 얼마 안 가 죽었다고 들었습니다."
event_week_008_excursion_garden_direct_curious,step_event_week_008_excursion_garden_direct_curious,3,speaker_narrator,아벨리아는 깃털을 손끝으로 조심스럽게 집어 올렸다. 깃대 끝이 아직 깨끗했다.
event_week_008_excursion_garden_direct_curious,step_event_week_008_excursion_garden_direct_curious,4,speaker_abelia,그런데 이건 그렇게 오래된 것 같지 않은데요.
event_week_008_excursion_garden_direct_curious,step_event_week_008_excursion_garden_direct_curious,5,speaker_worker_2,...그러게요.
event_week_008_excursion_garden_direct_curious,step_event_week_008_excursion_garden_direct_curious,6,speaker_abelia,다른 새가 다녀간 거예요?
event_week_008_excursion_garden_direct_curious,step_event_week_008_excursion_garden_direct_curious,7,speaker_worker_2,글쎄요. 저도 처음 봅니다.
event_week_008_excursion_garden_direct_curious,step_event_week_008_excursion_garden_direct_curious,8,speaker_narrator,"아벨리아는 깃털을 손바닥에 가만히 올려놓고, 빈 새장 안을 다시 들여다봤다."
event_week_008_excursion_garden_direct_anxious,step_event_week_008_excursion_garden_direct_anxious,0,speaker_narrator,"새장은 바람에 한 번, 또 한 번 흔들렸다."
event_week_008_excursion_garden_direct_anxious,step_event_week_008_excursion_garden_direct_anxious,1,speaker_narrator,"아벨리아는 새장 가까이로 다가갔다. 경첩에는 녹이 두껍게 앉았고, 받침대는 풀에 반쯤 묻혀 있었다."
event_week_008_excursion_garden_direct_anxious,step_event_week_008_excursion_garden_direct_anxious,2,speaker_abelia,"이거, 한참 손도 안 댄 것 같은데요."
event_week_008_excursion_garden_direct_anxious,step_event_week_008_excursion_garden_direct_anxious,3,speaker_worker_2,정원 끝쪽이라 사람 손이 잘 닿지 않습니다.
event_week_008_excursion_garden_direct_anxious,step_event_week_008_excursion_garden_direct_anxious,4,speaker_abelia,한두 해 일이 아니네요.
event_week_008_excursion_garden_direct_anxious,step_event_week_008_excursion_garden_direct_anxious,5,speaker_narrator,아벨리아는 받침대 주변의 풀을 손끝으로 헤쳐 보았다. 받침 다리는 뿌리에 휘감겨 있었다.
event_week_008_excursion_garden_direct_anxious,step_event_week_008_excursion_garden_direct_anxious,6,speaker_abelia,"누군가 일부러 둔 게 아니라, 그냥 잊혔던 거였어요."
event_week_008_excursion_garden_direct_anxious,step_event_week_008_excursion_garden_direct_anxious,7,speaker_narrator,바람이 다시 불었다. 문이 또 흔들렸다. 아벨리아는 닫지 않았다.
event_week_008_excursion_garden_blocked,step_event_week_008_excursion_garden_blocked,0,speaker_narrator,창밖에서 새장 문이 덜컹거리는 소리가 들렸다. 일정한 간격이었다.
event_week_008_excursion_garden_blocked,step_event_week_008_excursion_garden_blocked,1,speaker_maid,소리가 거슬리시면 닫아둘까요?
event_week_008_excursion_garden_blocked,step_event_week_008_excursion_garden_blocked,2,speaker_abelia,"아니요, 괜찮아요. 바람 소리잖아요."
event_week_008_excursion_garden_blocked,step_event_week_008_excursion_garden_blocked,3,speaker_narrator,마리는 따뜻한 차를 책상 위에 올려두고 나갔다.
event_week_008_excursion_garden_blocked,step_event_week_008_excursion_garden_blocked,4,speaker_narrator,"아벨리아는 책장에서 책 한 권을 꺼내 자리에 앉았다. 창문은 그대로 열려 있었고, 새장 소리도 그대로 들렸다."
event_week_008_excursion_garden_blocked,step_event_week_008_excursion_garden_blocked,5,speaker_abelia,안에 있으면 다 들려도 괜찮네요.
event_week_009_excursion_garden_direct_default,step_event_week_009_excursion_garden_direct_default,0,speaker_narrator,서약대는 크레이프 머틀 바로 아래에 세워져 있었다. 잎 사이로 든 햇살이 단상 위에 얇게 깔렸다.
event_week_009_excursion_garden_direct_default,step_event_week_009_excursion_garden_direct_default,1,speaker_narrator,"아벨리아는 단상 앞에 서서, 의식의 순서를 처음부터 다시 한 번 떠올렸다. 첫 절은 가운데로, 손은 단상 위에, 시선은 정면."
event_week_009_excursion_garden_direct_default,step_event_week_009_excursion_garden_direct_default,2,speaker_abelia,...됐어.
event_week_009_excursion_garden_direct_default,step_event_week_009_excursion_garden_direct_default,3,speaker_narrator,아벨리아는 단상 위에 두 손을 가지런히 얹었다.
event_week_009_excursion_garden_direct_stable,step_event_week_009_excursion_garden_direct_stable,0,speaker_narrator,"크레이프 머틀 가지 끝에 꽃 몇 송이가 피어 있었다. 전부는 아니었지만, 몇 송이는 분명히 피었다."
event_week_009_excursion_garden_direct_stable,step_event_week_009_excursion_garden_direct_stable,1,speaker_abelia,단테.
event_week_009_excursion_garden_direct_stable,step_event_week_009_excursion_garden_direct_stable,2,speaker_gardener_2,"네, 아가씨."
event_week_009_excursion_garden_direct_stable,step_event_week_009_excursion_garden_direct_stable,3,speaker_abelia,"안 폈던 게 아니라, 12년이 필요했던 거네요."
event_week_009_excursion_garden_direct_stable,step_event_week_009_excursion_garden_direct_stable,4,speaker_narrator,"아벨리아는 가지 끝에서 뿌리 쪽으로 천천히 시선을 내렸다. 매년 같은 자리에서 봐온 나무였지만, 오늘에야 전체가 보였다."
event_week_009_excursion_garden_direct_stable,step_event_week_009_excursion_garden_direct_stable,5,speaker_abelia,쉬고 있다는 게 이런 거구나.
event_week_009_excursion_garden_direct_cautious,step_event_week_009_excursion_garden_direct_cautious,0,speaker_narrator,서약대 위에 맹세문이 놓여 있었다. 아벨리아는 단상 앞에 서서 첫 줄부터 천천히 눈으로 따라갔다.
event_week_009_excursion_garden_direct_cautious,step_event_week_009_excursion_garden_direct_cautious,1,speaker_narrator,"한 번 다 읽은 뒤, 아벨리아는 처음으로 돌아가 다시 한 줄씩 짚어 내려갔다."
event_week_009_excursion_garden_direct_cautious,step_event_week_009_excursion_garden_direct_cautious,2,speaker_abelia,...단테.
event_week_009_excursion_garden_direct_cautious,step_event_week_009_excursion_garden_direct_cautious,3,speaker_gardener_2,"네, 아가씨."
event_week_009_excursion_garden_direct_cautious,step_event_week_009_excursion_garden_direct_cautious,4,speaker_abelia,한 단어도 빠뜨리고 싶지 않아서요.
event_week_009_excursion_garden_direct_cautious,step_event_week_009_excursion_garden_direct_cautious,5,speaker_narrator,손끝은 단상 모서리에 가지런히 닿아 있었다.
event_week_009_excursion_garden_blocked,step_event_week_009_excursion_garden_blocked,0,speaker_narrator,비서가 의식 전에는 정원에 나갈 수 없다고 알려왔다.
event_week_009_excursion_garden_blocked,step_event_week_009_excursion_garden_blocked,1,speaker_secretary,"예복이 상할 수 있고, 손님들도 이미 도착하고 계십니다."
event_week_009_excursion_garden_blocked,step_event_week_009_excursion_garden_blocked,2,speaker_abelia,알겠어요.
event_week_009_excursion_garden_blocked,step_event_week_009_excursion_garden_blocked,3,speaker_narrator,"아벨리아는 거울 앞으로 돌아와, 예복의 매무새를 어깨부터 단까지 천천히 확인했다."
event_week_009_excursion_garden_blocked,step_event_week_009_excursion_garden_blocked,4,speaker_abelia,"메이, 순서 한 번만 더 짚어줄래요?"
event_week_009_excursion_garden_blocked,step_event_week_009_excursion_garden_blocked,5,speaker_narrator,"메이가 의식 순서를 처음부터 읽어 내려가는 동안, 아벨리아는 한 단계씩 따라가며 고개를 끄덕였다."
event_week_001_excursion_basement_direct_default,step_event_week_001_excursion_basement_direct_default,0,speaker_abelia,여기는 왜 이렇게 더러워?
event_week_001_excursion_basement_direct_default,step_event_week_001_excursion_basement_direct_default,1,speaker_maid,"오래 쓰지 않은 곳이라 그렇습니다, 아가씨."
event_week_001_excursion_basement_direct_default,step_event_week_001_excursion_basement_direct_default,2,speaker_narrator,아벨리아가 재채기한다.
event_week_001_excursion_basement_direct_default,step_event_week_001_excursion_basement_direct_default,3,speaker_abelia,코가 너무 간지러워. 나 나갈래.
event_week_001_excursion_basement_direct_default,step_event_week_001_excursion_basement_direct_default,4,speaker_maid,다음에 오실 때는 미리 청소해 두겠습니다.
event_week_001_excursion_basement_direct_default,step_event_week_001_excursion_basement_direct_default,5,speaker_narrator,아벨리아가 코를 비비며 도망간다.
event_week_001_excursion_basement_blocked,step_event_week_001_excursion_basement_blocked,0,speaker_narrator,지하실 문은 열리지 않았다.
event_week_001_excursion_basement_blocked,step_event_week_001_excursion_basement_blocked,1,speaker_abelia,왜 잠가뒀어?
event_week_001_excursion_basement_blocked,step_event_week_001_excursion_basement_blocked,2,speaker_maid,안쪽이 아직 정리되지 않았습니다.
event_week_001_excursion_basement_blocked,step_event_week_001_excursion_basement_blocked,3,speaker_abelia,나 들어갈래. 열어줘.
event_week_001_excursion_basement_blocked,step_event_week_001_excursion_basement_blocked,4,speaker_maid,먼지가 많아 아가씨께 좋지 않습니다.
event_week_001_excursion_basement_blocked,step_event_week_001_excursion_basement_blocked,5,speaker_maid,청소 후에 다시 와주세요.
event_week_001_excursion_basement_blocked,step_event_week_001_excursion_basement_blocked,6,speaker_abelia,"싫어, 들어갈래!"
event_week_001_excursion_basement_blocked,step_event_week_001_excursion_basement_blocked,7,speaker_maid,안 됩니다.
event_week_002_excursion_basement_direct_default,step_event_week_002_excursion_basement_direct_default,0,speaker_narrator,선반 뒤에서 부스럭거리는 소리가 났다.
event_week_002_excursion_basement_direct_default,step_event_week_002_excursion_basement_direct_default,1,speaker_abelia,꺅! 뭐야!
event_week_002_excursion_basement_direct_default,step_event_week_002_excursion_basement_direct_default,2,speaker_maid,"괜찮으세요, 아가씨?"
event_week_002_excursion_basement_direct_default,step_event_week_002_excursion_basement_direct_default,3,speaker_abelia,여기에 뭔가 있나봐.
event_week_002_excursion_basement_direct_default,step_event_week_002_excursion_basement_direct_default,4,speaker_maid,어두운 곳은 항상 조심하셔야 합니다.
event_week_002_excursion_basement_direct_default,step_event_week_002_excursion_basement_direct_default,5,speaker_abelia,지하실은 무서운 곳이구나...
event_week_002_excursion_basement_direct_curious,step_event_week_002_excursion_basement_direct_curious,0,speaker_narrator,선반 뒤에서 부스럭거리는 소리가 났다.
event_week_002_excursion_basement_direct_curious,step_event_week_002_excursion_basement_direct_curious,1,speaker_abelia,저기서 난 것 같은데?
event_week_002_excursion_basement_direct_curious,step_event_week_002_excursion_basement_direct_curious,2,speaker_maid,제가 확인해보겠습니다
event_week_002_excursion_basement_direct_curious,step_event_week_002_excursion_basement_direct_curious,3,speaker_abelia,"아니, 나도 볼래."
event_week_002_excursion_basement_direct_curious,step_event_week_002_excursion_basement_direct_curious,4,speaker_maid,아가씨.
event_week_002_excursion_basement_direct_curious,step_event_week_002_excursion_basement_direct_curious,5,speaker_abelia,나도 보고 싶어.
event_week_002_excursion_basement_direct_curious,step_event_week_002_excursion_basement_direct_curious,6,speaker_narrator,마리가 한 숨을 내쉰다.
event_week_002_excursion_basement_direct_curious,step_event_week_002_excursion_basement_direct_curious,7,speaker_maid,그럼 뒤에 꼭 붙어서 와주세요.
event_week_002_excursion_basement_direct_curious,step_event_week_002_excursion_basement_direct_curious,8,speaker_narrator,아벨리아가 숨을 죽이고 마리를 따라 들어간다.
event_week_002_excursion_basement_direct_cautious,step_event_week_002_excursion_basement_direct_cautious,0,speaker_narrator,선반 뒤에서 부스럭거리는 소리가 났다.
event_week_002_excursion_basement_direct_cautious,step_event_week_002_excursion_basement_direct_cautious,1,speaker_abelia,"쥐일까? 마리, 먼저 봐줘."
event_week_002_excursion_basement_direct_cautious,step_event_week_002_excursion_basement_direct_cautious,2,speaker_maid,"알겠습니다, 아가씨. 물러나 계세요."
event_week_002_excursion_basement_direct_cautious,step_event_week_002_excursion_basement_direct_cautious,3,speaker_narrator,아벨리아가 소리의 근원지에서 멀찍이 떨어진다.
event_week_002_excursion_basement_direct_cautious,step_event_week_002_excursion_basement_direct_cautious,4,speaker_abelia,뭐가 있어..?
event_week_002_excursion_basement_direct_cautious,step_event_week_002_excursion_basement_direct_cautious,5,speaker_maid,아무것도 없네요. 걱정마세요.
event_week_002_excursion_basement_direct_cautious,step_event_week_002_excursion_basement_direct_cautious,6,speaker_abelia,"휴, 다행이다..."
event_week_002_excursion_basement_direct_cautious,step_event_week_002_excursion_basement_direct_cautious,7,speaker_abelia,"쥐는 조금 무서우니까, 이젠 괜찮아!"
event_week_002_excursion_basement_blocked,step_event_week_002_excursion_basement_blocked,0,speaker_narrator,지하실 입구 앞에 청소 도구가 세워져 있었다.
event_week_002_excursion_basement_blocked,step_event_week_002_excursion_basement_blocked,1,speaker_abelia,오늘은 왜 못 가?
event_week_002_excursion_basement_blocked,step_event_week_002_excursion_basement_blocked,2,speaker_maid,안쪽에서 쥐들을 봤다는 말이 있습니다.
event_week_002_excursion_basement_blocked,step_event_week_002_excursion_basement_blocked,3,speaker_abelia,쥐?
event_week_002_excursion_basement_blocked,step_event_week_002_excursion_basement_blocked,4,speaker_maid,아닐 수도 있습니다.
event_week_002_excursion_basement_blocked,step_event_week_002_excursion_basement_blocked,5,speaker_abelia,"뭐야, 그럼 들어가게 해줘."
event_week_002_excursion_basement_blocked,step_event_week_002_excursion_basement_blocked,6,speaker_maid,쥐보다 더 무서운 게 있을 수도 있는데요?
event_week_002_excursion_basement_blocked,step_event_week_002_excursion_basement_blocked,7,speaker_abelia,더 무서운 거..?
event_week_002_excursion_basement_blocked,step_event_week_002_excursion_basement_blocked,8,speaker_narrator,아벨리아는 문 아래쪽을 오래 바라보았다.
event_week_003_excursion_basement_direct_default,step_event_week_003_excursion_basement_direct_default,0,speaker_narrator,먼지가 가득한 상자들이 높이 쌓여 있다.
event_week_003_excursion_basement_direct_default,step_event_week_003_excursion_basement_direct_default,1,speaker_abelia,이 상자들은 언제부터 여기 있었던 거야?
event_week_003_excursion_basement_direct_default,step_event_week_003_excursion_basement_direct_default,2,speaker_maid,아마 전대 백작님보다도 이전에 옮겨둔 것 같습니다.
event_week_003_excursion_basement_direct_default,step_event_week_003_excursion_basement_direct_default,3,speaker_abelia,뭐가 들었는지 모르겠네.
event_week_003_excursion_basement_direct_default,step_event_week_003_excursion_basement_direct_default,4,speaker_maid,열어보지 않으면 모릅니다.
event_week_003_excursion_basement_direct_default,step_event_week_003_excursion_basement_direct_default,5,speaker_abelia,내가 열어봐도 돼?
event_week_003_excursion_basement_direct_default,step_event_week_003_excursion_basement_direct_default,6,speaker_maid,상자에서 위험한 게 나올 수도 있습니다.
event_week_003_excursion_basement_direct_default,step_event_week_003_excursion_basement_direct_default,7,speaker_narrator,아벨리아가 잠시 망설인 후 입을 열었다.
event_week_003_excursion_basement_direct_default,step_event_week_003_excursion_basement_direct_default,8,speaker_abelia,궁금하지만...다음에 열어볼게.
event_week_003_excursion_basement_direct_curious,step_event_week_003_excursion_basement_direct_curious,0,speaker_narrator,먼지가 가득한 상자들이 높이 쌓여 있다.
event_week_003_excursion_basement_direct_curious,step_event_week_003_excursion_basement_direct_curious,1,speaker_narrator,아벨리아는 가장 아래쪽의 작은 상자를 가리켰다.
event_week_003_excursion_basement_direct_curious,step_event_week_003_excursion_basement_direct_curious,2,speaker_abelia,저거 먼저 열어보자.
event_week_003_excursion_basement_direct_curious,step_event_week_003_excursion_basement_direct_curious,3,speaker_maid,왜 저 상자입니까?
event_week_003_excursion_basement_direct_curious,step_event_week_003_excursion_basement_direct_curious,4,speaker_abelia,제일 아래 있잖아. 엄청 오래 됐을 거 아냐.
event_week_003_excursion_basement_direct_curious,step_event_week_003_excursion_basement_direct_curious,5,speaker_abelia,"마리, 꺼내줘!"
event_week_003_excursion_basement_direct_curious,step_event_week_003_excursion_basement_direct_curious,6,speaker_narrator,마리가 조심스럽게 상자를 꺼내 먼지를 턴다.
event_week_003_excursion_basement_direct_curious,step_event_week_003_excursion_basement_direct_curious,7,speaker_abelia,정말 엄청난 게 들어있겠지?
event_week_003_excursion_basement_direct_curious,step_event_week_003_excursion_basement_direct_curious,8,speaker_maid,저도 궁금하네요. 얼른 열어보시지요.
event_week_003_excursion_basement_direct_curious,step_event_week_003_excursion_basement_direct_curious,9,speaker_abelia,이것은! 2000년의 역사를 가진 우리 위대한 벨라리우스 가문에 대대로 내려온다는 정말 굉장하고 엄청난...
event_week_003_excursion_basement_direct_curious,step_event_week_003_excursion_basement_direct_curious,10,speaker_maid,그냥 오래된 단추와 끈 뭉치네요.
event_week_003_excursion_basement_direct_curious,step_event_week_003_excursion_basement_direct_curious,11,speaker_abelia,그 정도는 나도 알아.
event_week_003_excursion_basement_direct_curious,step_event_week_003_excursion_basement_direct_curious,12,speaker_narrator,아벨리아가 아쉽다는 표정으로 지하실을 나간다.
event_week_003_excursion_basement_direct_anxious,step_event_week_003_excursion_basement_direct_anxious,0,speaker_narrator,높게 쌓인 상자들이 조금 기울어 보였다.
event_week_003_excursion_basement_direct_anxious,step_event_week_003_excursion_basement_direct_anxious,1,speaker_maid,"아가씨, 상자가 무너질 수 있으니 조심하세요."
event_week_003_excursion_basement_direct_anxious,step_event_week_003_excursion_basement_direct_anxious,2,speaker_abelia,"알았어, 조심할게."
event_week_003_excursion_basement_direct_anxious,step_event_week_003_excursion_basement_direct_anxious,3,speaker_abelia,아야!
event_week_003_excursion_basement_direct_anxious,step_event_week_003_excursion_basement_direct_anxious,4,speaker_narrator,아벨리아가 상자 더미와 부딪히면서 상자들이 무너지기 시작한다.
event_week_003_excursion_basement_direct_anxious,step_event_week_003_excursion_basement_direct_anxious,5,speaker_abelia,으악!
event_week_003_excursion_basement_direct_anxious,step_event_week_003_excursion_basement_direct_anxious,6,speaker_narrator,마리가 아벨리아를 확 채며 위기를 모면한다.
event_week_003_excursion_basement_direct_anxious,step_event_week_003_excursion_basement_direct_anxious,7,speaker_abelia,"고마워, 마리..."
event_week_003_excursion_basement_direct_anxious,step_event_week_003_excursion_basement_direct_anxious,8,speaker_maid,조심하라고 말씀드리지 않았습니까.
event_week_003_excursion_basement_direct_anxious,step_event_week_003_excursion_basement_direct_anxious,9,speaker_abelia,미안해...다음부터는 말 잘 들을게.
event_week_003_excursion_basement_blocked,step_event_week_003_excursion_basement_blocked,0,speaker_narrator,지하실 문 앞에는 정리 중이라는 팻말이 걸려 있었다.
event_week_003_excursion_basement_blocked,step_event_week_003_excursion_basement_blocked,1,speaker_abelia,뭐야! 오늘 지하실 탐험하고 싶었단 말이야.
event_week_003_excursion_basement_blocked,step_event_week_003_excursion_basement_blocked,2,speaker_maid,안쪽 상자들이 불안정하게 쌓여 있습니다.
event_week_003_excursion_basement_blocked,step_event_week_003_excursion_basement_blocked,3,speaker_abelia,내가 건드리지 않으면 되잖아.
event_week_003_excursion_basement_blocked,step_event_week_003_excursion_basement_blocked,4,speaker_maid,그래도 위험합니다.
event_week_003_excursion_basement_blocked,step_event_week_003_excursion_basement_blocked,5,speaker_abelia,맨날 위험하대.
event_week_003_excursion_basement_blocked,step_event_week_003_excursion_basement_blocked,6,speaker_maid,아가씨를 생각해서입니다.
event_week_003_excursion_basement_blocked,step_event_week_003_excursion_basement_blocked,7,speaker_abelia,"흥, 마리 말이니까 듣는 거야."
event_week_003_excursion_basement_blocked,step_event_week_003_excursion_basement_blocked,8,speaker_abelia,다치고 싶지도 않고.
event_week_003_excursion_basement_blocked,step_event_week_003_excursion_basement_blocked,9,speaker_narrator,아벨리아는 팻말을 못마땅하게 바라보았다.
event_week_004_excursion_basement_direct_default,step_event_week_004_excursion_basement_direct_default,0,speaker_narrator,천 위로 울퉁불퉁한 모양들이 드러나 있었다.
event_week_004_excursion_basement_direct_default,step_event_week_004_excursion_basement_direct_default,1,speaker_abelia,저건 왜 덮어놨어?
event_week_004_excursion_basement_direct_default,step_event_week_004_excursion_basement_direct_default,2,speaker_maid,먼지가 쌓이지 않게 하려는 것 같습니다.
event_week_004_excursion_basement_direct_default,step_event_week_004_excursion_basement_direct_default,3,speaker_abelia,이미 먼지 많은데.
event_week_004_excursion_basement_direct_default,step_event_week_004_excursion_basement_direct_default,4,speaker_maid,더 쌓이지 않게 하는 거지요.
event_week_004_excursion_basement_direct_default,step_event_week_004_excursion_basement_direct_default,5,speaker_abelia,안에 있는 걸 감추려는 건 아니고?
event_week_004_excursion_basement_direct_default,step_event_week_004_excursion_basement_direct_default,6,speaker_abelia,지금이다!
event_week_004_excursion_basement_direct_default,step_event_week_004_excursion_basement_direct_default,7,speaker_narrator,아벨리아가 천을 들어내려 달려든다.
event_week_004_excursion_basement_direct_default,step_event_week_004_excursion_basement_direct_default,8,speaker_maid,"아가씨, 조심하세요!"
event_week_004_excursion_basement_direct_default,step_event_week_004_excursion_basement_direct_default,9,speaker_narrator,쨍그랑!!!!!
event_week_004_excursion_basement_direct_default,step_event_week_004_excursion_basement_direct_default,10,speaker_abelia,"으악 어떡해, 미안해 마리...너무 궁금해서..."
event_week_004_excursion_basement_direct_default,step_event_week_004_excursion_basement_direct_default,11,speaker_maid,"휴, 다치지 않으셨다면 괜찮습니다."
event_week_004_excursion_basement_direct_innocent,step_event_week_004_excursion_basement_direct_innocent,0,speaker_narrator,아벨리아는 천 끝을 살짝 들어 올렸다.
event_week_004_excursion_basement_direct_innocent,step_event_week_004_excursion_basement_direct_innocent,1,speaker_abelia,말 모양이야.
event_week_004_excursion_basement_direct_innocent,step_event_week_004_excursion_basement_direct_innocent,2,speaker_maid,나무로 만든 조각상이에요.
event_week_004_excursion_basement_direct_innocent,step_event_week_004_excursion_basement_direct_innocent,3,speaker_abelia,"우와, 누가 만들었을까?"
event_week_004_excursion_basement_direct_innocent,step_event_week_004_excursion_basement_direct_innocent,4,speaker_maid,아마 전 백작 부인께서 조각하셨을 겁니다.
event_week_004_excursion_basement_direct_innocent,step_event_week_004_excursion_basement_direct_innocent,5,speaker_abelia,엄마가?
event_week_004_excursion_basement_direct_innocent,step_event_week_004_excursion_basement_direct_innocent,6,speaker_abelia,이거 나 가질래. 그래도 되지?
event_week_004_excursion_basement_direct_innocent,step_event_week_004_excursion_basement_direct_innocent,7,speaker_narrator,아벨리아는 나무 말을 소중하게 감싸 안았다.
event_week_004_excursion_basement_direct_cautious,step_event_week_004_excursion_basement_direct_cautious,0,speaker_narrator,아벨리아가 청소 중인 지하실 청소 중인 마리를 보며 말한다.
event_week_004_excursion_basement_direct_cautious,step_event_week_004_excursion_basement_direct_cautious,1,speaker_abelia,천에 먼지가 많네.
event_week_004_excursion_basement_direct_cautious,step_event_week_004_excursion_basement_direct_cautious,2,speaker_abelia,내가 천 터는 거 도와줄게!
event_week_004_excursion_basement_direct_cautious,step_event_week_004_excursion_basement_direct_cautious,3,speaker_maid,"괜찮습니다, 아가씨. 먼지가 많이 날 거에요."
event_week_004_excursion_basement_direct_cautious,step_event_week_004_excursion_basement_direct_cautious,4,speaker_abelia,"아니야, 같이 하면 빨리 끝나잖아."
event_week_004_excursion_basement_direct_cautious,step_event_week_004_excursion_basement_direct_cautious,5,speaker_narrator,아벨리아가 천에 감싸져 있던 물건을 천천히 내려놓으며 말한다.
event_week_004_excursion_basement_direct_cautious,step_event_week_004_excursion_basement_direct_cautious,6,speaker_maid,그래주시면 감사하죠.
event_week_004_excursion_basement_direct_cautious,step_event_week_004_excursion_basement_direct_cautious,7,speaker_abelia,"그럼, 나를 따라 청소를 시작하자 마리!"
event_week_004_excursion_basement_direct_cautious,step_event_week_004_excursion_basement_direct_cautious,8,speaker_maid,"좋습니다, 아가씨."
event_week_004_excursion_basement_direct_cautious,step_event_week_004_excursion_basement_direct_cautious,9,speaker_narrator,마리는 뿌듯한 얼굴로 아벨리아를 바라본다.
event_week_004_excursion_basement_blocked,step_event_week_004_excursion_basement_blocked,0,speaker_narrator,문 안쪽에는 무언가를 옮기는 소리가 희미하게 들렸다.
event_week_004_excursion_basement_blocked,step_event_week_004_excursion_basement_blocked,1,speaker_abelia,안에서 뭐 해?
event_week_004_excursion_basement_blocked,step_event_week_004_excursion_basement_blocked,2,speaker_maid,오래된 물건들을 정리하는 중입니다.
event_week_004_excursion_basement_blocked,step_event_week_004_excursion_basement_blocked,3,speaker_abelia,나도 볼래.
event_week_004_excursion_basement_blocked,step_event_week_004_excursion_basement_blocked,4,speaker_maid,오늘은 깨지기 쉬운 물건들이 많이 나와있습니다. 위험해요.
event_week_004_excursion_basement_blocked,step_event_week_004_excursion_basement_blocked,5,speaker_abelia,새로운 물건들이잖아! 너무 궁금해!
event_week_004_excursion_basement_blocked,step_event_week_004_excursion_basement_blocked,6,speaker_maid,정리되면 보여드리겠습니다.
event_week_004_excursion_basement_blocked,step_event_week_004_excursion_basement_blocked,7,speaker_abelia,"치, 다음엔 몰래 들어갈 거야."
event_week_004_excursion_basement_blocked,step_event_week_004_excursion_basement_blocked,8,speaker_narrator,아벨리아는 닫힌 문에 귀를 가까이 댔다.
event_week_005_excursion_basement_direct_default,step_event_week_005_excursion_basement_direct_default,0,speaker_narrator,거미줄은 지나가는 사람의 얼굴 높이에 걸려 있었다.
event_week_005_excursion_basement_direct_default,step_event_week_005_excursion_basement_direct_default,1,speaker_abelia,일부러 막아놓은 것 같네요.
event_week_005_excursion_basement_direct_default,step_event_week_005_excursion_basement_direct_default,2,speaker_maid,오래 손대지 않으면 이렇게 됩니다.
event_week_005_excursion_basement_direct_default,step_event_week_005_excursion_basement_direct_default,3,speaker_abelia,아무도 지나가지 않았다는 뜻이기도 하고요.
event_week_005_excursion_basement_direct_default,step_event_week_005_excursion_basement_direct_default,4,speaker_maid,"예, 아가씨."
event_week_005_excursion_basement_direct_default,step_event_week_005_excursion_basement_direct_default,5,speaker_abelia,"지하실은 이상해요. 집 안인데, 집이 아닌 곳 같아요."
event_week_005_excursion_basement_direct_default,step_event_week_005_excursion_basement_direct_default,6,speaker_maid,자주 쓰지 않는 곳이라 그렇습니다.
event_week_005_excursion_basement_direct_default,step_event_week_005_excursion_basement_direct_default,7,speaker_abelia,그래서 더 조심해야겠네요.
event_week_005_excursion_basement_direct_default,step_event_week_005_excursion_basement_direct_default,8,speaker_narrator,아벨리아는 고개를 낮추고 거미줄 아래를 살폈다.
event_week_005_excursion_basement_direct_curious,step_event_week_005_excursion_basement_direct_curious,0,speaker_narrator,거미줄 가운데 작은 거미 한 마리가 가만히 있었다.
event_week_005_excursion_basement_direct_curious,step_event_week_005_excursion_basement_direct_curious,1,speaker_abelia,저기 있네요.
event_week_005_excursion_basement_direct_curious,step_event_week_005_excursion_basement_direct_curious,2,speaker_maid,가까이 가지 않으시는 게 좋겠습니다.
event_week_005_excursion_basement_direct_curious,step_event_week_005_excursion_basement_direct_curious,3,speaker_abelia,만지진 않을 거예요. 그냥 보기만 할게요.
event_week_005_excursion_basement_direct_curious,step_event_week_005_excursion_basement_direct_curious,4,speaker_maid,너무 가까이 가시면 옷이 더러워집니다.
event_week_005_excursion_basement_direct_curious,step_event_week_005_excursion_basement_direct_curious,5,speaker_abelia,더러워지면 어때요.
event_week_005_excursion_basement_direct_curious,step_event_week_005_excursion_basement_direct_curious,6,speaker_narrator,아벨리아는 거미줄을 가까이 보기 위해 몸을 낮췄다.
event_week_005_excursion_basement_direct_anxious,step_event_week_005_excursion_basement_direct_anxious,0,speaker_narrator,거미줄 끝이 아벨리아의 이마 가까이에서 흔들렸다.
event_week_005_excursion_basement_direct_anxious,step_event_week_005_excursion_basement_direct_anxious,1,speaker_abelia,"저거, 자꾸 이쪽으로 오는 것 같아요."
event_week_005_excursion_basement_direct_anxious,step_event_week_005_excursion_basement_direct_anxious,2,speaker_maid,바람 때문입니다.
event_week_005_excursion_basement_direct_anxious,step_event_week_005_excursion_basement_direct_anxious,3,speaker_abelia,알아요. 그런데 알아도 싫은 건 싫네요.
event_week_005_excursion_basement_direct_anxious,step_event_week_005_excursion_basement_direct_anxious,4,speaker_maid,걷어낼까요?
event_week_005_excursion_basement_direct_anxious,step_event_week_005_excursion_basement_direct_anxious,5,speaker_abelia,아니요. 그러다 뭐가 떨어질 수도 있잖아요.
event_week_005_excursion_basement_direct_anxious,step_event_week_005_excursion_basement_direct_anxious,6,speaker_maid,그럼 돌아가시겠습니까?
event_week_005_excursion_basement_direct_anxious,step_event_week_005_excursion_basement_direct_anxious,7,speaker_abelia,네. 오늘은 여기까지 볼래요.
event_week_005_excursion_basement_direct_anxious,step_event_week_005_excursion_basement_direct_anxious,8,speaker_narrator,아벨리아는 목덜미를 문지르며 계단을 올랐다.
event_week_005_excursion_basement_blocked,step_event_week_005_excursion_basement_blocked,0,speaker_narrator,지하실 문틈에서 독한 약 냄새가 새어 나왔다.
event_week_005_excursion_basement_blocked,step_event_week_005_excursion_basement_blocked,1,speaker_abelia,냄새가 심하네요.
event_week_005_excursion_basement_blocked,step_event_week_005_excursion_basement_blocked,2,speaker_maid,벌레가 많아 약을 뿌렸습니다.
event_week_005_excursion_basement_blocked,step_event_week_005_excursion_basement_blocked,3,speaker_abelia,그 정도였어요?
event_week_005_excursion_basement_blocked,step_event_week_005_excursion_basement_blocked,4,speaker_maid,오늘은 들어가지 않으시는 편이 좋습니다.
event_week_005_excursion_basement_blocked,step_event_week_005_excursion_basement_blocked,5,speaker_abelia,그렇게 말하면 안쪽이 더 신경 쓰이는데요.
event_week_005_excursion_basement_blocked,step_event_week_005_excursion_basement_blocked,6,speaker_maid,"죄송합니다, 아가씨."
event_week_005_excursion_basement_blocked,step_event_week_005_excursion_basement_blocked,7,speaker_abelia,됐어요. 내일 와서 확인할 거에요.
event_week_006_excursion_basement_direct_default,step_event_week_006_excursion_basement_direct_default,0,speaker_narrator,손수건 끝에 작은 자수가 거의 지워진 채 남아 있었다.
event_week_006_excursion_basement_direct_default,step_event_week_006_excursion_basement_direct_default,1,speaker_abelia,이건 누구 물건이죠?
event_week_006_excursion_basement_direct_default,step_event_week_006_excursion_basement_direct_default,2,speaker_maid,"부인께서 쓰시던 것 같습니다, 아가씨."
event_week_006_excursion_basement_direct_default,step_event_week_006_excursion_basement_direct_default,3,speaker_abelia,"어머니요, 왜 이런 데 남아 있었을까요."
event_week_006_excursion_basement_direct_default,step_event_week_006_excursion_basement_direct_default,4,speaker_maid,다른 오래된 물건들과 함께 보관된 모양입니다.
event_week_006_excursion_basement_direct_default,step_event_week_006_excursion_basement_direct_default,5,speaker_abelia,보관된 게 아니라 잊힌 거 같아요...
event_week_006_excursion_basement_direct_default,step_event_week_006_excursion_basement_direct_default,6,speaker_narrator,아벨리아는 손수건을 만지지 않고 한참 바라보았다.
event_week_006_excursion_basement_direct_innocent,step_event_week_006_excursion_basement_direct_innocent,0,speaker_narrator,오래된 천에서는 거의 사라진 향이 아주 희미하게 남아 있었다.
event_week_006_excursion_basement_direct_innocent,step_event_week_006_excursion_basement_direct_innocent,1,speaker_abelia,"오래됐는데도, 조금은 남아 있네요."
event_week_006_excursion_basement_direct_innocent,step_event_week_006_excursion_basement_direct_innocent,2,speaker_maid,아주 희미합니다.
event_week_006_excursion_basement_direct_innocent,step_event_week_006_excursion_basement_direct_innocent,3,speaker_abelia,그래도 아예 없는 건 아니잖아요.
event_week_006_excursion_basement_direct_innocent,step_event_week_006_excursion_basement_direct_innocent,4,speaker_maid,예.
event_week_006_excursion_basement_direct_innocent,step_event_week_006_excursion_basement_direct_innocent,5,speaker_abelia,"사람은 없어도, 그 사람이 닿았던 건 남을 수 있네요."
event_week_006_excursion_basement_direct_innocent,step_event_week_006_excursion_basement_direct_innocent,6,speaker_maid,그렇지요.
event_week_006_excursion_basement_direct_innocent,step_event_week_006_excursion_basement_direct_innocent,7,speaker_abelia,그러면 완전히 없어진 건 아니라는 뜻일까요.
event_week_006_excursion_basement_direct_innocent,step_event_week_006_excursion_basement_direct_innocent,8,speaker_maid,아가씨.
event_week_006_excursion_basement_direct_innocent,step_event_week_006_excursion_basement_direct_innocent,9,speaker_abelia,"그냥, 그렇게 생각하면 조금 덜 쓸쓸할 것 같아서요."
event_week_006_excursion_basement_direct_clever,step_event_week_006_excursion_basement_direct_clever,0,speaker_narrator,"손수건은 낡았지만, 접힌 모양은 비교적 흐트러지지 않았다."
event_week_006_excursion_basement_direct_clever,step_event_week_006_excursion_basement_direct_clever,1,speaker_abelia,자수가 있네요.
event_week_006_excursion_basement_direct_clever,step_event_week_006_excursion_basement_direct_clever,2,speaker_maid,예. 꽃무늬인 것 같습니다.
event_week_006_excursion_basement_direct_clever,step_event_week_006_excursion_basement_direct_clever,3,speaker_abelia,"거의 지워졌는데도 남아 있는 걸 보면, 꽤 정성 들여 수놓았나 봐요."
event_week_006_excursion_basement_direct_clever,step_event_week_006_excursion_basement_direct_clever,4,speaker_maid,그럴 수도 있겠습니다.
event_week_006_excursion_basement_direct_clever,step_event_week_006_excursion_basement_direct_clever,5,speaker_abelia,이런 건 함부로 만지면 안 될 것 같아요.
event_week_006_excursion_basement_direct_clever,step_event_week_006_excursion_basement_direct_clever,6,speaker_maid,왜 그러십니까?
event_week_006_excursion_basement_direct_clever,step_event_week_006_excursion_basement_direct_clever,7,speaker_abelia,오래된 실은 한 번 끊어지면 다시 잇기 어렵잖아요. 지금 남아 있는 게 전부일 수도 있으니까요.
event_week_006_excursion_basement_direct_clever,step_event_week_006_excursion_basement_direct_clever,8,speaker_maid,맞는 말씀입니다.
event_week_006_excursion_basement_direct_clever,step_event_week_006_excursion_basement_direct_clever,9,speaker_abelia,보관할 수 있는 천이 있으면 감싸서 넣어두는 게 좋겠어요.
event_week_006_excursion_basement_direct_clever,step_event_week_006_excursion_basement_direct_clever,10,speaker_narrator,"아벨리아는 손수건에 손을 대지 않고, 마리에게 조심히 다뤄달라는 눈짓만 보냈다."
event_week_006_excursion_basement_blocked,step_event_week_006_excursion_basement_blocked,0,speaker_narrator,짧고 둔한 소리가 지하실 안쪽에서 울렸다.
event_week_006_excursion_basement_blocked,step_event_week_006_excursion_basement_blocked,1,speaker_abelia,방금 뭘 닫은 거죠?
event_week_006_excursion_basement_blocked,step_event_week_006_excursion_basement_blocked,2,speaker_maid,오래된 서랍을 정리하고 있습니다.
event_week_006_excursion_basement_blocked,step_event_week_006_excursion_basement_blocked,3,speaker_abelia,제가 보면 곤란한 건가요?
event_week_006_excursion_basement_blocked,step_event_week_006_excursion_basement_blocked,4,speaker_maid,"아직 먼지가 많습니다, 아가씨."
event_week_006_excursion_basement_blocked,step_event_week_006_excursion_basement_blocked,5,speaker_abelia,그 말은 다른 이유가 있다는 뜻으로 들리는데요.
event_week_006_excursion_basement_blocked,step_event_week_006_excursion_basement_blocked,6,speaker_maid,아직 정리가 끝나지 않았습니다.
event_week_006_excursion_basement_blocked,step_event_week_006_excursion_basement_blocked,7,speaker_abelia,"끝나고 나면, 남아 있는 게 줄어들 수도 있겠네요."
event_week_006_excursion_basement_blocked,step_event_week_006_excursion_basement_blocked,8,speaker_narrator,아벨리아는 닫힌 문을 바라보다 조용히 시선을 내렸다.
event_week_007_excursion_basement_direct_default,step_event_week_007_excursion_basement_direct_default,0,speaker_narrator,아벨리아는 벽 앞에서 걸음을 멈추고 가만히 소리를 듣는다.
event_week_007_excursion_basement_direct_default,step_event_week_007_excursion_basement_direct_default,1,speaker_abelia,소리가 너무 일정해요. 그냥 물이 새는 것 같지는 않네요.
event_week_007_excursion_basement_direct_default,step_event_week_007_excursion_basement_direct_default,2,speaker_maid,배수관이 낡아서 그럴 겁니다.
event_week_007_excursion_basement_direct_default,step_event_week_007_excursion_basement_direct_default,3,speaker_abelia,이 위치에서 이런 소리가 난 적이 있었나요?
event_week_007_excursion_basement_direct_default,step_event_week_007_excursion_basement_direct_default,4,speaker_maid,예전부터 그랬을 수도 있습니다.
event_week_007_excursion_basement_direct_default,step_event_week_007_excursion_basement_direct_default,5,speaker_abelia,...벽 너머에 다른 공간이 있는 건 아니겠죠.
event_week_007_excursion_basement_direct_default,step_event_week_007_excursion_basement_direct_default,6,speaker_narrator,아벨리아는 소리가 나는 벽면을 한 번 짚어보고는 천천히 손을 뗐다.
event_week_007_excursion_basement_direct_cautious,step_event_week_007_excursion_basement_direct_cautious,0,speaker_narrator,물방울 소리 아래로 바닥에 젖은 흔적이 이어져 있었다.
event_week_007_excursion_basement_direct_cautious,step_event_week_007_excursion_basement_direct_cautious,1,speaker_abelia,소리만이 아니었네요. 바닥도 젖었어요.
event_week_007_excursion_basement_direct_cautious,step_event_week_007_excursion_basement_direct_cautious,2,speaker_maid,정말 그렇습니다.
event_week_007_excursion_basement_direct_cautious,step_event_week_007_excursion_basement_direct_cautious,3,speaker_abelia,이건 그냥 두면 더 번지겠죠.
event_week_007_excursion_basement_direct_cautious,step_event_week_007_excursion_basement_direct_cautious,4,speaker_maid,아마도 그렇습니다.
event_week_007_excursion_basement_direct_cautious,step_event_week_007_excursion_basement_direct_cautious,5,speaker_abelia,그럼 바로 사람을 부르세요.
event_week_007_excursion_basement_direct_cautious,step_event_week_007_excursion_basement_direct_cautious,6,speaker_maid,"예, 아가씨."
event_week_007_excursion_basement_direct_cautious,step_event_week_007_excursion_basement_direct_cautious,7,speaker_narrator,아벨리아는 젖은 바닥을 피해 계단 쪽으로 물러섰다.
event_week_007_excursion_basement_direct_anxious,step_event_week_007_excursion_basement_direct_anxious,0,speaker_narrator,벽 너머 어둠 속에서 축축한 물소리가 끊이지 않고 들린다.
event_week_007_excursion_basement_direct_anxious,step_event_week_007_excursion_basement_direct_anxious,1,speaker_narrator,아벨리아는 벽면에 귀를 기울이다가 몸을 움츠렸다.
event_week_007_excursion_basement_direct_anxious,step_event_week_007_excursion_basement_direct_anxious,2,speaker_abelia,벽 안에서 나는 소리치고는 너무 가까운 것 같아요.
event_week_007_excursion_basement_direct_anxious,step_event_week_007_excursion_basement_direct_anxious,3,speaker_maid,"아가씨, 여기는 너무 습하네요. 그만 올라가시는 게 좋겠어요."
event_week_007_excursion_basement_direct_anxious,step_event_week_007_excursion_basement_direct_anxious,4,speaker_abelia,...그럴까요? 마리 말이 맞는 것 같아요.
event_week_007_excursion_basement_direct_anxious,step_event_week_007_excursion_basement_direct_anxious,5,speaker_narrator,아벨리아는 마리의 뒤를 따라 서둘러 계단 쪽으로 발걸음을 옮겼다.
event_week_007_excursion_basement_blocked,step_event_week_007_excursion_basement_blocked,0,speaker_narrator,닫힌 문 너머로 규칙적인 물소리가 들려온다.
event_week_007_excursion_basement_blocked,step_event_week_007_excursion_basement_blocked,1,speaker_narrator,문 앞에는 출입을 막는 물통과 헝겊이 어지럽게 놓여 있다.
event_week_007_excursion_basement_blocked,step_event_week_007_excursion_basement_blocked,2,speaker_abelia,"소리가 계속 나는데, 정말 그냥 구경만 하라고요?"
event_week_007_excursion_basement_blocked,step_event_week_007_excursion_basement_blocked,3,speaker_maid,수리 중이라 위험합니다. 들어가시면 안 돼요.
event_week_007_excursion_basement_blocked,step_event_week_007_excursion_basement_blocked,4,speaker_abelia,수리가 아니라 다른 걸 숨기고 있는 거면요?
event_week_007_excursion_basement_blocked,step_event_week_007_excursion_basement_blocked,5,speaker_maid,...아가씨.
event_week_007_excursion_basement_blocked,step_event_week_007_excursion_basement_blocked,6,speaker_abelia,안 보여주니까 더 들어가고 싶어지네요.
event_week_007_excursion_basement_blocked,step_event_week_007_excursion_basement_blocked,7,speaker_narrator,아벨리아는 닫힌 문틈 사이로 시선을 던졌다가 천천히 자리를 뜬다.
event_week_008_excursion_basement_direct_default,step_event_week_008_excursion_basement_direct_default,0,speaker_narrator,외투는 비어 있는데도 어깨선이 희미하게 사람 모양을 붙잡고 있었다.
event_week_008_excursion_basement_direct_default,step_event_week_008_excursion_basement_direct_default,1,speaker_abelia,아버지 외투인가요?
event_week_008_excursion_basement_direct_default,step_event_week_008_excursion_basement_direct_default,2,speaker_maid,예. 예전에 입으시던 것 같습니다.
event_week_008_excursion_basement_direct_default,step_event_week_008_excursion_basement_direct_default,3,speaker_abelia,왜 여기 남아 있었을까요.
event_week_008_excursion_basement_direct_default,step_event_week_008_excursion_basement_direct_default,4,speaker_maid,...글쎄요. 저도 처음 봅니다.
event_week_008_excursion_basement_direct_default,step_event_week_008_excursion_basement_direct_default,5,speaker_abelia,주머니에 뭐가 들어 있을까요.
event_week_008_excursion_basement_direct_default,step_event_week_008_excursion_basement_direct_default,6,speaker_abelia,"아벨리아는 외투 가까이 다가갔다. 손이 외투 깃 근처까지 갔다가, 닿기 직전에 멎었다."
event_week_008_excursion_basement_direct_innocent,step_event_week_008_excursion_basement_direct_innocent,0,speaker_narrator,아벨리아는 외투 소매 끝에 손을 가만히 얹었다. 모직의 결이 손바닥 아래에서 부드럽게 잡혔다.
event_week_008_excursion_basement_direct_innocent,step_event_week_008_excursion_basement_direct_innocent,1,speaker_abelia,아직 따뜻한 것 같아요.
event_week_008_excursion_basement_direct_innocent,step_event_week_008_excursion_basement_direct_innocent,2,speaker_maid,...
event_week_008_excursion_basement_direct_innocent,step_event_week_008_excursion_basement_direct_innocent,3,speaker_abelia,아버지가 막 벗어두신 것처럼.
event_week_008_excursion_basement_direct_innocent,step_event_week_008_excursion_basement_direct_innocent,4,speaker_narrator,아벨리아는 소매를 두 손으로 감싸 쥐었다.
event_week_008_excursion_basement_direct_innocent,step_event_week_008_excursion_basement_direct_innocent,5,speaker_abelia,잘 다녀오라고 해주시는 것 같네요.
event_week_008_excursion_basement_direct_innocent,step_event_week_008_excursion_basement_direct_innocent,6,speaker_narrator,아벨리아는 그대로 한참 동안 외투 옆에 서 있었다.
event_week_008_excursion_basement_direct_cautious,step_event_week_008_excursion_basement_direct_cautious,0,speaker_narrator,아벨리아는 외투를 옷걸이에서 천천히 내렸다.
event_week_008_excursion_basement_direct_cautious,step_event_week_008_excursion_basement_direct_cautious,1,speaker_narrator,"어깨 부분에 접힌 자국이 그대로 남아 있었고, 안감의 결도 아직 살아 있었다."
event_week_008_excursion_basement_direct_cautious,step_event_week_008_excursion_basement_direct_cautious,2,speaker_abelia,"이거, 누구 거였을까요."
event_week_008_excursion_basement_direct_cautious,step_event_week_008_excursion_basement_direct_cautious,3,speaker_maid,거기까지는 따로 들은 게 없습니다.
event_week_008_excursion_basement_direct_cautious,step_event_week_008_excursion_basement_direct_cautious,4,speaker_narrator,아벨리아는 외투의 안감을 뒤집어 보았다. 가슴 안쪽 주머니에 접힌 자국이 깊게 나 있었다.
event_week_008_excursion_basement_direct_cautious,step_event_week_008_excursion_basement_direct_cautious,5,speaker_abelia,안주머니에 뭘 자주 넣고 다니셨던 분.
event_week_008_excursion_basement_direct_cautious,step_event_week_008_excursion_basement_direct_cautious,6,speaker_abelia,...아버지 같아요.
event_week_008_excursion_basement_direct_cautious,step_event_week_008_excursion_basement_direct_cautious,7,speaker_narrator,아벨리아는 외투를 다시 옷걸이에 가지런히 걸어두었다.
event_week_008_excursion_basement_blocked,step_event_week_008_excursion_basement_blocked,0,speaker_narrator,지하실 안쪽 끝에 낡은 옷장이 놓여 있었다. 그 사이로 부서진 가구와 상자들이 어지럽게 쌓여 있었다.
event_week_008_excursion_basement_blocked,step_event_week_008_excursion_basement_blocked,1,speaker_abelia,"저 안쪽에 있는 옷장, 한 번 열어보고 싶은데요."
event_week_008_excursion_basement_blocked,step_event_week_008_excursion_basement_blocked,2,speaker_maid,길이 막혀 있어서 들어가시기 어렵습니다.
event_week_008_excursion_basement_blocked,step_event_week_008_excursion_basement_blocked,3,speaker_narrator,아벨리아는 한두 걸음 안쪽으로 들여다보았다. 부러진 의자 다리와 못이 튀어나온 상자가 길 위에 어지럽게 놓여 있었다.
event_week_008_excursion_basement_blocked,step_event_week_008_excursion_basement_blocked,4,speaker_abelia,...무리해서 갈 길은 아니네요.
event_week_008_excursion_basement_blocked,step_event_week_008_excursion_basement_blocked,5,speaker_narrator,아벨리아는 한 걸음 물러섰다.
event_week_008_excursion_basement_blocked,step_event_week_008_excursion_basement_blocked,6,speaker_abelia,길이 정리되면 그때 가볼게요.
event_week_009_excursion_basement_direct_default,step_event_week_009_excursion_basement_direct_default,0,speaker_narrator,"오래된 상자들이 문 주변에 흩어져 있었다. 표식이 붙은 것도, 안 붙은 것도 있었다."
event_week_009_excursion_basement_direct_default,step_event_week_009_excursion_basement_direct_default,1,speaker_abelia,이건 어떻게 되는 거예요?
event_week_009_excursion_basement_direct_default,step_event_week_009_excursion_basement_direct_default,2,speaker_maid,"표식이 붙은 건 보관고로 옮기고, 나머지는 처분합니다."
event_week_009_excursion_basement_direct_default,step_event_week_009_excursion_basement_direct_default,3,speaker_abelia,표식은 누가 붙였어요?
event_week_009_excursion_basement_direct_default,step_event_week_009_excursion_basement_direct_default,4,speaker_maid,...임시가주님 지시였습니다.
event_week_009_excursion_basement_direct_default,step_event_week_009_excursion_basement_direct_default,5,speaker_abelia,저는 몰랐어요.
event_week_009_excursion_basement_direct_default,step_event_week_009_excursion_basement_direct_default,6,speaker_narrator,아벨리아는 표식 없는 상자 앞에 잠시 섰다. 뚜껑이 살짝 들떠 있었다.
event_week_009_excursion_basement_direct_default,step_event_week_009_excursion_basement_direct_default,7,speaker_abelia,"...뭘 남기고 뭘 버릴지, 누가 정해도 정해야 하는 거였네요."
event_week_009_excursion_basement_direct_default,step_event_week_009_excursion_basement_direct_default,8,speaker_narrator,아벨리아는 표식 없는 상자의 뚜껑을 열고 안을 들여다봤다. 손이 한 번 멎었다.
event_week_009_excursion_basement_direct_stable,step_event_week_009_excursion_basement_direct_stable,0,speaker_narrator,"오래된 상자들이 문 주변에 흩어져 있었다. 크기도, 무게도 제각각이었다."
event_week_009_excursion_basement_direct_stable,step_event_week_009_excursion_basement_direct_stable,1,speaker_narrator,아벨리아는 가장 가까운 상자 앞에 앉아 뚜껑을 열었다. 안에는 색이 바랜 노트들이 들어 있었다.
event_week_009_excursion_basement_direct_stable,step_event_week_009_excursion_basement_direct_stable,2,speaker_abelia,이건 어머니 글씨네요.
event_week_009_excursion_basement_direct_stable,step_event_week_009_excursion_basement_direct_stable,3,speaker_maid,그쪽으로 옮기실까요?
event_week_009_excursion_basement_direct_stable,step_event_week_009_excursion_basement_direct_stable,4,speaker_abelia,"아니요, 제가 둘게요."
event_week_009_excursion_basement_direct_stable,step_event_week_009_excursion_basement_direct_stable,5,speaker_narrator,"아벨리아는 노트를 한 권씩 넘겨보고, 가지런히 추려 선반 위에 올렸다. 다음 상자도 같은 방식으로 열었다."
event_week_009_excursion_basement_direct_stable,step_event_week_009_excursion_basement_direct_stable,6,speaker_abelia,이건 뭘까요?
event_week_009_excursion_basement_direct_stable,step_event_week_009_excursion_basement_direct_stable,7,speaker_narrator,아벨리아는 안을 들여다보다 작게 웃었다.
event_week_009_excursion_basement_direct_anxious,step_event_week_009_excursion_basement_direct_anxious,0,speaker_narrator,지하실 안쪽에서 상자들이 하나씩 옮겨져 나가고 있었다. 들고 나가는 사람도 매번 달랐다.
event_week_009_excursion_basement_direct_anxious,step_event_week_009_excursion_basement_direct_anxious,1,speaker_abelia,"저 상자, 어디로 가요?"
event_week_009_excursion_basement_direct_anxious,step_event_week_009_excursion_basement_direct_anxious,2,speaker_maid,보관고로 갑니다.
event_week_009_excursion_basement_direct_anxious,step_event_week_009_excursion_basement_direct_anxious,3,speaker_abelia,어느 보관고요?
event_week_009_excursion_basement_direct_anxious,step_event_week_009_excursion_basement_direct_anxious,4,speaker_maid,...임시가주님께서 따로 지정하신 곳이 있다고 들었습니다.
event_week_009_excursion_basement_direct_anxious,step_event_week_009_excursion_basement_direct_anxious,5,speaker_abelia,거기가 어디예요?
event_week_009_excursion_basement_direct_anxious,step_event_week_009_excursion_basement_direct_anxious,6,speaker_maid,"...죄송합니다, 저도 거기까지는."
event_week_009_excursion_basement_direct_anxious,step_event_week_009_excursion_basement_direct_anxious,7,speaker_narrator,아벨리아는 옮겨지던 상자 하나를 손으로 짚었다. 들고 가던 사람의 손이 멈췄다.
event_week_009_excursion_basement_direct_anxious,step_event_week_009_excursion_basement_direct_anxious,8,speaker_abelia,아벨리아: 이건 잠깐 두세요.
event_week_009_excursion_basement_blocked,step_event_week_009_excursion_basement_blocked,0,speaker_narrator,"지하실 문은 닫혀 있었고, 빗장이 걸려 있었다."
event_week_009_excursion_basement_blocked,step_event_week_009_excursion_basement_blocked,1,speaker_abelia,안에 있던 게 다 정리된 거예요?
event_week_009_excursion_basement_blocked,step_event_week_009_excursion_basement_blocked,2,speaker_maid,예. 아침 일찍 마무리됐습니다.
event_week_009_excursion_basement_blocked,step_event_week_009_excursion_basement_blocked,3,speaker_abelia,"뭐가 옮겨지고 뭐가 남았는지, 목록은 있어요?"
event_week_009_excursion_basement_blocked,step_event_week_009_excursion_basement_blocked,4,speaker_maid,...따로 받지 못했습니다.
event_week_009_excursion_basement_blocked,step_event_week_009_excursion_basement_blocked,5,speaker_abelia,그렇군요.
event_week_009_excursion_basement_blocked,step_event_week_009_excursion_basement_blocked,6,speaker_narrator,아벨리아는 닫힌 문 앞에 잠시 섰다.
event_week_009_excursion_basement_blocked,step_event_week_009_excursion_basement_blocked,7,speaker_narrator,"어머니의 노트가 들어 있던 상자, 표식이 없던 상자, 손이 한 번 멎었던 상자. 머릿속에서 하나씩 짚어 내려갔다."
event_week_009_excursion_basement_blocked,step_event_week_009_excursion_basement_blocked,8,speaker_abelia,"어디에 뭐가 갔는지, 천천히 알아볼게요."
event_week_001_excursion_forest_direct_default,step_event_week_001_excursion_forest_direct_default,0,speaker_narrator,진흙 위에 발자국이 찍혀 있었다.
event_week_001_excursion_forest_direct_default,step_event_week_001_excursion_forest_direct_default,1,speaker_abelia,이게 뭐야? 내 발자국이랑 달라.
event_week_001_excursion_forest_direct_default,step_event_week_001_excursion_forest_direct_default,2,speaker_worker_1,"사슴 발자국입니다, 아가씨."
event_week_001_excursion_forest_direct_default,step_event_week_001_excursion_forest_direct_default,3,speaker_abelia,사슴?
event_week_001_excursion_forest_direct_default,step_event_week_001_excursion_forest_direct_default,4,speaker_worker_1,밤 사이에 내려온 것 같습니다.
event_week_001_excursion_forest_direct_default,step_event_week_001_excursion_forest_direct_default,5,speaker_abelia,어디로 갔어? 나도 사슴 볼래!
event_week_001_excursion_forest_direct_default,step_event_week_001_excursion_forest_direct_default,6,speaker_worker_1,안쪽으로 들어간 것 같습니다.
event_week_001_excursion_forest_direct_default,step_event_week_001_excursion_forest_direct_default,7,speaker_abelia,"토마스, 우리 따라가 보자. 가자, 응?"
event_week_001_excursion_forest_direct_default,step_event_week_001_excursion_forest_direct_default,8,speaker_worker_1,…아가씨만 조심하신다면.
event_week_001_excursion_forest_direct_default,step_event_week_001_excursion_forest_direct_default,10,speaker_narrator,발자국은 나무가 빽빽해지는 곳에서 흐릿해졌다.
event_week_001_excursion_forest_direct_default,step_event_week_001_excursion_forest_direct_default,11,speaker_abelia,어라 발자국이 없어졌어.
event_week_001_excursion_forest_direct_default,step_event_week_001_excursion_forest_direct_default,12,speaker_worker_1,"이제 더이상은 위험합니다, 아가씨."
event_week_001_excursion_forest_direct_default,step_event_week_001_excursion_forest_direct_default,13,speaker_abelia,사슴은 어디 있을까. 다친 건 아니겠지?
event_week_001_excursion_forest_direct_default,step_event_week_001_excursion_forest_direct_default,14,speaker_worker_1,흠...
event_week_001_excursion_forest_direct_default,step_event_week_001_excursion_forest_direct_default,15,speaker_abelia,보고 싶었는데...
event_week_001_excursion_forest_blocked,step_event_week_001_excursion_forest_blocked,1,speaker_guard_captain,"죄송합니다, 아가씨. 오늘은 숲길이 좋지 않습니다."
event_week_001_excursion_forest_blocked,step_event_week_001_excursion_forest_blocked,2,speaker_abelia,왜! 나 숲에 가고 싶어.
event_week_001_excursion_forest_blocked,step_event_week_001_excursion_forest_blocked,3,speaker_guard_captain,어젯밤 비가 와서 진흙이 많이 패였습니다. 발목을 다치실 수 있어서요.
event_week_001_excursion_forest_blocked,step_event_week_001_excursion_forest_blocked,4,speaker_abelia,그치만 저거봐. 사슴 발자국도 있는데.
event_week_001_excursion_forest_blocked,step_event_week_001_excursion_forest_blocked,5,speaker_guard_captain,"사슴은 네 발이라 괜찮습니다, 아가씨."
event_week_001_excursion_forest_blocked,step_event_week_001_excursion_forest_blocked,6,speaker_abelia,그럼 나도 네 발 할래.
event_week_001_excursion_forest_blocked,step_event_week_001_excursion_forest_blocked,7,speaker_narrator,아벨리아가 몸을 숙여 손을 바닥에 짚는다.
event_week_001_excursion_forest_blocked,step_event_week_001_excursion_forest_blocked,8,speaker_guard_captain,"일어나십쇼, 아가씨. 옷이 더러워 집니다."
event_week_001_excursion_forest_blocked,step_event_week_001_excursion_forest_blocked,9,speaker_abelia,치...알겠어.
event_week_002_excursion_forest_direct_default,step_event_week_002_excursion_forest_direct_default,0,speaker_narrator,숲 입구 쪽에서 하인 둘이 바구니를 들고 들어가고 있었다.
event_week_002_excursion_forest_direct_default,step_event_week_002_excursion_forest_direct_default,1,speaker_abelia,저 사람들 어디 가?
event_week_002_excursion_forest_direct_default,step_event_week_002_excursion_forest_direct_default,2,speaker_worker_1,"다과회 준비 때문에 꽃을 구하러 갑니다, 아가씨."
event_week_002_excursion_forest_direct_default,step_event_week_002_excursion_forest_direct_default,3,speaker_abelia,"우와, 나도 갈래! 재밌겠다!"
event_week_002_excursion_forest_direct_default,step_event_week_002_excursion_forest_direct_default,4,speaker_worker_1,아가씨는 여기서 저랑 꽃 놀이 하시지요.
event_week_002_excursion_forest_direct_default,step_event_week_002_excursion_forest_direct_default,5,speaker_abelia,음..좋아! 그럼 내가 꽃 반지 만들어줄게.
event_week_002_excursion_forest_direct_default,step_event_week_002_excursion_forest_direct_default,6,speaker_narrator,아벨리아가 꽃들을 엮어 반지를 만든다.
event_week_002_excursion_forest_direct_default,step_event_week_002_excursion_forest_direct_default,7,speaker_abelia,짠! 선물이야.
event_week_002_excursion_forest_direct_default,step_event_week_002_excursion_forest_direct_default,8,speaker_worker_1,"정말 예쁘네요. 감사합니다, 아가씨."
event_week_002_excursion_forest_direct_curious,step_event_week_002_excursion_forest_direct_curious,0,speaker_narrator,숲 입구 쪽에서 하인 둘이 바구니를 들고 들어가고 있었다.
event_week_002_excursion_forest_direct_curious,step_event_week_002_excursion_forest_direct_curious,1,speaker_abelia,저 사람들 어디 가?
event_week_002_excursion_forest_direct_curious,step_event_week_002_excursion_forest_direct_curious,2,speaker_narrator,"다과회 준비 때문에 꽃을 구하러 갑니다, 아가씨."
event_week_002_excursion_forest_direct_curious,step_event_week_002_excursion_forest_direct_curious,3,speaker_abelia,"우와, 나도 갈래! 재밌겠다!"
event_week_002_excursion_forest_direct_curious,step_event_week_002_excursion_forest_direct_curious,4,speaker_worker_1,"아가씨, 이쪽은 발이 미끄럽습니다."
event_week_002_excursion_forest_direct_curious,step_event_week_002_excursion_forest_direct_curious,5,speaker_abelia,"응, 괜찮아. 저건 뭐야?"
event_week_002_excursion_forest_direct_curious,step_event_week_002_excursion_forest_direct_curious,6,speaker_worker_1,으름덩굴입니다. 꽃은 아닙니다.
event_week_002_excursion_forest_direct_curious,step_event_week_002_excursion_forest_direct_curious,7,speaker_abelia,그럼 꽃은 어딨어? 꽃 보여줘!
event_week_002_excursion_forest_direct_curious,step_event_week_002_excursion_forest_direct_curious,8,speaker_worker_1,조금 더 안쪽에 있습니다.
event_week_002_excursion_forest_direct_curious,step_event_week_002_excursion_forest_direct_curious,9,speaker_narrator,작고 흰 꽃이 나무 사이에 무더기로 피어 있었다.
event_week_002_excursion_forest_direct_curious,step_event_week_002_excursion_forest_direct_curious,10,speaker_abelia,이 꽃 진짜 예쁘다! 이름이 뭐야?
event_week_002_excursion_forest_direct_curious,step_event_week_002_excursion_forest_direct_curious,11,speaker_worker_1,노루귀라고 하는 꽃입니다.
event_week_002_excursion_forest_direct_curious,step_event_week_002_excursion_forest_direct_curious,12,speaker_abelia,"엥, 이름은 이상하네."
event_week_002_excursion_forest_direct_curious,step_event_week_002_excursion_forest_direct_curious,13,speaker_worker_1,잎 모양이 노루 귀를 닮아서 그렇습니다.
event_week_002_excursion_forest_direct_curious,step_event_week_002_excursion_forest_direct_curious,14,speaker_abelia,…그렇구나.
event_week_002_excursion_forest_direct_compliant,step_event_week_002_excursion_forest_direct_compliant,0,speaker_narrator,숲 입구 쪽에서 하인 둘이 바구니를 들고 들어가고 있었다.
event_week_002_excursion_forest_direct_compliant,step_event_week_002_excursion_forest_direct_compliant,1,speaker_abelia,저 사람들 어디 가?
event_week_002_excursion_forest_direct_compliant,step_event_week_002_excursion_forest_direct_compliant,2,speaker_worker_1,"다과회 준비 때문에 꽃을 구하러 갑니다, 아가씨."
event_week_002_excursion_forest_direct_compliant,step_event_week_002_excursion_forest_direct_compliant,3,speaker_abelia,"우와, 나도 갈래! 재밌겠다!"
event_week_002_excursion_forest_direct_compliant,step_event_week_002_excursion_forest_direct_compliant,4,speaker_worker_1,"오래 걸리지 않을 겁니다, 아가씨. 여기서 기다려 주시겠어요?"
event_week_002_excursion_forest_direct_compliant,step_event_week_002_excursion_forest_direct_compliant,5,speaker_abelia,가고 싶은데...알겠어.
event_week_002_excursion_forest_direct_compliant,step_event_week_002_excursion_forest_direct_compliant,6,speaker_narrator,아벨리아는 입구 옆 돌 위에 앉았다.
event_week_002_excursion_forest_direct_compliant,step_event_week_002_excursion_forest_direct_compliant,7,speaker_abelia,어떤 꽃 가져와?
event_week_002_excursion_forest_direct_compliant,step_event_week_002_excursion_forest_direct_compliant,8,speaker_worker_1,"노루귀라고, 이맘때 숲에서 피는 작은 흰 꽃입니다."
event_week_002_excursion_forest_direct_compliant,step_event_week_002_excursion_forest_direct_compliant,9,speaker_abelia,예뻐?
event_week_002_excursion_forest_direct_compliant,step_event_week_002_excursion_forest_direct_compliant,10,speaker_worker_1,소박하게 예쁩니다. 아가씨께도 한 송이 드릴게요.
event_week_002_excursion_forest_direct_compliant,step_event_week_002_excursion_forest_direct_compliant,11,speaker_abelia,…그래? 좋아!
event_week_002_excursion_forest_direct_compliant,step_event_week_002_excursion_forest_direct_compliant,12,speaker_narrator,아벨리아는 입구에서 기다렸다. 하인이 가져온 꽃을 두 손으로 받아들었다.
event_week_002_excursion_forest_blocked,step_event_week_002_excursion_forest_blocked,0,speaker_abelia,저 사람들 숲으로 갔어?
event_week_002_excursion_forest_blocked,step_event_week_002_excursion_forest_blocked,1,speaker_worker_1,다과회 꽃을 구하러 갔습니다.
event_week_002_excursion_forest_blocked,step_event_week_002_excursion_forest_blocked,2,speaker_abelia,나는?
event_week_002_excursion_forest_blocked,step_event_week_002_excursion_forest_blocked,3,speaker_worker_1,"오늘은 정원사가 정원 손질을 하고 있으니, 이쪽에서 구경하시는 건 어떻겠습니까."
event_week_002_excursion_forest_blocked,step_event_week_002_excursion_forest_blocked,4,speaker_abelia,난 숲 꽃이 좋은데... 정원 꽃은 맨날 보잖아.
event_week_002_excursion_forest_blocked,step_event_week_002_excursion_forest_blocked,5,speaker_worker_1,하인들이 아가씨 몫도 가져올 겁니다.
event_week_002_excursion_forest_blocked,step_event_week_002_excursion_forest_blocked,6,speaker_abelia,"치, 직접 보고 싶었는데."
event_week_002_excursion_forest_blocked,step_event_week_002_excursion_forest_blocked,7,speaker_narrator,아벨리아는 숲 쪽 담장을 한 번 바라보다 시선을 거뒀다.
event_week_003_excursion_forest_direct_default,step_event_week_003_excursion_forest_direct_default,0,speaker_narrator,숲 안쪽. 오두막이 보이는 거리.
event_week_003_excursion_forest_direct_default,step_event_week_003_excursion_forest_direct_default,1,speaker_abelia,저기 연기 나.
event_week_003_excursion_forest_direct_default,step_event_week_003_excursion_forest_direct_default,2,speaker_worker_1,사냥지기 오두막입니다. 사냥지기 영감이 요리를 해먹나 봅니다.
event_week_003_excursion_forest_direct_default,step_event_week_003_excursion_forest_direct_default,3,speaker_abelia,무서운 사람이야?
event_week_003_excursion_forest_direct_default,step_event_week_003_excursion_forest_direct_default,4,speaker_worker_1,아닙니다. 여기서 오래 일하신 분이에요.
event_week_003_excursion_forest_direct_default,step_event_week_003_excursion_forest_direct_default,5,speaker_worker_1,벨라리우스 가문의 숲을 지켜주죠.
event_week_003_excursion_forest_direct_default,step_event_week_003_excursion_forest_direct_default,6,speaker_abelia,"그럼, 인사하러 가자!"
event_week_003_excursion_forest_direct_default,step_event_week_003_excursion_forest_direct_default,7,speaker_worker_1,지금은 바쁜 것 같으니 다음에 가보시죠.
event_week_003_excursion_forest_direct_default,step_event_week_003_excursion_forest_direct_default,8,speaker_abelia,"그래, 알겠어!"
event_week_003_excursion_forest_direct_default,step_event_week_003_excursion_forest_direct_default,9,speaker_narrator,아벨리아는 오두막 쪽을 한 번 돌아봤다. 연기는 계속 가늘게 올라오고 있었다.
event_week_003_excursion_forest_direct_clever,step_event_week_003_excursion_forest_direct_clever,0,speaker_narrator,굴뚝에서 연기가 가늘게 올라오고 있었다.
event_week_003_excursion_forest_direct_clever,step_event_week_003_excursion_forest_direct_clever,1,speaker_abelia,저기에 누가 살고 있어?
event_week_003_excursion_forest_direct_clever,step_event_week_003_excursion_forest_direct_clever,2,speaker_worker_1,옛날부터 이 숲을 관리하던 사냥지기 영감입니다. 오래전부터 저기서 지내고 있습니다.
event_week_003_excursion_forest_direct_clever,step_event_week_003_excursion_forest_direct_clever,3,speaker_abelia,백작가 사람이야?
event_week_003_excursion_forest_direct_clever,step_event_week_003_excursion_forest_direct_clever,4,speaker_worker_1,…그런 셈입니다.
event_week_003_excursion_forest_direct_clever,step_event_week_003_excursion_forest_direct_clever,5,speaker_narrator,아벨리아는 오두막 문을 직접 두드렸다.
event_week_003_excursion_forest_direct_clever,step_event_week_003_excursion_forest_direct_clever,6,speaker_hunter,누구요.
event_week_003_excursion_forest_direct_clever,step_event_week_003_excursion_forest_direct_clever,7,speaker_abelia,아벨리아입니다!
event_week_003_excursion_forest_direct_clever,step_event_week_003_excursion_forest_direct_clever,8,speaker_narrator,잠시 침묵이 흘렀다. 문이 열렸다.
event_week_003_excursion_forest_direct_clever,step_event_week_003_excursion_forest_direct_clever,9,speaker_hunter,아벨리아…많이 컸구먼.
event_week_003_excursion_forest_direct_clever,step_event_week_003_excursion_forest_direct_clever,10,speaker_abelia,저 아세요?
event_week_003_excursion_forest_direct_clever,step_event_week_003_excursion_forest_direct_clever,11,speaker_hunter,태어날 때부터 봤으니까.
event_week_003_excursion_forest_direct_clever,step_event_week_003_excursion_forest_direct_clever,12,speaker_abelia,그럼 아버지도 알겠네요.
event_week_003_excursion_forest_direct_clever,step_event_week_003_excursion_forest_direct_clever,13,speaker_hunter,…알았지.
event_week_003_excursion_forest_direct_clever,step_event_week_003_excursion_forest_direct_clever,14,speaker_abelia,아빠가 이 숲에 자주 왔어요?
event_week_003_excursion_forest_direct_clever,step_event_week_003_excursion_forest_direct_clever,15,speaker_hunter,백작님은 숲을 좋아하셨어. 부인이 살아계실 때는 같이 오시기도 했고.
event_week_003_excursion_forest_direct_clever,step_event_week_003_excursion_forest_direct_clever,16,speaker_abelia,엄마랑요?
event_week_003_excursion_forest_direct_clever,step_event_week_003_excursion_forest_direct_clever,17,speaker_hunter,그래.
event_week_003_excursion_forest_direct_clever,step_event_week_003_excursion_forest_direct_clever,18,speaker_abelia,…또 와도 돼요?
event_week_003_excursion_forest_direct_clever,step_event_week_003_excursion_forest_direct_clever,19,speaker_hunter,쫓아내지는 않으마.
event_week_003_excursion_forest_direct_curious,step_event_week_003_excursion_forest_direct_curious,0,speaker_abelia,저기 연기 나는 거 봐. 누가 있어?
event_week_003_excursion_forest_direct_curious,step_event_week_003_excursion_forest_direct_curious,1,speaker_worker_1,오래된 사냥지기 영감입니다. 이 숲을 오랫동안 관리했습니다.
event_week_003_excursion_forest_direct_curious,step_event_week_003_excursion_forest_direct_curious,2,speaker_abelia,만나볼 수 있어?
event_week_003_excursion_forest_direct_curious,step_event_week_003_excursion_forest_direct_curious,3,speaker_worker_1,…그냥 지나치는 게 나을 것 같습니다만.
event_week_003_excursion_forest_direct_curious,step_event_week_003_excursion_forest_direct_curious,4,speaker_abelia,왜?
event_week_003_excursion_forest_direct_curious,step_event_week_003_excursion_forest_direct_curious,5,speaker_worker_1,워낙 오랫동안 혼자 사신 분이라 낯선 사람을 좋아하지 않으십니다.
event_week_003_excursion_forest_direct_curious,step_event_week_003_excursion_forest_direct_curious,6,speaker_abelia,나는 낯선 사람 아니잖아. 여기 사람인데.
event_week_003_excursion_forest_direct_curious,step_event_week_003_excursion_forest_direct_curious,7,speaker_narrator,하인이 말리기 전에 아벨리아는 이미 오두막 쪽으로 걷고 있었다.
event_week_003_excursion_forest_direct_curious,step_event_week_003_excursion_forest_direct_curious,8,speaker_hunter,누구요.
event_week_003_excursion_forest_direct_curious,step_event_week_003_excursion_forest_direct_curious,9,speaker_worker_1,"아, 저희는 그냥 지나가던 길에…"
event_week_003_excursion_forest_direct_curious,step_event_week_003_excursion_forest_direct_curious,10,speaker_abelia,아벨리아에요. 저기서 연기 나는 거 보고 왔어요.
event_week_003_excursion_forest_direct_curious,step_event_week_003_excursion_forest_direct_curious,11,speaker_hunter,아벨리아...
event_week_003_excursion_forest_direct_curious,step_event_week_003_excursion_forest_direct_curious,12,speaker_abelia,여기서 뭐 해요?
event_week_003_excursion_forest_direct_curious,step_event_week_003_excursion_forest_direct_curious,13,speaker_hunter,그냥 지내지. 오래전부터 여기 있었어.
event_week_003_excursion_forest_direct_curious,step_event_week_003_excursion_forest_direct_curious,14,speaker_abelia,우리가문 사람이에요?
event_week_003_excursion_forest_direct_curious,step_event_week_003_excursion_forest_direct_curious,15,speaker_hunter,"뭐, 그런 셈이지."
event_week_003_excursion_forest_direct_curious,step_event_week_003_excursion_forest_direct_curious,16,speaker_abelia,아빠 알아요?
event_week_003_excursion_forest_direct_curious,step_event_week_003_excursion_forest_direct_curious,17,speaker_hunter,"휴, 오늘은 좀 피곤하니 다음에 오너라."
event_week_003_excursion_forest_direct_curious,step_event_week_003_excursion_forest_direct_curious,18,speaker_narrator,사냥지기가 문을 닫고 들어간다.
event_week_003_excursion_forest_direct_curious,step_event_week_003_excursion_forest_direct_curious,19,speaker_abelia,뭐야! 치...다음에 다시 오자.
event_week_003_excursion_forest_blocked,step_event_week_003_excursion_forest_blocked,0,speaker_narrator,아벨리아가 창 밖 숲 쪽을 바라보며 말한다.
event_week_003_excursion_forest_blocked,step_event_week_003_excursion_forest_blocked,1,speaker_abelia,오늘 숲에 연기 나더라?
event_week_003_excursion_forest_blocked,step_event_week_003_excursion_forest_blocked,2,speaker_worker_1,"아, 네."
event_week_003_excursion_forest_blocked,step_event_week_003_excursion_forest_blocked,3,speaker_worker_1,옛 사냥지기 오두막 쪽인 것 같습니다. 가끔 저러는 곳이에요.
event_week_003_excursion_forest_blocked,step_event_week_003_excursion_forest_blocked,4,speaker_abelia,가봤어?
event_week_003_excursion_forest_blocked,step_event_week_003_excursion_forest_blocked,5,speaker_worker_1,오늘은 숲 쪽 길을 보수하는 중이라 다들 들어가지 못했습니다.
event_week_003_excursion_forest_blocked,step_event_week_003_excursion_forest_blocked,6,speaker_abelia,…그래.
event_week_003_excursion_forest_blocked,step_event_week_003_excursion_forest_blocked,7,speaker_abelia,무슨 일이 있는 건 아니지?
event_week_003_excursion_forest_blocked,step_event_week_003_excursion_forest_blocked,8,speaker_worker_1,"예...뭐, 그럴 겁니다."
event_week_004_excursion_forest_direct_default,step_event_week_004_excursion_forest_direct_default,0,speaker_abelia,"어, 여기 발자국이 있어."
event_week_004_excursion_forest_direct_default,step_event_week_004_excursion_forest_direct_default,1,speaker_worker_1,말 발자국인 것 같습니다. 생긴지 얼마 안 된 것 같아요.
event_week_004_excursion_forest_direct_default,step_event_week_004_excursion_forest_direct_default,2,speaker_abelia,누가 이곳에 말을 타고 왔을까?
event_week_004_excursion_forest_direct_default,step_event_week_004_excursion_forest_direct_default,3,speaker_worker_1,저도 잘 모르겠습니다.
event_week_004_excursion_forest_direct_default,step_event_week_004_excursion_forest_direct_default,4,speaker_abelia,…그래.
event_week_004_excursion_forest_direct_default,step_event_week_004_excursion_forest_direct_default,5,speaker_abelia,무슨 일이 있는 것은 아니겠지?
event_week_004_excursion_forest_direct_default,step_event_week_004_excursion_forest_direct_default,6,speaker_narrator,아벨리아는 발자국을 잠깐 내려다보다 그냥 걸었다. 특별히 더 묻지 않았다.
event_week_004_excursion_forest_direct_clever,step_event_week_004_excursion_forest_direct_clever,0,speaker_narrator,말발굽이 일정하지 않은 방향으로 여기저기 찍혀있었다.
event_week_004_excursion_forest_direct_clever,step_event_week_004_excursion_forest_direct_clever,1,speaker_narrator,아벨리아는 누군가 일부러 같은 자리를 돈 것은 아닌지 의심했다.
event_week_004_excursion_forest_direct_clever,step_event_week_004_excursion_forest_direct_clever,2,speaker_narrator,아벨리아의 영민과 신중이 높아집니다.
event_week_004_excursion_forest_direct_anxious,step_event_week_004_excursion_forest_direct_anxious,0,speaker_narrator,숲에서 말발굽 자국을 발견하고 어젯밤 들은 말발굽 소리가 생각났다.
event_week_004_excursion_forest_direct_anxious,step_event_week_004_excursion_forest_direct_anxious,1,speaker_narrator,아벨리아는 가문의 기사가 순찰중 길을 잃은 것이라고 생각하려 했다.
event_week_004_excursion_forest_direct_anxious,step_event_week_004_excursion_forest_direct_anxious,2,speaker_narrator,아벨리아의 불안과 순진이 높아집니다.
event_week_004_excursion_forest_blocked,step_event_week_004_excursion_forest_blocked,0,speaker_narrator,숲 입구에는 출입을 삼가해달라는 표식이 걸려있었다.
event_week_004_excursion_forest_blocked,step_event_week_004_excursion_forest_blocked,1,speaker_narrator,아벨리아는 단테에게 어제 들린 말발굽 소리가 뭔지 물었다.
event_week_004_excursion_forest_blocked,step_event_week_004_excursion_forest_blocked,2,speaker_narrator,아벨리아의 신중과 반항이 높아집니다.
event_week_005_excursion_forest_direct_default,step_event_week_005_excursion_forest_direct_default,0,speaker_abelia,여기 풀이 많네요.
event_week_005_excursion_forest_direct_default,step_event_week_005_excursion_forest_direct_default,1,speaker_worker_1,예.
event_week_005_excursion_forest_direct_default,step_event_week_005_excursion_forest_direct_default,2,speaker_abelia,왜 여기만 이래요?
event_week_005_excursion_forest_direct_default,step_event_week_005_excursion_forest_direct_default,3,speaker_worker_1,정원사들의 손길이 닿지 않은 모양입니다.
event_week_005_excursion_forest_direct_default,step_event_week_005_excursion_forest_direct_default,4,speaker_abelia,우리 정원사들이 그럴 리가 없는데...
event_week_005_excursion_forest_direct_default,step_event_week_005_excursion_forest_direct_default,5,speaker_abelia,여기만 풀이 많은게 이상하지 않아요?
event_week_005_excursion_forest_direct_default,step_event_week_005_excursion_forest_direct_default,6,speaker_worker_1,"가시죠, 아가씨."
event_week_005_excursion_forest_direct_innocent,step_event_week_005_excursion_forest_direct_innocent,0,speaker_abelia,여기 풀이 엄청 많내요.
event_week_005_excursion_forest_direct_innocent,step_event_week_005_excursion_forest_direct_innocent,1,speaker_worker_1,그렇습니다.
event_week_005_excursion_forest_direct_innocent,step_event_week_005_excursion_forest_direct_innocent,2,speaker_abelia,원래 여기만 이런가요?
event_week_005_excursion_forest_direct_innocent,step_event_week_005_excursion_forest_direct_innocent,3,speaker_worker_1,…이쪽이 좀 무성한 편입니다.
event_week_005_excursion_forest_direct_innocent,step_event_week_005_excursion_forest_direct_innocent,4,speaker_abelia,근데 예쁘기도 하네요. 여기 앉아 있어도 되나요?
event_week_005_excursion_forest_direct_innocent,step_event_week_005_excursion_forest_direct_innocent,5,speaker_worker_1,아가씨…
event_week_005_excursion_forest_direct_innocent,step_event_week_005_excursion_forest_direct_innocent,6,speaker_abelia,잠깐만. 바람이 여기가 제일 좋아요.
event_week_005_excursion_forest_direct_innocent,step_event_week_005_excursion_forest_direct_innocent,7,speaker_worker_1,…예.
event_week_005_excursion_forest_direct_innocent,step_event_week_005_excursion_forest_direct_innocent,8,speaker_abelia,아버지도 이쪽까지 왔을까요?
event_week_005_excursion_forest_direct_innocent,step_event_week_005_excursion_forest_direct_innocent,9,speaker_worker_1,…아마도요..
event_week_005_excursion_forest_direct_anxious,step_event_week_005_excursion_forest_direct_anxious,0,speaker_abelia,여기 뭔가 있어요?
event_week_005_excursion_forest_direct_anxious,step_event_week_005_excursion_forest_direct_anxious,1,speaker_worker_1,아닙니다. 그냥 풀이 많이 자란 것뿐입니다.
event_week_005_excursion_forest_direct_anxious,step_event_week_005_excursion_forest_direct_anxious,2,speaker_abelia,근데 왜 여기만 이렇게 많아요?
event_week_005_excursion_forest_direct_anxious,step_event_week_005_excursion_forest_direct_anxious,3,speaker_worker_1,햇빛이 잘 드는 자리라 그렇습니다.
event_week_005_excursion_forest_direct_anxious,step_event_week_005_excursion_forest_direct_anxious,4,speaker_abelia,들어가도 되나요?
event_week_005_excursion_forest_direct_anxious,step_event_week_005_excursion_forest_direct_anxious,5,speaker_worker_1,"오늘은 그냥 지나치시죠, 아가씨."
event_week_005_excursion_forest_direct_anxious,step_event_week_005_excursion_forest_direct_anxious,6,speaker_abelia,왜요?
event_week_005_excursion_forest_direct_anxious,step_event_week_005_excursion_forest_direct_anxious,7,speaker_worker_1,…벌레가 많을 것 같습니다.
event_week_005_excursion_forest_direct_anxious,step_event_week_005_excursion_forest_direct_anxious,8,speaker_abelia,위험한거 숨겨놓은거 아니에요?
event_week_005_excursion_forest_direct_anxious,step_event_week_005_excursion_forest_direct_anxious,9,speaker_worker_1,아가씨.
event_week_005_excursion_forest_direct_anxious,step_event_week_005_excursion_forest_direct_anxious,10,speaker_abelia,…됐어요.
event_week_005_excursion_forest_blocked,step_event_week_005_excursion_forest_blocked,0,speaker_abelia,오늘 숲 깊은 데까지 가봐도 되나요?
event_week_005_excursion_forest_blocked,step_event_week_005_excursion_forest_blocked,1,speaker_worker_1,오늘은 안쪽 풀 정비가 있어서 어수선할 것 같습니다.
event_week_005_excursion_forest_blocked,step_event_week_005_excursion_forest_blocked,2,speaker_abelia,풀 정비?
event_week_005_excursion_forest_blocked,step_event_week_005_excursion_forest_blocked,3,speaker_worker_1,이맘때 한 번씩 손을 봐야 해서요.
event_week_005_excursion_forest_blocked,step_event_week_005_excursion_forest_blocked,4,speaker_abelia,다 끝나면 가도 되나요?
event_week_005_excursion_forest_blocked,step_event_week_005_excursion_forest_blocked,5,speaker_worker_1,며칠 걸릴 것 같습니다.
event_week_005_excursion_forest_blocked,step_event_week_005_excursion_forest_blocked,6,speaker_abelia,…항상 이래.
event_week_005_excursion_forest_blocked,step_event_week_005_excursion_forest_blocked,7,speaker_worker_1,아가씨.
event_week_005_excursion_forest_blocked,step_event_week_005_excursion_forest_blocked,8,speaker_abelia,됐어요.
event_week_006_excursion_forest_direct_default,step_event_week_006_excursion_forest_direct_default,0,speaker_abelia,경비가 많네.
event_week_006_excursion_forest_direct_default,step_event_week_006_excursion_forest_direct_default,1,speaker_worker_1,오늘 교대가 일찍 있었습니다.
event_week_006_excursion_forest_direct_default,step_event_week_006_excursion_forest_direct_default,2,speaker_abelia,그래요?
event_week_006_excursion_forest_direct_default,step_event_week_006_excursion_forest_direct_default,3,speaker_worker_1,무도회도 있으니까요. 오늘은 입구 쪽만 걸으시죠.
event_week_006_excursion_forest_direct_default,step_event_week_006_excursion_forest_direct_default,4,speaker_abelia,알겠어요.
event_week_006_excursion_forest_direct_clever,step_event_week_006_excursion_forest_direct_clever,0,speaker_narrator,경비가 평소보다 많은데.
event_week_006_excursion_forest_direct_clever,step_event_week_006_excursion_forest_direct_clever,1,speaker_worker_1,오늘 교대가 일찍 있었습니다.
event_week_006_excursion_forest_direct_clever,step_event_week_006_excursion_forest_direct_clever,2,speaker_abelia,왜요?
event_week_006_excursion_forest_direct_clever,step_event_week_006_excursion_forest_direct_clever,3,speaker_worker_1,일정 조정이 있었던 것 같습니다.
event_week_006_excursion_forest_direct_clever,step_event_week_006_excursion_forest_direct_clever,4,speaker_abelia,무도회 때문이겠죠. 외부 손님이 오니까 숲 쪽도 신경 쓰는 거고.
event_week_006_excursion_forest_direct_clever,step_event_week_006_excursion_forest_direct_clever,5,speaker_worker_1,그럴 수도 있습니다.
event_week_006_excursion_forest_direct_clever,step_event_week_006_excursion_forest_direct_clever,6,speaker_abelia,혹시 어젯밤에 뭔가 있었나요?
event_week_006_excursion_forest_direct_clever,step_event_week_006_excursion_forest_direct_clever,7,speaker_worker_1,특별한 일은 없었습니다.
event_week_006_excursion_forest_direct_clever,step_event_week_006_excursion_forest_direct_clever,8,speaker_abelia,그런데 교대를 왜 앞당겼을까요.
event_week_006_excursion_forest_direct_clever,step_event_week_006_excursion_forest_direct_clever,9,speaker_worker_1,그건…
event_week_006_excursion_forest_direct_clever,step_event_week_006_excursion_forest_direct_clever,10,speaker_abelia,됐어요. 더 묻지 않을게요.
event_week_006_excursion_forest_direct_clever,step_event_week_006_excursion_forest_direct_clever,11,speaker_narrator,아벨리아는 숲 안쪽을 한 번 더 바라보고 돌아섰다. 서두르지 않았다.
event_week_006_excursion_forest_direct_defiant,step_event_week_006_excursion_forest_direct_defiant,0,speaker_guard_captain,"아가씨, 오늘은 안쪽까지는 어렵습니다."
event_week_006_excursion_forest_direct_defiant,step_event_week_006_excursion_forest_direct_defiant,1,speaker_abelia,왜요?
event_week_006_excursion_forest_direct_defiant,step_event_week_006_excursion_forest_direct_defiant,2,speaker_guard_captain,경비 교대가 있어서 잠시 통제 중입니다.
event_week_006_excursion_forest_direct_defiant,step_event_week_006_excursion_forest_direct_defiant,3,speaker_abelia,내가 들어가는 게 경비 교대랑 무슨 상관이죠?
event_week_006_excursion_forest_direct_defiant,step_event_week_006_excursion_forest_direct_defiant,4,speaker_guard_captain,절차상…
event_week_006_excursion_forest_direct_defiant,step_event_week_006_excursion_forest_direct_defiant,5,speaker_abelia,나는 백작가 사람이에요.
event_week_006_excursion_forest_direct_defiant,step_event_week_006_excursion_forest_direct_defiant,6,speaker_guard_captain,"아가씨, 오늘은 무도회도 있으시고…"
event_week_006_excursion_forest_direct_defiant,step_event_week_006_excursion_forest_direct_defiant,7,speaker_abelia,그게 지금 숲이랑 무슨 상관이죠?
event_week_006_excursion_forest_direct_defiant,step_event_week_006_excursion_forest_direct_defiant,8,speaker_worker_1,"아가씨, 오늘은 입구 쪽만 둘러보시죠."
event_week_006_excursion_forest_direct_defiant,step_event_week_006_excursion_forest_direct_defiant,9,speaker_abelia,…알겠어요.
event_week_006_excursion_forest_blocked,step_event_week_006_excursion_forest_blocked,0,speaker_abelia,오늘 숲 가도 되나요?
event_week_006_excursion_forest_blocked,step_event_week_006_excursion_forest_blocked,1,speaker_worker_1,오늘은 무도회 준비가 있어서 채비를 일찍 시작해야 합니다.
event_week_006_excursion_forest_blocked,step_event_week_006_excursion_forest_blocked,2,speaker_abelia,아직 시간 많이 남았잖아요.
event_week_006_excursion_forest_blocked,step_event_week_006_excursion_forest_blocked,3,speaker_worker_1,머리 손질부터 시작해야 해서요. 얼른 돌아가시죠.
event_week_006_excursion_forest_blocked,step_event_week_006_excursion_forest_blocked,4,speaker_abelia,숲은 잠깐인데.
event_week_006_excursion_forest_blocked,step_event_week_006_excursion_forest_blocked,5,speaker_worker_1,아가씨 오늘만큼은 참아주세요.
event_week_006_excursion_forest_blocked,step_event_week_006_excursion_forest_blocked,6,speaker_abelia,…알겠어요.
event_week_007_excursion_forest_direct_default,step_event_week_007_excursion_forest_direct_default,0,speaker_narrator,굴뚝에서 평소보다 진하고 매캐한 연기가 솟구친다.
event_week_007_excursion_forest_direct_default,step_event_week_007_excursion_forest_direct_default,1,speaker_narrator,아벨리아는 코끝을 찌르는 낯선 냄새에 걸음을 멈췄다.
event_week_007_excursion_forest_direct_default,step_event_week_007_excursion_forest_direct_default,2,speaker_abelia,연기 색이 이상해요. 뭐 태우시는 거예요?
event_week_007_excursion_forest_direct_default,step_event_week_007_excursion_forest_direct_default,3,speaker_hunter,나무가 덜 말랐을 뿐이야. 별일 아니니 돌아가.
event_week_007_excursion_forest_direct_default,step_event_week_007_excursion_forest_direct_default,4,speaker_abelia,사냥지기님 목소리도 평소랑 다른데... 정말 괜찮으세요?
event_week_007_excursion_forest_direct_default,step_event_week_007_excursion_forest_direct_default,5,speaker_hunter,괜찮으니 어서 가 봐. 성인식 준비나 신경 쓰고.
event_week_007_excursion_forest_direct_default,step_event_week_007_excursion_forest_direct_default,6,speaker_abelia,...네. 그러고 있어요.
event_week_007_excursion_forest_direct_default,step_event_week_007_excursion_forest_direct_default,7,speaker_narrator,아벨리아는 짧게 인사하고 오두막을 나왔다. 등 뒤로 오두막 문이 급하게 닫히는 소리가 들렸다.
event_week_007_excursion_forest_direct_clever,step_event_week_007_excursion_forest_direct_clever,0,speaker_narrator,오두막 굴뚝에서 매캐한 연기가 길게 뿜어져 나오고 있다.
event_week_007_excursion_forest_direct_clever,step_event_week_007_excursion_forest_direct_clever,1,speaker_narrator,아벨리아는 오두막 안으로 들어서며 주위를 살핀다.
event_week_007_excursion_forest_direct_clever,step_event_week_007_excursion_forest_direct_clever,2,speaker_abelia,연기가 너무 진해요. 나무가 아니라 다른 걸 태우시는 것 같아요.
event_week_007_excursion_forest_direct_clever,step_event_week_007_excursion_forest_direct_clever,3,speaker_hunter,나무가 덜 말라서 그래. 별일 아니다.
event_week_007_excursion_forest_direct_clever,step_event_week_007_excursion_forest_direct_clever,4,speaker_abelia,숲길에 난 발자국들도 평소랑 달라요. 어젯밤에 누가 왔었죠?
event_week_007_excursion_forest_direct_clever,step_event_week_007_excursion_forest_direct_clever,5,speaker_hunter,밤에 오는 손님이 가끔 있지. 보려고 하지 마라.
event_week_007_excursion_forest_direct_clever,step_event_week_007_excursion_forest_direct_clever,6,speaker_abelia,누군지 아시는데 숨기시는 건가요?
event_week_007_excursion_forest_direct_clever,step_event_week_007_excursion_forest_direct_clever,7,speaker_hunter,모르는 게 오래 사는 법일 때도 있는 거다.
event_week_007_excursion_forest_direct_clever,step_event_week_007_excursion_forest_direct_clever,8,speaker_narrator,아벨리아는 오두막의 어두운 구석을 한 번 훑어보고는 걸음을 옮긴다.
event_week_007_excursion_forest_direct_clever,step_event_week_007_excursion_forest_direct_clever,9,speaker_abelia,장작이랑 물을 더 보낼게요. 혼자 계시기엔 숲이 너무 소란스럽네요.
event_week_007_excursion_forest_direct_curious,step_event_week_007_excursion_forest_direct_curious,0,speaker_narrator,방 안에는 매캐한 연기가 가득하다. 아벨리아는 매운 연기를 견디며 방 안쪽을 유심히 살핀다.
event_week_007_excursion_forest_direct_curious,step_event_week_007_excursion_forest_direct_curious,1,speaker_abelia,나무 타는 냄새가 아니에요. 뭘 숨기고 계신 건 아니죠?
event_week_007_excursion_forest_direct_curious,step_event_week_007_excursion_forest_direct_curious,2,speaker_hunter,그냥 젖은 나무가 타는 거다. 쓸데없는 데 힘 빼지 마.
event_week_007_excursion_forest_direct_curious,step_event_week_007_excursion_forest_direct_curious,3,speaker_abelia,그럼 밤마다 들리는 말발굽 소리는요? 숲에 말이 들어올 일이 없잖아요.
event_week_007_excursion_forest_direct_curious,step_event_week_007_excursion_forest_direct_curious,4,speaker_hunter,...소리만 들릴 뿐이야. 나는 절대로 내다보지 않는다.
event_week_007_excursion_forest_direct_curious,step_event_week_007_excursion_forest_direct_curious,5,speaker_abelia,누군지 궁금하지도 않으세요? 왜 숨어서 지나가는 건데요?
event_week_007_excursion_forest_direct_curious,step_event_week_007_excursion_forest_direct_curious,6,speaker_hunter,궁금해할수록 명만 짧아지는 법이야. 잊어버려.
event_week_007_excursion_forest_direct_curious,step_event_week_007_excursion_forest_direct_curious,7,speaker_narrator,아벨리아는 창밖의 어두운 숲길을 한참 동안 노려보았다.
event_week_007_excursion_forest_blocked,step_event_week_007_excursion_forest_blocked,0,speaker_narrator,아벨리아는 보고를 마친 하인을 가만히 바라보았다.
event_week_007_excursion_forest_blocked,step_event_week_007_excursion_forest_blocked,1,speaker_abelia,오두막 가는 길에 못 보던 표식이 생겼네요.
event_week_007_excursion_forest_blocked,step_event_week_007_excursion_forest_blocked,2,speaker_worker_2,안전을 위해 임시로 막아둔 겁니다. 오늘은 성인식 준비에 집중하시지요.
event_week_007_excursion_forest_blocked,step_event_week_007_excursion_forest_blocked,3,speaker_abelia,어제는 없었잖아요. 누가 세운 건가요?
event_week_007_excursion_forest_blocked,step_event_week_007_excursion_forest_blocked,4,speaker_worker_2,관리인이 정비 중입니다. 내일 가보시는 게 좋겠습니다.
event_week_007_excursion_forest_blocked,step_event_week_007_excursion_forest_blocked,5,speaker_abelia,알겠어요. 내일은 꼭 가봐야겠네요.
event_week_007_excursion_forest_blocked,step_event_week_007_excursion_forest_blocked,6,speaker_narrator,아벨리아는 짧게 대답하고 하인의 옆을 지나쳐 걸어갔다.
event_week_008_excursion_forest_direct_default,step_event_week_008_excursion_forest_direct_default,0,speaker_narrator,"굴뚝에서 연기는 오르지 않았다. 굴뚝 입구 주변의 그을음도 까맣지 않고, 회색이 되어 있었다."
event_week_008_excursion_forest_direct_default,step_event_week_008_excursion_forest_direct_default,1,speaker_worker_2,어젯밤에 돌아가셨다고 합니다.
event_week_008_excursion_forest_direct_default,step_event_week_008_excursion_forest_direct_default,2,speaker_abelia,...그렇군요.
event_week_008_excursion_forest_direct_default,step_event_week_008_excursion_forest_direct_default,3,speaker_narrator,아벨리아는 굴뚝에서 시선을 떼지 않았다.
event_week_008_excursion_forest_direct_default,step_event_week_008_excursion_forest_direct_default,4,speaker_abelia,어제까지는 불을 피우셨던 거네요.
event_week_008_excursion_forest_direct_default,step_event_week_008_excursion_forest_direct_default,5,speaker_worker_2,...예.
event_week_008_excursion_forest_direct_default,step_event_week_008_excursion_forest_direct_default,6,speaker_narrator,"아벨리아는 한참 동안 그 자리에 서 있었다. 바람이 한 번 불었지만, 굴뚝은 아무 소리도 내지 않았다."
event_week_008_excursion_forest_direct_clever,step_event_week_008_excursion_forest_direct_clever,0,speaker_narrator,굴뚝에서 연기는 오르지 않았다.
event_week_008_excursion_forest_direct_clever,step_event_week_008_excursion_forest_direct_clever,1,speaker_guard_captain,어젯밤에 돌아가셨다고 합니다.
event_week_008_excursion_forest_direct_clever,step_event_week_008_excursion_forest_direct_clever,2,speaker_abelia,...어디가 안 좋으셨던 거예요?
event_week_008_excursion_forest_direct_clever,step_event_week_008_excursion_forest_direct_clever,3,speaker_guard_captain,따로 들은 건 없습니다. 어제 아침까지는 평소처럼 일하고 계셨다고 했습니다.
event_week_008_excursion_forest_direct_clever,step_event_week_008_excursion_forest_direct_clever,4,speaker_abelia,어제 아침까지요.
event_week_008_excursion_forest_direct_clever,step_event_week_008_excursion_forest_direct_clever,5,speaker_narrator,"아벨리아는 오두막 입구의 발자국 자국과, 식어 있는 굴뚝을 번갈아 보았다."
event_week_008_excursion_forest_direct_clever,step_event_week_008_excursion_forest_direct_clever,6,speaker_abelia,"평소처럼 일하시던 분이, 하루 만에..."
event_week_008_excursion_forest_direct_clever,step_event_week_008_excursion_forest_direct_clever,7,speaker_guard_captain,...
event_week_008_excursion_forest_direct_clever,step_event_week_008_excursion_forest_direct_clever,8,speaker_abelia,어제 누가 다녀간 사람은 없었나요?
event_week_008_excursion_forest_direct_clever,step_event_week_008_excursion_forest_direct_clever,9,speaker_guard_captain,거기까지는 모르겠습니다.
event_week_008_excursion_forest_direct_clever,step_event_week_008_excursion_forest_direct_clever,10,speaker_narrator,"아벨리아는 답을 하지 않았다. 한참을 서서, 오두막을 다시 한 번 위에서 아래로 천천히 살폈다."
event_week_008_excursion_forest_direct_anxious,step_event_week_008_excursion_forest_direct_anxious,0,speaker_narrator,굴뚝에서 연기는 오르지 않았다. 굴뚝 입구가 식어 있었다.
event_week_008_excursion_forest_direct_anxious,step_event_week_008_excursion_forest_direct_anxious,1,speaker_worker_2,어젯밤에 돌아가셨다고 합니다. 편안하게 가신 것 같다고 했습니다.
event_week_008_excursion_forest_direct_anxious,step_event_week_008_excursion_forest_direct_anxious,2,speaker_abelia,...편안하게.
event_week_008_excursion_forest_direct_anxious,step_event_week_008_excursion_forest_direct_anxious,3,speaker_narrator,벨리아는 오두막을 한참 동안 바라봤다.
event_week_008_excursion_forest_direct_anxious,step_event_week_008_excursion_forest_direct_anxious,4,speaker_abelia,"안에서, 따뜻하게 잠드셨겠죠."
event_week_008_excursion_forest_direct_anxious,step_event_week_008_excursion_forest_direct_anxious,5,speaker_worker_2,...예. 그러셨을 겁니다.
event_week_008_excursion_forest_direct_anxious,step_event_week_008_excursion_forest_direct_anxious,6,speaker_abelia,그랬으면 좋겠어요.
event_week_008_excursion_forest_direct_anxious,step_event_week_008_excursion_forest_direct_anxious,7,speaker_narrator,아벨리아는 굴뚝을 한 번 더 올려다봤다. 식은 굴뚝 위로 햇살이 비스듬히 떨어지고 있었다.
event_week_008_excursion_forest_blocked,step_event_week_008_excursion_forest_blocked,0,speaker_narrator,사냥터지기 댁에 가보고 싶어요.
event_week_008_excursion_forest_blocked,step_event_week_008_excursion_forest_blocked,1,speaker_worker_2,그쪽 길은 오늘 막혀 있습니다.
event_week_008_excursion_forest_blocked,step_event_week_008_excursion_forest_blocked,2,speaker_abelia,왜요?
event_week_008_excursion_forest_blocked,step_event_week_008_excursion_forest_blocked,3,speaker_worker_2,"전야제 준비로, 외부로 나가는 길은 통제 중입니다."
event_week_008_excursion_forest_blocked,step_event_week_008_excursion_forest_blocked,4,speaker_abelia,사냥터지기 댁이 외부예요?
event_week_008_excursion_forest_blocked,step_event_week_008_excursion_forest_blocked,5,speaker_worker_2,...
event_week_008_excursion_forest_blocked,step_event_week_008_excursion_forest_blocked,6,speaker_abelia,어제까지는 다닐 수 있었잖아요.
event_week_008_excursion_forest_blocked,step_event_week_008_excursion_forest_blocked,7,speaker_worker_2,"죄송합니다, 아가씨."
event_week_008_excursion_forest_blocked,step_event_week_008_excursion_forest_blocked,8,speaker_abelia,누가 막으라고 했어요?
event_week_008_excursion_forest_blocked,step_event_week_008_excursion_forest_blocked,9,speaker_worker_2,...임시가주님 지시였습니다.
event_week_008_excursion_forest_blocked,step_event_week_008_excursion_forest_blocked,10,speaker_narrator,아벨리아는 창밖을 바라봤다. 숲 쪽 굴뚝이 보였다. 연기는 없었다.
event_week_008_excursion_forest_blocked,step_event_week_008_excursion_forest_blocked,11,speaker_narrator,"아벨리아는 자리에서 일어나지도, 시선을 거두지도 않았다."
event_week_009_excursion_forest_direct_default,step_event_week_009_excursion_forest_direct_default,0,speaker_narrator,덤불이 길 양옆으로 깔끔하게 치워져 있었다. 베인 단면이 아직 새것이었다.
event_week_009_excursion_forest_direct_default,step_event_week_009_excursion_forest_direct_default,1,speaker_abelia,"이거, 최근에 누가 한 거예요?"
event_week_009_excursion_forest_direct_default,step_event_week_009_excursion_forest_direct_default,2,speaker_worker_1,...잘 모르겠습니다.
event_week_009_excursion_forest_direct_default,step_event_week_009_excursion_forest_direct_default,3,speaker_abelia,며칠 안 돼 보이는데요.
event_week_009_excursion_forest_direct_default,step_event_week_009_excursion_forest_direct_default,4,speaker_narrator,아벨리아는 길을 따라 천천히 걸으며 양옆을 둘러봤다. 덤불은 안쪽까지 일정한 폭으로 치워져 있었다.
event_week_009_excursion_forest_direct_default,step_event_week_009_excursion_forest_direct_default,5,speaker_abelia,"누가, 어디까지 치워둔 걸까요."
event_week_009_excursion_forest_direct_clever,step_event_week_009_excursion_forest_direct_clever,0,speaker_narrator,덤불은 길을 따라 안쪽까지 깔끔하게 치워져 있었다.
event_week_009_excursion_forest_direct_clever,step_event_week_009_excursion_forest_direct_clever,1,speaker_abelia,"잠깐, 들어가 볼게요."
event_week_009_excursion_forest_direct_clever,step_event_week_009_excursion_forest_direct_clever,2,speaker_narrator,아벨리아는 길을 따라 한참을 걸어 들어갔다. 폭이 좁아지지 않았다. 사람 한 명이 아니라 말이 지나갈 만한 폭이었다.
event_week_009_excursion_forest_direct_clever,step_event_week_009_excursion_forest_direct_clever,3,speaker_narrator,"나무 사이로 멀리, 말 탄 사람 몇이 줄지어 서 있는 게 보였다."
event_week_009_excursion_forest_direct_clever,step_event_week_009_excursion_forest_direct_clever,4,speaker_narrator,"아벨리아는 발걸음을 멈추고, 나무 뒤로 한 걸음 비껴섰다."
event_week_009_excursion_forest_direct_clever,step_event_week_009_excursion_forest_direct_clever,5,speaker_abelia,...덤불을 치운 건 길을 내려던 게 아니었네요.
event_week_009_excursion_forest_direct_clever,step_event_week_009_excursion_forest_direct_clever,6,speaker_abelia,누가 다닐 길인지가 중요한 거였어요.
event_week_009_excursion_forest_direct_innocent,step_event_week_009_excursion_forest_direct_innocent,0,speaker_abelia,길이 깨끗해졌네요.
event_week_009_excursion_forest_direct_innocent,step_event_week_009_excursion_forest_direct_innocent,1,speaker_worker_1,예. 정비가 됐습니다.
event_week_009_excursion_forest_direct_innocent,step_event_week_009_excursion_forest_direct_innocent,2,speaker_abelia,이쪽으로 가도 되나요?
event_week_009_excursion_forest_direct_innocent,step_event_week_009_excursion_forest_direct_innocent,3,speaker_worker_1,"…예, 아가씨."
event_week_009_excursion_forest_direct_innocent,step_event_week_009_excursion_forest_direct_innocent,4,speaker_abelia,전에 왔던 곳이에요. 풀이 많던 곳.
event_week_009_excursion_forest_direct_innocent,step_event_week_009_excursion_forest_direct_innocent,5,speaker_worker_1,예.
event_week_009_excursion_forest_direct_innocent,step_event_week_009_excursion_forest_direct_innocent,6,speaker_abelia,여기에 뭔가 있었던 거죠?
event_week_009_excursion_forest_direct_innocent,step_event_week_009_excursion_forest_direct_innocent,7,speaker_worker_1,어머님께서 잠들어 계신 자리입니다.
event_week_009_excursion_forest_direct_innocent,step_event_week_009_excursion_forest_direct_innocent,8,speaker_abelia,어머니가요.
event_week_009_excursion_forest_direct_innocent,step_event_week_009_excursion_forest_direct_innocent,9,speaker_worker_1,예.
event_week_009_excursion_forest_direct_innocent,step_event_week_009_excursion_forest_direct_innocent,10,speaker_narrator,아벨리아는 아무 말도 하지 않았다. 천천히 걸어 들어가서 돌 앞에 섰다.
event_week_009_excursion_forest_direct_innocent,step_event_week_009_excursion_forest_direct_innocent,11,speaker_abelia,아벨리아: 전에도 왔었어요. 여기 앉아 있었던 것 같은데.
event_week_009_excursion_forest_direct_innocent,step_event_week_009_excursion_forest_direct_innocent,12,speaker_worker_1,"…예, 아가씨."
event_week_009_excursion_forest_direct_innocent,step_event_week_009_excursion_forest_direct_innocent,13,speaker_narrator,아벨리아는 오래 그 자리에 있었다.
event_week_009_excursion_forest_blocked,step_event_week_009_excursion_forest_blocked,0,speaker_abelia,"숲길 정비, 어디까지 됐다고 했죠?"
event_week_009_excursion_forest_blocked,step_event_week_009_excursion_forest_blocked,1,speaker_worker_1,"입구 쪽까지만 정리됐고, 안쪽은 그대로입니다."
event_week_009_excursion_forest_blocked,step_event_week_009_excursion_forest_blocked,2,speaker_abelia,안쪽이 그대로면 누가 드나들어도 모르겠네요.
event_week_009_excursion_forest_blocked,step_event_week_009_excursion_forest_blocked,3,speaker_worker_1,...
event_week_009_excursion_forest_blocked,step_event_week_009_excursion_forest_blocked,4,speaker_abelia,식 끝나고 마저 정리하나요?
event_week_009_excursion_forest_blocked,step_event_week_009_excursion_forest_blocked,5,speaker_worker_1,그건 따로 지시가 없으십니다.
event_week_009_excursion_forest_blocked,step_event_week_009_excursion_forest_blocked,6,speaker_abelia,지시가 없으면 안 한다는 거잖아요.
event_week_009_excursion_forest_blocked,step_event_week_009_excursion_forest_blocked,7,speaker_narrator,아벨리아는 창밖 숲 쪽을 한참 봤다.
event_week_009_excursion_forest_blocked,step_event_week_009_excursion_forest_blocked,8,speaker_abelia,식 끝나면 제가 직접 확인하러 갈게요.
event_week_001_excursion_library_direct_default,step_event_week_001_excursion_library_direct_default,0,speaker_narrator,도서관 책상 위에 아버지의 책들이 쌓여 있었다.
event_week_001_excursion_library_direct_default,step_event_week_001_excursion_library_direct_default,1,speaker_narrator,몇 권에는 아직 책갈피가 꽂혀 있었다.
event_week_001_excursion_library_direct_default,step_event_week_001_excursion_library_direct_default,2,speaker_abelia,아빠 책이야?
event_week_001_excursion_library_direct_default,step_event_week_001_excursion_library_direct_default,3,speaker_librarian,예. 정리하고 있었습니다.
event_week_001_excursion_library_direct_default,step_event_week_001_excursion_library_direct_default,4,speaker_abelia,아빠가 보던거야?
event_week_001_excursion_library_direct_default,step_event_week_001_excursion_library_direct_default,5,speaker_narrator,아벨리아는 책갈피를 만지려다 손을 멈췄다.
event_week_001_excursion_library_direct_default,step_event_week_001_excursion_library_direct_default,6,speaker_abelia,…아빠가 다시 와서 보면 안 돼?
event_week_001_excursion_library_direct_default,step_event_week_001_excursion_library_direct_default,7,speaker_narrator,서고관리인은 대답하지 못했다.
event_week_001_excursion_library_blocked,step_event_week_001_excursion_library_blocked,0,speaker_narrator,닫힌 문 안쪽에서 책장을 옮기는 소리가 들린다.
event_week_001_excursion_library_blocked,step_event_week_001_excursion_library_blocked,1,speaker_librarian,아직 정리가 끝나지 않았습니다.
event_week_001_excursion_library_blocked,step_event_week_001_excursion_library_blocked,2,speaker_abelia,못 들어가?
event_week_001_excursion_library_blocked,step_event_week_001_excursion_library_blocked,3,speaker_librarian,예. 오늘은 어렵습니다.
event_week_001_excursion_library_blocked,step_event_week_001_excursion_library_blocked,4,speaker_abelia,나 동화책 보고 싶단 말이야!
event_week_001_excursion_library_blocked,step_event_week_001_excursion_library_blocked,5,speaker_librarian,"죄송합니다. 조금 나중에 와주세요, 아가씨."
event_week_001_excursion_library_blocked,step_event_week_001_excursion_library_blocked,6,speaker_abelia,치...알겠어.
event_week_002_excursion_library_direct_default,step_event_week_002_excursion_library_direct_default,0,speaker_narrator,흐뜨러진 책들 중 같은 페이지가 여러 번 접혀 있는 책이 있다.
event_week_002_excursion_library_direct_default,step_event_week_002_excursion_library_direct_default,1,speaker_abelia,여기만 접혀 있어.
event_week_002_excursion_library_direct_default,step_event_week_002_excursion_library_direct_default,2,speaker_librarian,여기까지 보신 모양입니다.
event_week_002_excursion_library_direct_default,step_event_week_002_excursion_library_direct_default,3,speaker_narrator,아벨리아가 접힌 페이지를 조심히 펼친다.
event_week_002_excursion_library_direct_default,step_event_week_002_excursion_library_direct_default,4,speaker_narrator,펼친 페이지에는 우스꽝스럽게 춤을 추는 광대 그림이 있다.
event_week_002_excursion_library_direct_default,step_event_week_002_excursion_library_direct_default,5,speaker_abelia,"크크크, 이거 뭐 하고 있는 거야?"
event_week_002_excursion_library_direct_default,step_event_week_002_excursion_library_direct_default,6,speaker_librarian,광대가 춤을 추는 겁니다.
event_week_002_excursion_library_direct_default,step_event_week_002_excursion_library_direct_default,7,speaker_narrator,아벨리아가 광대 시늉을 내며 춤을 추기 시작한다.
event_week_002_excursion_library_direct_default,step_event_week_002_excursion_library_direct_default,8,speaker_abelia,이렇게?
event_week_002_excursion_library_direct_default,step_event_week_002_excursion_library_direct_default,9,speaker_narrator,서고관리인과 아벨리아가 크게 웃는다.
event_week_002_excursion_library_direct_curious,step_event_week_002_excursion_library_direct_curious,0,speaker_narrator,아벨리아는 책상 아래에 끼어 있던 작은 쪽지를 발견했다.
event_week_002_excursion_library_direct_curious,step_event_week_002_excursion_library_direct_curious,1,speaker_abelia,여기 뭐 있다.
event_week_002_excursion_library_direct_curious,step_event_week_002_excursion_library_direct_curious,2,speaker_narrator,아벨리아가 쪽지를 펼친다.
event_week_002_excursion_library_direct_curious,step_event_week_002_excursion_library_direct_curious,3,speaker_narrator,‘이 아이를 어떻게 지켜야 할까.’
event_week_002_excursion_library_direct_curious,step_event_week_002_excursion_library_direct_curious,4,speaker_narrator,한참 들여다봤다. 글씨는 중간에 끊겨 있었다. 뒷말은 없었다.
event_week_002_excursion_library_direct_curious,step_event_week_002_excursion_library_direct_curious,5,speaker_abelia,아빠는 쪽지 쓰는걸 좋아했나?
event_week_002_excursion_library_direct_curious,step_event_week_002_excursion_library_direct_curious,6,speaker_narrator,아벨리아가 책상 다리 안쪽과 서랍 바닥면을 거칠게 훑기 시작한다.
event_week_002_excursion_library_direct_curious,step_event_week_002_excursion_library_direct_curious,7,speaker_abelia,다른 쪽지도 있나 찾아봐야겠다.
event_week_002_excursion_library_direct_anxious,step_event_week_002_excursion_library_direct_anxious,0,speaker_narrator,아벨리아는 책상 아래에 끼어 있던 작은 쪽지를 발견했다.
event_week_002_excursion_library_direct_anxious,step_event_week_002_excursion_library_direct_anxious,1,speaker_abelia,여기 뭐 있다.
event_week_002_excursion_library_direct_anxious,step_event_week_002_excursion_library_direct_anxious,2,speaker_narrator,아벨리아가 쪽지를 펼친다.
event_week_002_excursion_library_direct_anxious,step_event_week_002_excursion_library_direct_anxious,3,speaker_narrator,‘이 아이를 어떻게 지켜야 할까.’
event_week_002_excursion_library_direct_anxious,step_event_week_002_excursion_library_direct_anxious,4,speaker_narrator,한참 들여다봤다. 글씨는 중간에 끊겨 있었다. 뒷말은 없었다.
event_week_002_excursion_library_direct_anxious,step_event_week_002_excursion_library_direct_anxious,5,speaker_narrator,아벨리아는 쪽지를 오래 들여다보지 못했다.
event_week_002_excursion_library_direct_anxious,step_event_week_002_excursion_library_direct_anxious,6,speaker_abelia,…아빠가 나 걱정했어.
event_week_002_excursion_library_direct_anxious,step_event_week_002_excursion_library_direct_anxious,7,speaker_abelia,"아빠, 보고 싶어."
event_week_002_excursion_library_direct_anxious,step_event_week_002_excursion_library_direct_anxious,8,speaker_narrator,쪽지를 제자리에 끼워 넣고 도서관을 나왔다.
event_week_002_excursion_library_blocked,step_event_week_002_excursion_library_blocked,0,speaker_narrator,도서관 문 앞에 정리 중이라는 팻말이 걸려 있었다.
event_week_002_excursion_library_blocked,step_event_week_002_excursion_library_blocked,1,speaker_librarian,다과회 준비 때문에 책들을 잠시 옮기고 있습니다.
event_week_002_excursion_library_blocked,step_event_week_002_excursion_library_blocked,2,speaker_abelia,무슨 책? 나도 같이 할래!
event_week_002_excursion_library_blocked,step_event_week_002_excursion_library_blocked,3,speaker_librarian,"위험합니다, 아가씨."
event_week_002_excursion_library_blocked,step_event_week_002_excursion_library_blocked,4,speaker_abelia,"같이 할래, 나도 하고 싶어!"
event_week_002_excursion_library_blocked,step_event_week_002_excursion_library_blocked,5,speaker_librarian,"안 됩니다, 정원에서 손님 맞이할 준비를 하시지요."
event_week_002_excursion_library_blocked,step_event_week_002_excursion_library_blocked,6,speaker_abelia,치..알겠어.
event_week_003_excursion_library_direct_default,step_event_week_003_excursion_library_direct_default,0,speaker_narrator,서고관리인이 서가를 정리하다 오래된 일기장을 꺼내 보였다.
event_week_003_excursion_library_direct_default,step_event_week_003_excursion_library_direct_default,1,speaker_librarian,어머님의 일기장인 것 같습니다.
event_week_003_excursion_library_direct_default,step_event_week_003_excursion_library_direct_default,2,speaker_abelia,…엄마 거야?
event_week_003_excursion_library_direct_default,step_event_week_003_excursion_library_direct_default,3,speaker_narrator,아벨리아는 일기장을 잠깐 들여다보다가 도로 내려놓았다.
event_week_003_excursion_library_direct_default,step_event_week_003_excursion_library_direct_default,4,speaker_abelia,"자, 다시 정리해줘."
event_week_003_excursion_library_direct_default,step_event_week_003_excursion_library_direct_default,5,speaker_abelia,지금 보면 슬퍼질 것 같아.
event_week_003_excursion_library_direct_default,step_event_week_003_excursion_library_direct_default,6,speaker_narrator,서고관리인은 말없이 일기장을 상자에 도로 넣었다.
event_week_003_excursion_library_direct_cautious,step_event_week_003_excursion_library_direct_cautious,0,speaker_narrator,서고관리인이 서가 안쪽에서 오래된 상자를 꺼냈다.  자물쇠가 걸린 가죽 일기장이 들어있었다.
event_week_003_excursion_library_direct_cautious,step_event_week_003_excursion_library_direct_cautious,1,speaker_narrator,어머님의 물건입니다.
event_week_003_excursion_library_direct_cautious,step_event_week_003_excursion_library_direct_cautious,2,speaker_abelia,열쇠는?
event_week_003_excursion_library_direct_cautious,step_event_week_003_excursion_library_direct_cautious,3,speaker_librarian,찾지 못했습니다.
event_week_003_excursion_library_direct_cautious,step_event_week_003_excursion_library_direct_cautious,4,speaker_narrator,아벨리아는 일기장을 받다.
event_week_003_excursion_library_direct_cautious,step_event_week_003_excursion_library_direct_cautious,5,speaker_abelia,열어볼 방법은 없을까?
event_week_003_excursion_library_direct_cautious,step_event_week_003_excursion_library_direct_cautious,6,speaker_librarian,억지로 열면 망가질 수도 있습니다.
event_week_003_excursion_library_direct_cautious,step_event_week_003_excursion_library_direct_cautious,7,speaker_abelia,"그렇지...그럼, 열쇠를 찾을 때까지는 그대로 두자."
event_week_003_excursion_library_direct_cautious,step_event_week_003_excursion_library_direct_cautious,8,speaker_librarian,못 봐도 괜찮으시겠습니까?
event_week_003_excursion_library_direct_cautious,step_event_week_003_excursion_library_direct_cautious,9,speaker_abelia,엄마가 잠가둔 거잖아. 내가 마음대로 열면 안 될 것 같아.
event_week_003_excursion_library_direct_cautious,step_event_week_003_excursion_library_direct_cautious,10,speaker_narrator,아벨리아는 일기장을 품에 안았다.
event_week_003_excursion_library_direct_cautious,step_event_week_003_excursion_library_direct_cautious,11,speaker_abelia,그래도 가지고 있는 건 괜찮겠지...
event_week_003_excursion_library_direct_innocent,step_event_week_003_excursion_library_direct_innocent,0,speaker_narrator,서고관리인이 서가 안쪽에서 오래된 상자를 꺼냈다  자물쇠가 걸린 가죽 일기장이 들어있었다.
event_week_003_excursion_library_direct_innocent,step_event_week_003_excursion_library_direct_innocent,1,speaker_librarian,…어머님의 물건입니다.
event_week_003_excursion_library_direct_innocent,step_event_week_003_excursion_library_direct_innocent,2,speaker_abelia,엄마 거라고?
event_week_003_excursion_library_direct_innocent,step_event_week_003_excursion_library_direct_innocent,3,speaker_narrator,아벨리아가 일기장을 받아 들었다. 자물쇠를 이리저리 만져봤다.
event_week_003_excursion_library_direct_innocent,step_event_week_003_excursion_library_direct_innocent,4,speaker_abelia,열쇠는 어디 있어?
event_week_003_excursion_library_direct_innocent,step_event_week_003_excursion_library_direct_innocent,5,speaker_librarian,모르겠습니다.
event_week_003_excursion_library_direct_innocent,step_event_week_003_excursion_library_direct_innocent,6,speaker_abelia,그럼 찾아보면 되잖아. 엄마 방에 있을까?
event_week_003_excursion_library_direct_innocent,step_event_week_003_excursion_library_direct_innocent,7,speaker_librarian,…글쎄요.
event_week_003_excursion_library_direct_innocent,step_event_week_003_excursion_library_direct_innocent,8,speaker_abelia,열어보고 싶어. 엄마가 뭘 썼는지 보고 싶어.
event_week_003_excursion_library_direct_innocent,step_event_week_003_excursion_library_direct_innocent,9,speaker_narrator,"아벨리아는 열쇠를 찾아, 일기장을 조심히 열었다."
event_week_003_excursion_library_direct_innocent,step_event_week_003_excursion_library_direct_innocent,10,speaker_narrator,곧 태어날 나의 벨에게 - 이자벨 -'
event_week_003_excursion_library_direct_innocent,step_event_week_003_excursion_library_direct_innocent,11,speaker_abelia,엄마 글씨 처음 봐...
event_week_003_excursion_library_blocked,step_event_week_003_excursion_library_blocked,0,speaker_narrator,도서관 문 앞. 오후.
event_week_003_excursion_library_blocked,step_event_week_003_excursion_library_blocked,1,speaker_librarian,아가씨. 오늘은 서고 정리 중이라 들어오실 수 없습니다.
event_week_003_excursion_library_blocked,step_event_week_003_excursion_library_blocked,2,speaker_abelia,얼마나 걸려?
event_week_003_excursion_library_blocked,step_event_week_003_excursion_library_blocked,3,speaker_librarian,며칠은 걸릴 것 같습니다.
event_week_003_excursion_library_blocked,step_event_week_003_excursion_library_blocked,4,speaker_abelia,뭐? 이런...
event_week_003_excursion_library_blocked,step_event_week_003_excursion_library_blocked,5,speaker_abelia,"그럼, 재밌는 책 있으면 내 방으로 갖다줘!"
event_week_003_excursion_library_blocked,step_event_week_003_excursion_library_blocked,6,speaker_librarian,그러겠습니다.
event_week_003_excursion_library_blocked,step_event_week_003_excursion_library_blocked,7,speaker_narrator,아벨리아는 고개를 끄덕이고 돌아섰다.
event_week_004_excursion_library_direct_default,step_event_week_004_excursion_library_direct_default,0,speaker_narrator,아벨리아는 계보를 잠깐 펼쳤다가 덮었다.
event_week_004_excursion_library_direct_default,step_event_week_004_excursion_library_direct_default,1,speaker_abelia,이름이 너무 많아.
event_week_004_excursion_library_direct_default,step_event_week_004_excursion_library_direct_default,2,speaker_librarian,천천히 익히시면 됩니다.
event_week_004_excursion_library_direct_default,step_event_week_004_excursion_library_direct_default,3,speaker_abelia,…축제 전까지 다 외워야 해?
event_week_004_excursion_library_direct_default,step_event_week_004_excursion_library_direct_default,4,speaker_librarian,중요한 분들만 알고 계시면 충분합니다.
event_week_004_excursion_library_direct_default,step_event_week_004_excursion_library_direct_default,5,speaker_narrator,아벨리아는 고개를 끄덕이고 도서관을 나왔다.
event_week_004_excursion_library_direct_clever,step_event_week_004_excursion_library_direct_clever,0,speaker_narrator,책상 위에 여러 가문의 계보가 펼쳐져 있었다.
event_week_004_excursion_library_direct_clever,step_event_week_004_excursion_library_direct_clever,1,speaker_narrator,아벨리아는 천천히 손가락으로 이름을 짚어 내려갔다.
event_week_004_excursion_library_direct_clever,step_event_week_004_excursion_library_direct_clever,2,speaker_librarian,"아가씨, 뭐하고 계십니까?"
event_week_004_excursion_library_direct_clever,step_event_week_004_excursion_library_direct_clever,3,speaker_abelia,오늘 로사벨 후작가에서 연 축제에 가잖아?
event_week_004_excursion_library_direct_clever,step_event_week_004_excursion_library_direct_clever,4,speaker_abelia,그래서 여러 가문들의 계보를 미리 알아가려구.
event_week_004_excursion_library_direct_clever,step_event_week_004_excursion_library_direct_clever,5,speaker_librarian,"정말 대견합니다, 아가씨."
event_week_004_excursion_library_direct_clever,step_event_week_004_excursion_library_direct_clever,6,speaker_abelia,"로사벨 후작가의 장녀가 유피고, 발테리온 자작가의 장남이 막스 맞지?"
event_week_004_excursion_library_direct_clever,step_event_week_004_excursion_library_direct_clever,7,speaker_narrator,아벨리아가 뿌듯한 듯 어깨를 으쓱한다.
event_week_004_excursion_library_direct_clever,step_event_week_004_excursion_library_direct_clever,8,speaker_abelia,그리고 발테리온 자작가는 우리 벨라리우스 가문을 도와주는 봉신 가문이고!
event_week_004_excursion_library_direct_clever,step_event_week_004_excursion_library_direct_clever,9,speaker_librarian,감격스럽네요. 아주 훌륭하십니다.
event_week_004_excursion_library_direct_curious,step_event_week_004_excursion_library_direct_curious,0,speaker_narrator,책상 위에 여러 가문의 계보가 펼쳐져 있었다.
event_week_004_excursion_library_direct_curious,step_event_week_004_excursion_library_direct_curious,1,speaker_narrator,아벨리아는 천천히 손가락으로 이름을 짚어 내려갔다.
event_week_004_excursion_library_direct_curious,step_event_week_004_excursion_library_direct_curious,2,speaker_librarian,"아가씨, 뭐하고 계십니까?"
event_week_004_excursion_library_direct_curious,step_event_week_004_excursion_library_direct_curious,3,speaker_abelia,오늘 로사벨 후작가에서 연 축제에 가잖아?
event_week_004_excursion_library_direct_curious,step_event_week_004_excursion_library_direct_curious,4,speaker_abelia,그래서 여러 가문들의 계보를 미리 알아가려구.
event_week_004_excursion_library_direct_curious,step_event_week_004_excursion_library_direct_curious,5,speaker_librarian,"정말 대견합니다, 아가씨."
event_week_004_excursion_library_direct_curious,step_event_week_004_excursion_library_direct_curious,6,speaker_abelia,그런데 로사벨 후작가와 우리 가문은 어떤 사이야?
event_week_004_excursion_library_direct_curious,step_event_week_004_excursion_library_direct_curious,7,speaker_librarian,말하자면 깁니다만...
event_week_004_excursion_library_direct_curious,step_event_week_004_excursion_library_direct_curious,8,speaker_abelia,"말해줘, 궁금해!"
event_week_004_excursion_library_direct_curious,step_event_week_004_excursion_library_direct_curious,9,speaker_librarian,로사벨 후작가는 저희 가문보다 센 가문입니다.
event_week_004_excursion_library_direct_curious,step_event_week_004_excursion_library_direct_curious,10,speaker_abelia,그게...다야?
event_week_004_excursion_library_direct_curious,step_event_week_004_excursion_library_direct_curious,11,speaker_librarian,지금 말씀드릴 수 있는 것은 그게 답니다.
event_week_004_excursion_library_blocked,step_event_week_004_excursion_library_blocked,0,speaker_narrator,도서관 문이 잠겨 있었다.
event_week_004_excursion_library_blocked,step_event_week_004_excursion_library_blocked,1,speaker_librarian,후작가 손님들이 오셔서 서고 정리를 다시 하고 있습니다.
event_week_004_excursion_library_blocked,step_event_week_004_excursion_library_blocked,2,speaker_abelia,"그치만, 나 책 보고 싶은데?"
event_week_004_excursion_library_blocked,step_event_week_004_excursion_library_blocked,3,speaker_narrator,서고관리인이 책을 한 권 건네며 말한다.
event_week_004_excursion_library_blocked,step_event_week_004_excursion_library_blocked,4,speaker_librarian,요즘 귀족 영애들 사이에 유행인 책입니다.
event_week_004_excursion_library_blocked,step_event_week_004_excursion_library_blocked,5,speaker_librarian,오늘은 이것으로 만족하시지요.
event_week_004_excursion_library_blocked,step_event_week_004_excursion_library_blocked,6,speaker_abelia,"오, 유행이란 말이지? 고마워!"
event_week_005_excursion_library_direct_default,step_event_week_005_excursion_library_direct_default,0,speaker_narrator,예법서 옆에 귀족 사회 인명록이 놓여 있었다.
event_week_005_excursion_library_direct_default,step_event_week_005_excursion_library_direct_default,1,speaker_narrator,아벨리아는 두 책을 번갈아 보았다.
event_week_005_excursion_library_direct_default,step_event_week_005_excursion_library_direct_default,2,speaker_abelia,예법서랑 인명록을 같이 보는 이유가 있죠?
event_week_005_excursion_library_direct_default,step_event_week_005_excursion_library_direct_default,3,speaker_librarian,인사법은 상대에 따라 달라지니까요.
event_week_005_excursion_library_direct_default,step_event_week_005_excursion_library_direct_default,4,speaker_narrator,아벨리아는 이름 몇 개를 예법서의 항목과 맞춰 보았다.
event_week_005_excursion_library_direct_clever,step_event_week_005_excursion_library_direct_clever,0,speaker_narrator,아벨리아는 인명록을 펼쳐놓고 예법서를 옆에 두었다. 두 권을 번갈아 보고 있었다.
event_week_005_excursion_library_direct_clever,step_event_week_005_excursion_library_direct_clever,1,speaker_abelia,알면 알 수록 무서운 것 같아요.
event_week_005_excursion_library_direct_clever,step_event_week_005_excursion_library_direct_clever,2,speaker_librarian,무엇이 말입니까?
event_week_005_excursion_library_direct_clever,step_event_week_005_excursion_library_direct_clever,3,speaker_abelia,"예법을 갖추지 않는다고 벌하고, 파벌이 다르다고 싸우고."
event_week_005_excursion_library_direct_clever,step_event_week_005_excursion_library_direct_clever,4,speaker_librarian,...그렇지요.
event_week_005_excursion_library_direct_clever,step_event_week_005_excursion_library_direct_clever,5,speaker_abelia,우리 가문은 어느 편에 서야해?
event_week_005_excursion_library_direct_clever,step_event_week_005_excursion_library_direct_clever,6,speaker_abelia,어떻게 행동해야 살아남을 수 있어?
event_week_005_excursion_library_direct_clever,step_event_week_005_excursion_library_direct_clever,7,speaker_librarian,"너무 깊게 걱정하실 필요 없습니다, 아가씨."
event_week_005_excursion_library_direct_clever,step_event_week_005_excursion_library_direct_clever,8,speaker_narrator,아벨리아가 석연치 않은 눈빛으로 인명록을 바라본다.
event_week_005_excursion_library_direct_innocent,step_event_week_005_excursion_library_direct_innocent,0,speaker_narrator,아벨리아는 예법서의 그림을 따라 조심스럽게 고개를 숙였다.
event_week_005_excursion_library_direct_innocent,step_event_week_005_excursion_library_direct_innocent,1,speaker_abelia,이렇게 하면 이상하지 않아요?
event_week_005_excursion_library_direct_innocent,step_event_week_005_excursion_library_direct_innocent,2,speaker_librarian,충분히 단정합니다. 잘하고 계세요.
event_week_005_excursion_library_direct_innocent,step_event_week_005_excursion_library_direct_innocent,3,speaker_narrator,책갈피 사이에서 낡은 메모가 떨어졌다.
event_week_005_excursion_library_direct_innocent,step_event_week_005_excursion_library_direct_innocent,4,speaker_narrator,아버지의 글씨체였다.
event_week_005_excursion_library_direct_innocent,step_event_week_005_excursion_library_direct_innocent,5,speaker_narrator,"‘틀리지 않는 것보다, 무너지지 않는 것이 먼저다.’"
event_week_005_excursion_library_direct_innocent,step_event_week_005_excursion_library_direct_innocent,6,speaker_abelia,…아빠가 봤던 책이구나.
event_week_005_excursion_library_direct_innocent,step_event_week_005_excursion_library_direct_innocent,7,speaker_abelia,무슨 말인지 모르겠어. 아빠는 참 말을 어렵게 한다니까.
event_week_005_excursion_library_direct_innocent,step_event_week_005_excursion_library_direct_innocent,8,speaker_narrator,"아벨리아는 메모를 다시 책 안에 넣고, 예법 연습을 계속했다."
event_week_005_excursion_library_blocked,step_event_week_005_excursion_library_blocked,0,speaker_narrator,도서관 앞에는 예법 수업 준비 중이라는 말이 붙어 있었다.
event_week_005_excursion_library_blocked,step_event_week_005_excursion_library_blocked,1,speaker_librarian,오늘은 책을 옮겨야 해서 들어가실 수 없습니다.
event_week_005_excursion_library_blocked,step_event_week_005_excursion_library_blocked,2,speaker_abelia,오늘 봐야 하는데요.
event_week_005_excursion_library_blocked,step_event_week_005_excursion_library_blocked,3,speaker_librarian,필요한 책은 따로 가져다드리겠습니다.
event_week_005_excursion_library_blocked,step_event_week_005_excursion_library_blocked,4,speaker_narrator,"아벨리아는 고개를 끄덕였지만, 손끝이 굳어 있었다."
event_week_006_excursion_library_direct_default,step_event_week_006_excursion_library_direct_default,0,speaker_narrator,예법서에는 가문별 입장 순서가 빽빽하게 적혀 있다.
event_week_006_excursion_library_direct_default,step_event_week_006_excursion_library_direct_default,1,speaker_narrator,아벨리아는 자신의 가문명이 적힌 줄을 손가락으로 가만히 짚어본다.
event_week_006_excursion_library_direct_default,step_event_week_006_excursion_library_direct_default,2,speaker_abelia,"제 이름이 불리면, 제 앞뒤로 어떤 가문이 서는지 다 알겠어요."
event_week_006_excursion_library_direct_default,step_event_week_006_excursion_library_direct_default,3,speaker_librarian,벌써 순서를 다 파악하셨군요.
event_week_006_excursion_library_direct_default,step_event_week_006_excursion_library_direct_default,4,speaker_abelia,그런데... 제 이름이 불리는 순간에 모두가 저만 쳐다보겠죠?
event_week_006_excursion_library_direct_default,step_event_week_006_excursion_library_direct_default,5,speaker_librarian,아가씨께 집중하는 건 당연한 일입니다.
event_week_006_excursion_library_direct_default,step_event_week_006_excursion_library_direct_default,6,speaker_abelia,실수하면 안 되는데. 자꾸 그 장면이 떠올라서 무서워요.
event_week_006_excursion_library_direct_default,step_event_week_006_excursion_library_direct_default,7,speaker_narrator,"아벨리아는 예법서를 덮었지만, 차가워진 손을 드레스 자락 뒤로 숨겼다."
event_week_006_excursion_library_direct_clever,step_event_week_006_excursion_library_direct_clever,0,speaker_narrator,아벨리아는 예법서의 마지막 문장을 다시 읽었다.
event_week_006_excursion_library_direct_clever,step_event_week_006_excursion_library_direct_clever,1,speaker_narrator,‘먼저 고개를 숙이는 쪽은 낮은 쪽이다.’
event_week_006_excursion_library_direct_clever,step_event_week_006_excursion_library_direct_clever,2,speaker_abelia,인사는 말보다 먼저 보이는 거네요.
event_week_006_excursion_library_direct_clever,step_event_week_006_excursion_library_direct_clever,3,speaker_librarian,예?
event_week_006_excursion_library_direct_clever,step_event_week_006_excursion_library_direct_clever,4,speaker_abelia,내가 어디에 서 있는지 먼저 보여주는 거예요.
event_week_006_excursion_library_direct_clever,step_event_week_006_excursion_library_direct_clever,5,speaker_narrator,아벨리아는 책을 덮었다.
event_week_006_excursion_library_direct_clever,step_event_week_006_excursion_library_direct_clever,6,speaker_abelia,"외우는 게 아니라, 알아야 하는 거였어요."
event_week_006_excursion_library_direct_cautious,step_event_week_006_excursion_library_direct_cautious,0,speaker_narrator,아벨리아는 예법서에 그려진 무도회장 평면도를 빤히 쳐다본다.
event_week_006_excursion_library_direct_cautious,step_event_week_006_excursion_library_direct_cautious,1,speaker_narrator,손가락이 같은 자리를 계속 맴돌고 있다.
event_week_006_excursion_library_direct_cautious,step_event_week_006_excursion_library_direct_cautious,2,speaker_abelia,제 이름이 불리면 이 길로 나가는 거죠?
event_week_006_excursion_library_direct_cautious,step_event_week_006_excursion_library_direct_cautious,3,speaker_librarian,"네, 이미 확인하신 대로입니다."
event_week_006_excursion_library_direct_cautious,step_event_week_006_excursion_library_direct_cautious,4,speaker_abelia,한 번만 더 확인할게요. 동선이 생각보다 길어서 자꾸 잊어버려요.
event_week_006_excursion_library_direct_cautious,step_event_week_006_excursion_library_direct_cautious,5,speaker_librarian,"너무 긴장하실 필요 없습니다, 아가씨."
event_week_006_excursion_library_direct_cautious,step_event_week_006_excursion_library_direct_cautious,6,speaker_abelia,혹시라도 제가 늦게 도착하면 어떡해요. 실수하기 싫단 말이에요.
event_week_006_excursion_library_direct_cautious,step_event_week_006_excursion_library_direct_cautious,7,speaker_narrator,아벨리아는 예법서 위로 고개를 더 깊게 숙이고 다시 첫 줄부터 읽어 내려갔다.
event_week_006_excursion_library_blocked,step_event_week_006_excursion_library_blocked,0,speaker_narrator,도서관 문이 닫혀 있고 내부에서는 집기들을 옮기는 소리가 들려온다. 아벨리아는 닫힌 문을 보며 걸음을 멈춘다.
event_week_006_excursion_library_blocked,step_event_week_006_excursion_library_blocked,1,speaker_librarian,"아가씨, 무도회 준비로 내부가 소란스러워 오늘은 출입이 어렵습니다."
event_week_006_excursion_library_blocked,step_event_week_006_excursion_library_blocked,2,speaker_abelia,안에서 다들 바쁘게 움직이고 있나 봐요.
event_week_006_excursion_library_blocked,step_event_week_006_excursion_library_blocked,3,speaker_librarian,"네, 아가씨의 소중한 날을 완벽하게 준비하려고 모두 애쓰고 있습니다."
event_week_006_excursion_library_blocked,step_event_week_006_excursion_library_blocked,4,speaker_abelia,저 때문에 다들 고생하시는데 제가 방해하면 안 되겠네요.
event_week_006_excursion_library_blocked,step_event_week_006_excursion_library_blocked,5,speaker_librarian,이해해 주셔서 감사합니다.
event_week_006_excursion_library_blocked,step_event_week_006_excursion_library_blocked,6,speaker_abelia,그럼 나중에 다시 올게요. 다들 힘내시라고 전해주세요.
event_week_006_excursion_library_blocked,step_event_week_006_excursion_library_blocked,7,speaker_narrator,"아벨리아는 닫힌 문 너머를 한 번 더 살핀 뒤, 가벼운 발걸음으로 복도를 돌아 나갔다."
event_week_007_excursion_library_direct_default,step_event_week_007_excursion_library_direct_default,0,speaker_narrator,책상 위에 백작가의 장부가 펼쳐져 있었다. 작고 빽빽한 숫자가 페이지마다 채워져 있었다.
event_week_007_excursion_library_direct_default,step_event_week_007_excursion_library_direct_default,1,speaker_abelia,이게 전부 재무 관련 서류인가요?
event_week_007_excursion_library_direct_default,step_event_week_007_excursion_library_direct_default,2,speaker_librarian,재정 기록과 영지 운영 기록입니다. 최근 십 년 치입니다.
event_week_007_excursion_library_direct_default,step_event_week_007_excursion_library_direct_default,3,speaker_narrator,아벨리아는 가장 위 장부를 펼쳐 한 줄씩 짚어 내려갔다.
event_week_007_excursion_library_direct_default,step_event_week_007_excursion_library_direct_default,4,speaker_narrator,같은 항목이 해마다 조금씩 줄어들고 있었다.
event_week_007_excursion_library_direct_default,step_event_week_007_excursion_library_direct_default,5,speaker_abelia,"수입은 줄었는데, 지출은 그대로네요."
event_week_007_excursion_library_direct_default,step_event_week_007_excursion_library_direct_default,6,speaker_narrator,"아벨리아는 다음 장부, 그 다음 장부도 펼쳐 봤다. 비슷한 추세가 반복되고 있었다."
event_week_007_excursion_library_direct_default,step_event_week_007_excursion_library_direct_default,7,speaker_abelia,"...이게 전부, 제가 풀어야 할 거였네요."
event_week_007_excursion_library_direct_default,step_event_week_007_excursion_library_direct_default,8,speaker_narrator,아벨리아는 펜을 들었다가 다시 내려놓았다. 손바닥이 종이 위에 잠시 머물렀다.
event_week_007_excursion_library_direct_clever,step_event_week_007_excursion_library_direct_clever,0,speaker_narrator,아벨리아는 장부의 옆면에 붙은 표시를 넘겼다.
event_week_007_excursion_library_direct_clever,step_event_week_007_excursion_library_direct_clever,1,speaker_narrator,"수입, 지출, 보수, 부채."
event_week_007_excursion_library_direct_clever,step_event_week_007_excursion_library_direct_clever,2,speaker_abelia,이건 손해를 숨긴 게 아니에요.
event_week_007_excursion_library_direct_clever,step_event_week_007_excursion_library_direct_clever,3,speaker_librarian,그럼 무엇으로 보이십니까?
event_week_007_excursion_library_direct_clever,step_event_week_007_excursion_library_direct_clever,4,speaker_abelia,버틴 거예요. 줄일 수 없는 걸 남겨둔 거고요.
event_week_007_excursion_library_direct_clever,step_event_week_007_excursion_library_direct_clever,5,speaker_narrator,아벨리아는 아버지의 짧은 메모를 발견했다.
event_week_007_excursion_library_direct_clever,step_event_week_007_excursion_library_direct_clever,6,speaker_narrator,수확이 줄어든 해에도 소작농의 몫은 줄이지 말 것. 줄여야 할 때는 내 몫부터.
event_week_007_excursion_library_direct_clever,step_event_week_007_excursion_library_direct_clever,7,speaker_abelia,…아버지 방식이 있었네요.
event_week_007_excursion_library_direct_anxious,step_event_week_007_excursion_library_direct_anxious,0,speaker_narrator,아벨리아는 장부를 한 장씩 넘겨 보았다. 빨간 잉크로 표시된 손실 항목이 페이지마다 늘어나고 있었다.
event_week_007_excursion_library_direct_anxious,step_event_week_007_excursion_library_direct_anxious,1,speaker_abelia,...생각보다 많이 비었네요.
event_week_007_excursion_library_direct_anxious,step_event_week_007_excursion_library_direct_anxious,2,speaker_librarian,...
event_week_007_excursion_library_direct_anxious,step_event_week_007_excursion_library_direct_anxious,3,speaker_abelia,"제가 좀 더 빨리 컸으면, 이만큼은 안 됐을까요."
event_week_007_excursion_library_direct_anxious,step_event_week_007_excursion_library_direct_anxious,4,speaker_librarian,아가씨.
event_week_007_excursion_library_direct_anxious,step_event_week_007_excursion_library_direct_anxious,5,speaker_abelia,"아버지가 안 계셨던 시간 동안, 제가 너무 어렸던 거 같아요."
event_week_007_excursion_library_direct_anxious,step_event_week_007_excursion_library_direct_anxious,6,speaker_narrator,아벨리아는 장부 위에 두 손을 올려놓았다. 손이 종이 가장자리에서 살짝 떨렸다.
event_week_007_excursion_library_blocked,step_event_week_007_excursion_library_blocked,0,speaker_narrator,도서관 문 앞에는 장부 정리 중이라는 팻말이 걸려 있었다.
event_week_007_excursion_library_blocked,step_event_week_007_excursion_library_blocked,1,speaker_abelia,"제가 백작이 될건데, 제가 왜 못보나요?"
event_week_007_excursion_library_blocked,step_event_week_007_excursion_library_blocked,2,speaker_librarian,아직 정리가 끝나지 않았습니다.
event_week_007_excursion_library_blocked,step_event_week_007_excursion_library_blocked,3,speaker_abelia,"정말 정리 때문인가요, 아니면 제가 보면 안 되는 게 있나요?"
event_week_007_excursion_library_blocked,step_event_week_007_excursion_library_blocked,4,speaker_narrator,서고관리인은 대답하지 않았다.
event_week_007_excursion_library_blocked,step_event_week_007_excursion_library_blocked,5,speaker_narrator,아벨리아는 문 앞에서 한동안 움직이지 않았다.
event_week_008_excursion_library_direct_default,step_event_week_008_excursion_library_direct_default,0,speaker_narrator,책상 위에 봉인된 편지가 놓여 있었다. 아버지가 남긴 마지막 편지였다.
event_week_008_excursion_library_direct_default,step_event_week_008_excursion_library_direct_default,1,speaker_narrator,아벨리아는 편지를 두 손으로 집어 들었다. 밀랍 봉인은 아직 단단했다.
event_week_008_excursion_library_direct_default,step_event_week_008_excursion_library_direct_default,2,speaker_abelia,아버지가 마지막에 뭐라고 적어두셨을까요.
event_week_008_excursion_library_direct_default,step_event_week_008_excursion_library_direct_default,3,speaker_librarian,...
event_week_008_excursion_library_direct_default,step_event_week_008_excursion_library_direct_default,4,speaker_abelia,분명히 좋은 말씀이셨을 거예요.
event_week_008_excursion_library_direct_default,step_event_week_008_excursion_library_direct_default,5,speaker_narrator,"아벨리아는 편지를 가슴 가까이 올려두고, 봉인을 가만히 들여다봤다."
event_week_008_excursion_library_direct_default,step_event_week_008_excursion_library_direct_default,6,speaker_abelia,"내일, 식이 끝나고 제일 먼저 열어볼게요."
event_week_008_excursion_library_direct_curious,step_event_week_008_excursion_library_direct_curious,0,speaker_narrator,"아벨리아는 책상 위의 편지를 두 손으로 들고, 밀랍 봉인을 조심스럽게 뜯었다."
event_week_008_excursion_library_direct_curious,step_event_week_008_excursion_library_direct_curious,1,speaker_narrator,"종이를 펼치고, 첫 줄부터 한 글자씩 천천히 따라갔다."
event_week_008_excursion_library_direct_curious,step_event_week_008_excursion_library_direct_curious,2,speaker_narrator,"네가 이 편지를 읽는다면, 이미 네가 선택해야 할 시간이 왔다는 뜻이다. 사랑한다.'"
event_week_008_excursion_library_direct_curious,step_event_week_008_excursion_library_direct_curious,3,speaker_abelia,"...사랑한다, 라고 적혀 있네요."
event_week_008_excursion_library_direct_curious,step_event_week_008_excursion_library_direct_curious,4,speaker_librarian,예.
event_week_008_excursion_library_direct_curious,step_event_week_008_excursion_library_direct_curious,5,speaker_abelia,마지막 줄을 한 번 더 읽어볼게요.
event_week_008_excursion_library_direct_curious,step_event_week_008_excursion_library_direct_curious,6,speaker_narrator,아벨리아는 편지의 마지막 줄에 손가락을 가만히 얹었다.
event_week_008_excursion_library_direct_anxious,step_event_week_008_excursion_library_direct_anxious,0,speaker_narrator,"아벨리아는 책상 위의 편지를 두 손으로 들고, 밀랍 봉인을 가만히 들여다봤다."
event_week_008_excursion_library_direct_anxious,step_event_week_008_excursion_library_direct_anxious,1,speaker_narrator,"봉인은 두껍게 굳어 있었고, 가장자리에 종이가 미세하게 눌려 있었다."
event_week_008_excursion_library_direct_anxious,step_event_week_008_excursion_library_direct_anxious,2,speaker_abelia,"이거, 잘못 뜯으면 종이까지 찢어질 것 같은데요."
event_week_008_excursion_library_direct_anxious,step_event_week_008_excursion_library_direct_anxious,3,speaker_librarian,그러시면 도구를 가져다드릴까요?
event_week_008_excursion_library_direct_anxious,step_event_week_008_excursion_library_direct_anxious,4,speaker_abelia,아니요. 천천히 할게요. 내일이라도 괜찮아요.
event_week_008_excursion_library_direct_anxious,step_event_week_008_excursion_library_direct_anxious,5,speaker_narrator,아벨리아는 편지를 책상 가운데에 가지런히 놓았다.
event_week_008_excursion_library_direct_anxious,step_event_week_008_excursion_library_direct_anxious,6,speaker_abelia,"안에는, 분명 좋은 말이 있을 거예요."
event_week_008_excursion_library_direct_anxious,step_event_week_008_excursion_library_direct_anxious,7,speaker_narrator,아벨리아는 편지 옆에 차를 한 잔 두고 자리에 앉았다.
event_week_008_excursion_library_blocked,step_event_week_008_excursion_library_blocked,0,speaker_narrator,도서관 문은 닫혀 있었다. 문 앞 바닥에 쪽지 한 장이 떨어져 있었다.
event_week_008_excursion_library_blocked,step_event_week_008_excursion_library_blocked,1,speaker_narrator,"아벨리아는 쪽지를 집어 들었다. 아직은 때가 아닙니다, 라고 적혀 있었다."
event_week_008_excursion_library_blocked,step_event_week_008_excursion_library_blocked,2,speaker_abelia,...그렇구나.
event_week_008_excursion_library_blocked,step_event_week_008_excursion_library_blocked,3,speaker_narrator,"아벨리아는 쪽지를 곱게 접어 주머니에 넣고, 도서관 문에서 한 걸음 물러섰다."
event_week_008_excursion_library_blocked,step_event_week_008_excursion_library_blocked,4,speaker_abelia,내일이면 되니까요.
event_week_008_excursion_library_blocked,step_event_week_008_excursion_library_blocked,5,speaker_narrator,아벨리아는 가벼운 걸음으로 도서관 앞을 떠났다.
event_week_009_excursion_library_direct_default,step_event_week_009_excursion_library_direct_default,0,speaker_narrator,"아침 햇살이 책상 위에 길게 들어와 있었다. 책상, 의자, 닫힌 서랍. 모두 그대로였지만 어제와 같지는 않았다."
event_week_009_excursion_library_direct_default,step_event_week_009_excursion_library_direct_default,1,speaker_narrator,"아벨리아는 아버지의 의자 앞에 잠시 섰다가, 의자를 빼고 조용히 앉았다."
event_week_009_excursion_library_direct_default,step_event_week_009_excursion_library_direct_default,2,speaker_abelia,빈 자리가 아니었네요.
event_week_009_excursion_library_direct_default,step_event_week_009_excursion_library_direct_default,3,speaker_narrator,책상 위에 손을 가지런히 얹었다. 손바닥 아래로 나무의 결이 그대로 느껴졌다.
event_week_009_excursion_library_direct_default,step_event_week_009_excursion_library_direct_default,4,speaker_abelia,제가 앉을 자리였어요.
event_week_009_excursion_library_direct_stable,step_event_week_009_excursion_library_direct_stable,0,speaker_narrator,아침 햇살이 책상 위에 길게 들어와 있었다. 도서관 안은 조용했다.
event_week_009_excursion_library_direct_stable,step_event_week_009_excursion_library_direct_stable,1,speaker_narrator,아벨리아는 아버지의 책상 앞에 섰다. 손끝으로 의자 등받이를 가볍게 짚었다.
event_week_009_excursion_library_direct_stable,step_event_week_009_excursion_library_direct_stable,2,speaker_abelia,"아버지, 다녀올게요."
event_week_009_excursion_library_direct_stable,step_event_week_009_excursion_library_direct_stable,3,speaker_narrator,"잠깐 책상 위를 눈으로 둘러본 뒤, 가벼운 걸음으로 도서관을 나섰다."
event_week_009_excursion_library_direct_anxious,step_event_week_009_excursion_library_direct_anxious,0,speaker_narrator,아벨리아는 아버지의 빈 의자 앞에 멈춰 섰다.
event_week_009_excursion_library_direct_anxious,step_event_week_009_excursion_library_direct_anxious,1,speaker_narrator,햇살이 의자 위에만 밝게 떨어져 있었다.
event_week_009_excursion_library_direct_anxious,step_event_week_009_excursion_library_direct_anxious,2,speaker_abelia,제가 앉아도 되는 자리예요?
event_week_009_excursion_library_direct_anxious,step_event_week_009_excursion_library_direct_anxious,3,speaker_narrator,누구도 바로 대답하지 못했다.
event_week_009_excursion_library_direct_anxious,step_event_week_009_excursion_library_direct_anxious,4,speaker_abelia,아직 너무 큰 것 같아요.
event_week_009_excursion_library_direct_anxious,step_event_week_009_excursion_library_direct_anxious,5,speaker_narrator,"아벨리아는 의자에 손을 뻗다가, 닿기 전에 거두었다."
event_week_009_excursion_library_blocked,step_event_week_009_excursion_library_blocked,0,speaker_narrator,도서관 문은 닫혀 있었다.
event_week_009_excursion_library_blocked,step_event_week_009_excursion_library_blocked,1,speaker_librarian,"죄송합니다, 아가씨. 예식 전까지는 누구도 들어갈 수 없도록 되어 있습니다."
event_week_009_excursion_library_blocked,step_event_week_009_excursion_library_blocked,2,speaker_abelia,"아, 그래요?"
event_week_009_excursion_library_blocked,step_event_week_009_excursion_library_blocked,3,speaker_narrator,"아벨리아는 문 손잡이에 닿으려던 손을 거두고, 한 걸음 물러섰다."
event_week_009_excursion_library_blocked,step_event_week_009_excursion_library_blocked,4,speaker_abelia,알겠어요.
event_week_009_excursion_library_blocked,step_event_week_009_excursion_library_blocked,5,speaker_narrator,아벨리아는 두 손을 앞으로 가지런히 모으고 자리를 떴다.
event_week_001_rian,step_event_week_001_rian,0,speaker_rian,안녕. 나는 리안이야.
event_week_001_rian,step_event_week_001_rian,1,speaker_abelia,…안녕.
event_week_001_rian,step_event_week_001_rian,2,speaker_rian,너도 친구 없어?
event_week_001_rian,step_event_week_001_rian,3,speaker_abelia,…응.
event_week_001_rian,step_event_week_001_rian,4,speaker_rian,나도 없어.
event_week_001_rian,step_event_week_001_rian,5,speaker_abelia,왜?
event_week_001_rian,step_event_week_001_rian,6,speaker_rian,아파서 여기저기 다녀. 그래서 친구가 잘 안 생겨.
event_week_001_rian,step_event_week_001_rian,7,speaker_narrator,리안은 주머니에서 접힌 종이배를 꺼냈다.
event_week_001_rian,step_event_week_001_rian,8,speaker_rian,이거 줄게.
event_week_001_rian,step_event_week_001_rian,9,speaker_abelia,왜?
event_week_001_rian,step_event_week_001_rian,10,speaker_rian,친구 하려고.
event_week_001_rian,step_event_week_001_rian,11,speaker_abelia,종이배가 있으면 친구야?
event_week_001_rian,step_event_week_001_rian,12,speaker_rian,"아니. 그냥, 주고 싶어서."
event_week_001_rian,step_event_week_001_rian,13,speaker_narrator,아벨리아는 종이배를 받았다.
event_week_001_rian,step_event_week_001_rian,14,speaker_abelia,…고마워.
event_week_002_rian_0,step_event_week_002_rian_0,0,speaker_narrator,리안은 접은 종이와 작은 그림을 들고 있었다.
event_week_002_rian_0,step_event_week_002_rian_0,1,speaker_rian,저번에 답장 안 왔어.
event_week_002_rian_0,step_event_week_002_rian_0,2,speaker_abelia,저번에?
event_week_002_rian_0,step_event_week_002_rian_0,3,speaker_rian,괜찮아. 그래서 내가 또 왔어.
event_week_002_rian_0,step_event_week_002_rian_0,4,speaker_abelia,왜?
event_week_002_rian_0,step_event_week_002_rian_0,5,speaker_rian,기다리면 심심하니까.
event_week_002_rian_0,step_event_week_002_rian_0,6,speaker_narrator,리안은 종이를 펼쳤다. 새 두 마리가 나란히 그려져 있었다.
event_week_002_rian_0,step_event_week_002_rian_0,7,speaker_abelia,이건 뭐야?
event_week_002_rian_0,step_event_week_002_rian_0,8,speaker_rian,우리.
event_week_002_rian_0,step_event_week_002_rian_0,9,speaker_abelia,새가?
event_week_002_rian_0,step_event_week_002_rian_0,10,speaker_rian,응. 한 마리만 있으면 외롭잖아.
event_week_002_rian_0,step_event_week_002_rian_0,11,speaker_narrator,아벨리아는 그림을 오래 바라보았다.
event_week_002_rian_0,step_event_week_002_rian_0,12,speaker_abelia,…둘이면 덜 외로워?
event_week_002_rian_0,step_event_week_002_rian_0,13,speaker_rian,조금은.
event_week_002_rian_1,step_event_week_002_rian_1,0,speaker_narrator,리안은 손수건에 싼 작은 쿠키를 꺼냈다.
event_week_002_rian_1,step_event_week_002_rian_1,1,speaker_rian,이거 내가 만들었어.
event_week_002_rian_1,step_event_week_002_rian_1,2,speaker_abelia,네가?
event_week_002_rian_1,step_event_week_002_rian_1,3,speaker_rian,응. 조금 탔어.
event_week_002_rian_1,step_event_week_002_rian_1,4,speaker_abelia,먹어도 돼?
event_week_002_rian_1,step_event_week_002_rian_1,5,speaker_rian,아마도.
event_week_002_rian_1,step_event_week_002_rian_1,6,speaker_narrator,아벨리아는 쿠키를 조금 베어 물었다.
event_week_002_rian_1,step_event_week_002_rian_1,7,speaker_abelia,딱딱해.
event_week_002_rian_1,step_event_week_002_rian_1,8,speaker_rian,그래도 달아?
event_week_002_rian_1,step_event_week_002_rian_1,9,speaker_abelia,응. 조금.
event_week_002_rian_1,step_event_week_002_rian_1,10,speaker_rian,그럼 성공이야.
event_week_002_rian_1,step_event_week_002_rian_1,11,speaker_narrator,리안은 안심한 듯 웃었다.
event_week_002_rian_1,step_event_week_002_rian_1,12,speaker_rian,다음엔 덜 태울게.
event_week_003_rian_0,step_event_week_003_rian_0,0,speaker_narrator,낯선 또래 소년이 정원 입구에서 기다리고 있었다.
event_week_003_rian_0,step_event_week_003_rian_0,1,speaker_rian,안녕. 난 리안이야.
event_week_003_rian_0,step_event_week_003_rian_0,2,speaker_abelia,…리안?
event_week_003_rian_0,step_event_week_003_rian_0,3,speaker_rian,전에 편지 보낸 사람.
event_week_003_rian_0,step_event_week_003_rian_0,4,speaker_abelia,...편지?
event_week_003_rian_0,step_event_week_003_rian_0,5,speaker_rian,...못 받았어?
event_week_003_rian_0,step_event_week_003_rian_0,6,speaker_abelia,진짜로 온 거야?
event_week_003_rian_0,step_event_week_003_rian_0,7,speaker_rian,응. 이번엔 편지만 보내면 또 못 만날 것 같아서.
event_week_003_rian_0,step_event_week_003_rian_0,8,speaker_narrator,리안은 조금 머뭇거리다가 웃었다.
event_week_003_rian_0,step_event_week_003_rian_0,9,speaker_rian,나 여기 오랜만에 왔어. 그래서 길을 헤맸어.
event_week_003_rian_1,step_event_week_003_rian_1,0,speaker_narrator,리안은 복도 벽에 남은 작은 흠집들을 보고 멈췄다.
event_week_003_rian_1,step_event_week_003_rian_1,1,speaker_rian,여기 키 재는 자국 같아.
event_week_003_rian_1,step_event_week_003_rian_1,2,speaker_abelia,그런 것도 해?
event_week_003_rian_1,step_event_week_003_rian_1,3,speaker_rian,응. 내가 얼마나 컸는지 보려고.
event_week_003_rian_1,step_event_week_003_rian_1,4,speaker_abelia,나는 해본 적 없어.
event_week_003_rian_1,step_event_week_003_rian_1,5,speaker_rian,그럼 지금 하면 되잖아.
event_week_003_rian_1,step_event_week_003_rian_1,6,speaker_narrator,리안은 벽 옆에 똑바로 섰다.
event_week_003_rian_1,step_event_week_003_rian_1,7,speaker_rian,먼저 나.
event_week_003_rian_1,step_event_week_003_rian_1,8,speaker_abelia,벽에 그어도 돼?
event_week_003_rian_1,step_event_week_003_rian_1,9,speaker_rian,작게 하면 괜찮지 않을까?
event_week_003_rian_1,step_event_week_003_rian_1,10,speaker_narrator,아벨리아는 리안의 키를 작게 표시했다.
event_week_003_rian_1,step_event_week_003_rian_1,11,speaker_rian,이제 너도 해.
event_week_003_rian_1,step_event_week_003_rian_1,12,speaker_abelia,내가 더 작으면?
event_week_003_rian_1,step_event_week_003_rian_1,13,speaker_rian,그럼 다음에 더 크면 돼.
event_week_004_rian_0,step_event_week_004_rian_0,0,speaker_narrator,낯선 또래 소년이 정원 입구에서 기다리고 있었다.
event_week_004_rian_0,step_event_week_004_rian_0,1,speaker_rian,안녕. 나는 리안이야.
event_week_004_rian_0,step_event_week_004_rian_0,2,speaker_abelia,…아벨리아야.
event_week_004_rian_0,step_event_week_004_rian_0,3,speaker_rian,오늘 네가 후작가에 간다고 들었어.
event_week_004_rian_0,step_event_week_004_rian_0,4,speaker_abelia,누가 말했어?
event_week_004_rian_0,step_event_week_004_rian_0,5,speaker_rian,나는 먼저 인사하라고 해서 왔어.
event_week_004_rian_0,step_event_week_004_rian_0,6,speaker_abelia,너도 축제에 가?
event_week_004_rian_0,step_event_week_004_rian_0,7,speaker_rian,아마도. 그런데 오래 있지는 못할 거래.
event_week_004_rian_0,step_event_week_004_rian_0,8,speaker_abelia,왜?
event_week_004_rian_0,step_event_week_004_rian_0,9,speaker_rian,몸이 약하다고 해서.
event_week_004_rian_0,step_event_week_004_rian_0,10,speaker_narrator,리안은 조금 어색하게 웃었다.
event_week_004_rian_0,step_event_week_004_rian_0,11,speaker_rian,"그래도 먼저 만나면, 나중에 덜 낯설잖아."
event_week_004_rian_1,step_event_week_004_rian_1,0,speaker_narrator,백작저 정원. 낮.
event_week_004_rian_1,step_event_week_004_rian_1,1,speaker_rian,후작가에는 사람이 많이 오겠지?
event_week_004_rian_1,step_event_week_004_rian_1,2,speaker_abelia,축제니까 많을 것 같아.
event_week_004_rian_1,step_event_week_004_rian_1,3,speaker_rian,나는 사람이 많으면 조금 힘들어.
event_week_004_rian_1,step_event_week_004_rian_1,4,speaker_abelia,아파서?
event_week_004_rian_1,step_event_week_004_rian_1,5,speaker_rian,"그런 것도 있고, 모르는 사람이 많으면 숨이 막히는 느낌이 들어."
event_week_004_rian_1,step_event_week_004_rian_1,6,speaker_abelia,조금 알 것 같아.
event_week_004_rian_1,step_event_week_004_rian_1,7,speaker_narrator,리안은 정원 쪽을 바라보았다.
event_week_004_rian_1,step_event_week_004_rian_1,8,speaker_rian,그래서 사람 적은 길을 알면 좋을 것 같아.
event_week_004_rian_1,step_event_week_004_rian_1,9,speaker_abelia,길을 미리 알아두는 거야?
event_week_004_rian_1,step_event_week_004_rian_1,10,speaker_rian,응. 못 도망가면 더 무섭잖아.
event_week_004_rian_2,step_event_week_004_rian_2,0,speaker_narrator,백작저 정원. 낮.
event_week_004_rian_2,step_event_week_004_rian_2,1,speaker_rian,후작가에는 사람이 적은 길도 있어.
event_week_004_rian_2,step_event_week_004_rian_2,2,speaker_abelia,너 후작가를 잘 알아?
event_week_004_rian_2,step_event_week_004_rian_2,3,speaker_rian,조금. 예전에 오래 있었어.
event_week_004_rian_2,step_event_week_004_rian_2,4,speaker_abelia,그럼 네 집 같겠네.
event_week_004_rian_2,step_event_week_004_rian_2,5,speaker_rian,아니. 길은 알아도 내 집 같지는 않아.
event_week_004_rian_2,step_event_week_004_rian_2,6,speaker_abelia,왜?
event_week_004_rian_2,step_event_week_004_rian_2,7,speaker_rian,갈 수 있는 곳은 늘 정해져 있었으니까.
event_week_004_rian_2,step_event_week_004_rian_2,8,speaker_narrator,리안은 잠깐 말을 멈췄다.
event_week_004_rian_2,step_event_week_004_rian_2,9,speaker_rian,그래도 필요하면 알려줄게. 사람 많은 곳은 피할 수 있게.
event_week_005_rian_0,step_event_week_005_rian_0,0,speaker_narrator,낯선 소년이 정원 입구에서 기다리고 있었다. 곁에는 리안을 데려온 하인이 서 있었다.
event_week_005_rian_0,step_event_week_005_rian_0,1,speaker_rian,안녕하세요. 리안입니다.
event_week_005_rian_0,step_event_week_005_rian_0,2,speaker_abelia,…아벨리아예요.
event_week_005_rian_0,step_event_week_005_rian_0,3,speaker_rian,오늘은 오래 못 있어요. 곧 떠나야 해서요.
event_week_005_rian_0,step_event_week_005_rian_0,4,speaker_abelia,네?
event_week_005_rian_0,step_event_week_005_rian_0,5,speaker_rian,다른 요양지요. 어른들이 그렇게 정했어요.
event_week_005_rian_0,step_event_week_005_rian_0,6,speaker_abelia,리안이 정한 건 아니고요?
event_week_005_rian_0,step_event_week_005_rian_0,7,speaker_rian,네. 저는 보통 다 정해진 다음에 들어요.
event_week_005_rian_0,step_event_week_005_rian_0,8,speaker_narrator,"리안은 조금 웃었지만, 눈은 웃지 않았다."
event_week_005_rian_0,step_event_week_005_rian_0,9,speaker_rian,그래도 가기 전에 만나보고 싶었어요.
event_week_005_rian_1,step_event_week_005_rian_1,0,speaker_rian,오랜만이에요.
event_week_005_rian_1,step_event_week_005_rian_1,1,speaker_abelia,정말 오랜만이네요.
event_week_005_rian_1,step_event_week_005_rian_1,2,speaker_rian,"몇 군데를 다녀왔어요. 바다 가까운 곳도 있었고, 산 쪽도 있었고요."
event_week_005_rian_1,step_event_week_005_rian_1,3,speaker_abelia,바다? 저도 가고싶었어요. 좋았나요?
event_week_005_rian_1,step_event_week_005_rian_1,4,speaker_rian,잘 모르겠어요. 가는 곳마다 조용히 있으라고만 해서요.
event_week_005_rian_1,step_event_week_005_rian_1,5,speaker_abelia,왜요?
event_week_005_rian_1,step_event_week_005_rian_1,6,speaker_rian,"몸 때문이라고도 하고, 이름 때문이라고도 해요."
event_week_005_rian_1,step_event_week_005_rian_1,7,speaker_abelia,이름이요?
event_week_005_rian_1,step_event_week_005_rian_1,8,speaker_narrator,리안은 잠깐 말을 멈췄다.
event_week_005_rian_1,step_event_week_005_rian_1,9,speaker_rian,미안해요. 그건 말하면 안 된대요.
event_week_005_rian_1,step_event_week_005_rian_1,10,speaker_abelia,친구사이에 비밀은 없는거 아니에요?
event_week_005_rian_1,step_event_week_005_rian_1,11,speaker_rian,...요즘은 말하면 안 되는 게 자꾸 늘어나요.
event_week_005_rian_2,step_event_week_005_rian_2,0,speaker_rian,나중에 제가 조금 달라 보여도 놀라지 말아 주세요.
event_week_005_rian_2,step_event_week_005_rian_2,1,speaker_abelia,달라 보인다는 게 무슨 뜻인가요?
event_week_005_rian_2,step_event_week_005_rian_2,2,speaker_rian,"옷도 달라지고, 말투도 달라질 수 있대요."
event_week_005_rian_2,step_event_week_005_rian_2,3,speaker_abelia,리안이 원해서요?
event_week_005_rian_2,step_event_week_005_rian_2,4,speaker_rian,아니요.
event_week_005_rian_2,step_event_week_005_rian_2,5,speaker_narrator,리안은 소매 끝을 만지작거렸다.
event_week_005_rian_2,step_event_week_005_rian_2,6,speaker_rian,보호자가 인사법을 다시 배우라고 했어요. 고개 숙이는 것도 순서가 있대요.
event_week_005_rian_2,step_event_week_005_rian_2,7,speaker_abelia,리안도 사교계 준비를 할 줄은 몰랐어요.
event_week_005_rian_2,step_event_week_005_rian_2,8,speaker_rian,그런 것 같아요. 그런데 준비한다기보다는…
event_week_005_rian_2,step_event_week_005_rian_2,9,speaker_abelia,보다는?
event_week_005_rian_2,step_event_week_005_rian_2,10,speaker_rian,정해진 자리에 맞춰지는 느낌이에요.
event_week_006_rian_0,step_event_week_006_rian_0,0,speaker_narrator,황실 문장이 찍힌 초대장이 테이블 위에 놓여 있었다. 봉투 아래에는 낯선 이름이 작게 서명되어 있었다.
event_week_006_rian_0,step_event_week_006_rian_0,1,speaker_abelia,이 서명은 누구인가요? 처음 보는데.
event_week_006_rian_0,step_event_week_006_rian_0,2,speaker_worker_1,초대장을 전달한 분의 이름으로 보입니다.
event_week_006_rian_0,step_event_week_006_rian_0,3,speaker_narrator,문가에서 조용한 목소리가 들렸다.
event_week_006_rian_0,step_event_week_006_rian_0,4,speaker_rian,제 이름입니다.
event_week_006_rian_0,step_event_week_006_rian_0,5,speaker_abelia,"아, 처음뵙네요. 리안이라고 부르면 될까요?"
event_week_006_rian_0,step_event_week_006_rian_0,6,speaker_narrator,리안은 잠시 망설였다.
event_week_006_rian_0,step_event_week_006_rian_0,7,speaker_rian,…그렇게 불러 주세요. 적어도 지금은요.
event_week_006_rian_1,step_event_week_006_rian_1,0,speaker_rian,오늘 제가 중간에 없어져도 놀라지 말아 주세요.
event_week_006_rian_1,step_event_week_006_rian_1,1,speaker_abelia,어디 가나요?
event_week_006_rian_1,step_event_week_006_rian_1,2,speaker_rian,불리면 가야 해서요.
event_week_006_rian_1,step_event_week_006_rian_1,3,speaker_abelia,누가 부르는데요?
event_week_006_rian_1,step_event_week_006_rian_1,4,speaker_narrator,리안은 바로 대답하지 못했다.
event_week_006_rian_1,step_event_week_006_rian_1,5,speaker_rian,말하면 안 된대요.
event_week_006_rian_1,step_event_week_006_rian_1,6,speaker_abelia,이번에도?
event_week_006_rian_1,step_event_week_006_rian_1,7,speaker_rian,네. 요즘은 자꾸 그래요.
event_week_006_rian_2,step_event_week_006_rian_2,0,speaker_rian,오늘은 저를 부를 때 조금 조심해 주세요.
event_week_006_rian_2,step_event_week_006_rian_2,1,speaker_abelia,조용히 말하라는 건가요?
event_week_006_rian_2,step_event_week_006_rian_2,2,speaker_rian,둘이 있을 때는 괜찮아요. 그런데 사람이 많으면 아닐 수도 있어요.
event_week_006_rian_2,step_event_week_006_rian_2,3,speaker_abelia,그 이름이 문제가 되나요?
event_week_006_rian_2,step_event_week_006_rian_2,4,speaker_rian,"이름보다, 그 이름을 듣는 사람들이 문제일 것 같아요."
event_week_006_rian_2,step_event_week_006_rian_2,5,speaker_abelia,어렵네요.
event_week_006_rian_2,step_event_week_006_rian_2,6,speaker_rian,네. 저도 아직 어려워요.
event_week_006_rian_2,step_event_week_006_rian_2,7,speaker_narrator,리안은 소매 끝을 만졌다.
event_week_006_rian_2,step_event_week_006_rian_2,8,speaker_rian,그래도 아벨리아 앞에서는 리안이고 싶어요.
event_week_006_rian_3,step_event_week_006_rian_3,0,speaker_narrator,작은 편지가 도착했다. 봉투에는 리안의 이름이 적혀 있었다.
event_week_006_rian_3,step_event_week_006_rian_3,1,speaker_narrator,"'오늘 제가 모르는 사람처럼 굴어도, 아벨리아 때문이 아니에요.'"
event_week_006_rian_3,step_event_week_006_rian_3,2,speaker_narrator,아벨리아는 편지를 한동안 들고 있었다.
event_week_006_rian_3,step_event_week_006_rian_3,3,speaker_abelia,모르는 사람처럼.
event_week_007_rian_0,step_event_week_007_rian_0,0,speaker_rian,"처음뵙겠습니다, 아벨리아."
event_week_007_rian_0,step_event_week_007_rian_0,1,speaker_abelia,…
event_week_007_rian_0,step_event_week_007_rian_0,2,speaker_rian,"편지에 찍힌 문장, 보셨지요."
event_week_007_rian_0,step_event_week_007_rian_0,3,speaker_abelia,봤어요.
event_week_007_rian_0,step_event_week_007_rian_0,4,speaker_rian,그게 답이에요. 다른 설명은... 길어서 오늘은 못 해요.
event_week_007_rian_0,step_event_week_007_rian_0,5,speaker_abelia,황실에서 온거면 당신은..
event_week_007_rian_0,step_event_week_007_rian_0,6,speaker_rian,그건 다음에. 오늘은 인사만 하러 왔어요.
event_week_007_rian_0,step_event_week_007_rian_0,7,speaker_narrator,리안은 잠시 침묵했다. 그러다 짧게 덧붙였다.
event_week_007_rian_0,step_event_week_007_rian_0,8,speaker_rian,첫 인사가 너무 늦었네요. 미안해요.
event_week_007_rian_1,step_event_week_007_rian_1,0,speaker_narrator,리안은 한참 만에 왔다. 어릴 때 그 얼굴은 거의 남아 있지 않았다.
event_week_007_rian_1,step_event_week_007_rian_1,1,speaker_rian,"제가 누구인지, 이제는 알려야 할 때가 됐습니다."
event_week_007_rian_1,step_event_week_007_rian_1,2,speaker_abelia,꼭 오늘이어야 하나요?
event_week_007_rian_1,step_event_week_007_rian_1,3,speaker_rian,아벨리아에게는 제가 먼저 말하고 싶었으니까요.
event_week_007_rian_1,step_event_week_007_rian_1,4,speaker_abelia,리안은 잠시 손끝을 내려다봤다.
event_week_007_rian_1,step_event_week_007_rian_1,5,speaker_rian,그동안 말하지 못한 게 많았습니다.
event_week_007_rian_1,step_event_week_007_rian_1,6,speaker_abelia,"말하지 않은 건가요, 못 한 건가요?"
event_week_007_rian_1,step_event_week_007_rian_1,7,speaker_rian,못 한 쪽에 가깝습니다. 그래도 숨긴 건 맞습니다.
event_week_007_rian_1,step_event_week_007_rian_1,8,speaker_abelia,그래도 지금 말하려고 온 거네요?
event_week_007_rian_1,step_event_week_007_rian_1,9,speaker_rian,...네.
event_week_007_rian_2,step_event_week_007_rian_2,0,speaker_rian,"제 이름은 리안입니다. 정확히는, 리안 엘바론입니다."
event_week_007_rian_2,step_event_week_007_rian_2,1,speaker_abelia,엘바론이요? 황실 사람이에요?
event_week_007_rian_2,step_event_week_007_rian_2,2,speaker_rian,네. 황실의 성입니다.
event_week_007_rian_2,step_event_week_007_rian_2,3,speaker_abelia,그럼...
event_week_007_rian_2,step_event_week_007_rian_2,4,speaker_rian,황실의 일곱 번째 황자입니다.
event_week_007_rian_2,step_event_week_007_rian_2,5,speaker_narrator,리안은 작게 숨을 골랐다.
event_week_007_rian_2,step_event_week_007_rian_2,6,speaker_abelia,왜 숨겼나요?
event_week_007_rian_2,step_event_week_007_rian_2,7,speaker_rian,...사정이 있었습니다.
event_week_007_rian_2,step_event_week_007_rian_2,8,speaker_abelia,저한테 처음으로 말한 거에요?
event_week_007_rian_2,step_event_week_007_rian_2,9,speaker_rian,...네. 다른 사람의 입으로 듣게 하고 싶지 않았습니다.
event_week_007_rian_3,step_event_week_007_rian_3,0,speaker_narrator,리안은 문가에서 한참 머뭇거리다 들어왔다
event_week_007_rian_3,step_event_week_007_rian_3,1,speaker_rian,곧 제 신분이 발표될 겁니다.
event_week_007_rian_3,step_event_week_007_rian_3,2,speaker_abelia,7황자로요?
event_week_007_rian_3,step_event_week_007_rian_3,3,speaker_rian,네. 그 뒤에는 지금처럼 오기 어려울 겁니다.
event_week_007_rian_3,step_event_week_007_rian_3,4,speaker_abelia,그래도 앞으로도 자주 오세요.
event_week_007_rian_3,step_event_week_007_rian_3,5,speaker_narrator,리안은 조용히 고개를 저었다.
event_week_007_rian_3,step_event_week_007_rian_3,6,speaker_rian,"이 성으로 불리는 순간부터, 제 행동은 제 것만이 아니게 됩니다."
event_week_007_rian_3,step_event_week_007_rian_3,7,speaker_abelia,그럼 지금 말하는 건 뭔데요?
event_week_007_rian_3,step_event_week_007_rian_3,8,speaker_rian,지금은 아직 리안으로 말하고 있습니다.
event_week_007_rian_4,step_event_week_007_rian_4,0,speaker_rian,황실은 저를 다시 부르려 합니다.
event_week_007_rian_4,step_event_week_007_rian_4,1,speaker_abelia,왜 지금인가요?
event_week_007_rian_4,step_event_week_007_rian_4,2,speaker_rian,아벨리아의 성인식 때문입니다. 귀족들이 모두 보는 자리니까요.
event_week_007_rian_4,step_event_week_007_rian_4,3,speaker_abelia,저요?
event_week_007_rian_4,step_event_week_007_rian_4,4,speaker_rian,"아벨리아 때문이라기보다는, 그 자리가 필요했던 것 같습니다."
event_week_007_rian_4,step_event_week_007_rian_4,5,speaker_narrator,리안은 아벨리아를 똑바로 보았다.
event_week_007_rian_4,step_event_week_007_rian_4,6,speaker_rian,"그래서 말하러 왔습니다. 아벨리아의 성인식이, 아벨리아만의 일이 아니게 될지도 모르니까요."
event_week_007_rian_4,step_event_week_007_rian_4,7,speaker_abelia,그러면 리안은 제 쪽에 서있겠네요.
event_week_007_rian_4,step_event_week_007_rian_4,8,speaker_rian,...아직은 제 뜻대로 움직일 수 없습니다. 그래도 제가 어떤 식으로 쓰이려는지는 압니다.
event_week_008_rian_0,step_event_week_008_rian_0,0,speaker_narrator,황실 문장이 찍힌 축하 서신이 테이블 위에 놓여 있었다. 리안은 그 옆에 서 있었다.
event_week_008_rian_0,step_event_week_008_rian_0,1,speaker_rian,전야제를 앞두고 축하 인사를 전하러 왔습니다.
event_week_008_rian_0,step_event_week_008_rian_0,2,speaker_abelia,리안님이 직접요?
event_week_008_rian_0,step_event_week_008_rian_0,3,speaker_rian,네. 오늘은 황실 쪽 인사도 겸해야 해서요.
event_week_008_rian_0,step_event_week_008_rian_0,4,speaker_narrator,리안은 편지를 내려다봤다.
event_week_008_rian_0,step_event_week_008_rian_0,5,speaker_rian,오늘은 오래 머물지 않겠습니다. 인사만 드리러 왔어요.
event_week_008_rian_1,step_event_week_008_rian_1,0,speaker_rian,오늘은 제 이름이 여러 번 불릴 겁니다.
event_week_008_rian_1,step_event_week_008_rian_1,1,speaker_abelia,리안 엘바론으로요?
event_week_008_rian_1,step_event_week_008_rian_1,2,speaker_rian,네. 아마 그럴 겁니다.
event_week_008_rian_1,step_event_week_008_rian_1,3,speaker_abelia,리안은 괜찮나요?
event_week_008_rian_1,step_event_week_008_rian_1,4,speaker_rian,괜찮지는 않습니다. 그래도 놀라지는 않으려고 합니다.
event_week_008_rian_1,step_event_week_008_rian_1,5,speaker_abelia,사람들이 리안을 다르게 보겠네요.
event_week_008_rian_1,step_event_week_008_rian_1,6,speaker_narrator,리안은 잠시 정원 쪽을 바라보다 아벨리아를 바라보았다.
event_week_008_rian_1,step_event_week_008_rian_1,7,speaker_rian,"이름 하나가 붙었을 뿐인데, 모든게 달라지니까요."
event_week_008_rian_2,step_event_week_008_rian_2,0,speaker_rian,오늘 전야제에서.. 제가 먼저 다가가지 못할 수도 있습니다.
event_week_008_rian_2,step_event_week_008_rian_2,1,speaker_abelia,왜요?
event_week_008_rian_2,step_event_week_008_rian_2,2,speaker_rian,보는 눈이 많을 테니까요.
event_week_008_rian_2,step_event_week_008_rian_2,3,speaker_abelia,그럼 모르는 척하겠다는 뜻인가요?
event_week_008_rian_2,step_event_week_008_rian_2,4,speaker_rian,...그렇게 보일 수 있다는 뜻입니다.
event_week_008_rian_2,step_event_week_008_rian_2,5,speaker_narrator,리안은 말끝을 조금 늦췄다.
event_week_008_rian_2,step_event_week_008_rian_2,6,speaker_rian,"아벨리아가 불편해서가 아니라는 말은, 먼저 해두고 싶었습니다."
event_week_008_rian_2,step_event_week_008_rian_2,7,speaker_abelia,그정도는 말 안해도 알아요.
event_week_008_rian_3,step_event_week_008_rian_3,0,speaker_rian,오늘은 황실 쪽 사람들도 아벨리아를 지켜볼 겁니다.
event_week_008_rian_3,step_event_week_008_rian_3,1,speaker_abelia,저를요?
event_week_008_rian_3,step_event_week_008_rian_3,2,speaker_rian,네. 벨라리우스 백작가의 후계자니까요.
event_week_008_rian_3,step_event_week_008_rian_3,3,speaker_abelia,음.
event_week_008_rian_3,step_event_week_008_rian_3,4,speaker_rian,"...아벨리아라면 알갰지만, 너무 빨리 대답하지는 마세요."
event_week_008_rian_3,step_event_week_008_rian_3,5,speaker_rian,"축하처럼 들리는 말도, 어떤 말을 담고 있을지 모릅니다."
event_week_008_rian_3,step_event_week_008_rian_3,6,speaker_narrator,리안은 낮은 목소리로 말했다.
event_week_008_rian_3,step_event_week_008_rian_3,7,speaker_rian,"웃으면서 건네는 말일수록, 한 번 더 생각하세요."
event_week_008_rian_4,step_event_week_008_rian_4,0,speaker_rian,오늘 전야제에서는 저는 리안 엘바론으로 불릴 겁니다.
event_week_008_rian_4,step_event_week_008_rian_4,1,speaker_abelia,이제는 모두가 다르게 부르겠네요.
event_week_008_rian_4,step_event_week_008_rian_4,2,speaker_abelia,리안은 괜찮나요?
event_week_008_rian_4,step_event_week_008_rian_4,3,speaker_rian,...그래도 피하지는 않으려고 합니다.
event_week_008_rian_4,step_event_week_008_rian_4,4,speaker_narrator,리안은 잠시 말을 멈췄다.
event_week_008_rian_4,step_event_week_008_rian_4,5,speaker_rian,"다만, 그 이름으로 서 있어도 제가 했던 말까지 달라지는 건 아닙니다."
event_week_008_rian_4,step_event_week_008_rian_4,6,speaker_abelia,어떤 말이요?
event_week_008_rian_4,step_event_week_008_rian_4,7,speaker_rian,아벨리아에게 먼저 말하고 싶었다는 것. 모르는 척하게 만들고 싶지 않았다는 것...
event_week_008_rian_4,step_event_week_008_rian_4,8,speaker_narrator,리안은 고개를 살짝 숙이곤 시선을 피했다.
event_week_008_rian_4,step_event_week_008_rian_4,9,speaker_rian,반드시 기억해 주세요.
event_week_009_rian_0,step_event_week_009_rian_0,0,speaker_narrator,황실 문장이 찍힌 축하 서신이 테이블 위에 놓여 있었다. 리안은 그 곁에 서 있었다.
event_week_009_rian_0,step_event_week_009_rian_0,1,speaker_rian,성인식을 축하드립니다.
event_week_009_rian_0,step_event_week_009_rian_0,2,speaker_abelia,고맙습니다.
event_week_009_rian_0,step_event_week_009_rian_0,3,speaker_rian,오래 붙잡지는 않겠습니다. 오늘은 중요한 날이니까요.
event_week_009_rian_1,step_event_week_009_rian_1,0,speaker_narrator,오늘 저는 황실 이름으로 축하를 전하게 될 겁니다.
event_week_009_rian_1,step_event_week_009_rian_1,1,speaker_abelia,리안 엘바론으로요?
event_week_009_rian_1,step_event_week_009_rian_1,2,speaker_rian,네. 하지만 지금은 그냥 리안으로 말하고 싶습니다.
event_week_009_rian_1,step_event_week_009_rian_1,3,speaker_abelia,뭘요?
event_week_009_rian_1,step_event_week_009_rian_1,4,speaker_rian,"성인식을 축하합니다, 아벨리아."
event_week_009_rian_1,step_event_week_009_rian_1,5,speaker_narrator,리안은 조용히 고개를 숙였다.
event_week_009_rian_1,step_event_week_009_rian_1,6,speaker_rian,오늘 이후로 많은 것이 달라질지도 모릅니다.
event_week_009_rian_1,step_event_week_009_rian_1,7,speaker_rian,...그래도 이 말은 먼저 하고 싶었습니다.
event_week_009_rian_1,step_event_week_009_rian_1,8,speaker_rian,달라지더라도요.
event_week_009_rian_2,step_event_week_009_rian_2,0,speaker_rian,오늘 저는 황자로서 행동할겁니다.
event_week_009_rian_2,step_event_week_009_rian_2,1,speaker_abelia,실제로도 그렇지 않나요?
event_week_009_rian_2,step_event_week_009_rian_2,2,speaker_rian,맞습니다. 부정할 수는 없습니다.
event_week_009_rian_2,step_event_week_009_rian_2,3,speaker_abelia,그런데요?
event_week_009_rian_2,step_event_week_009_rian_2,4,speaker_rian,그렇다고 제 말이 전부 황실의 의견처럼 보이는 것은 싫었습니다.
event_week_009_rian_2,step_event_week_009_rian_2,5,speaker_narrator,리안은 아벨리아를 조용히 보았다.
event_week_009_rian_2,step_event_week_009_rian_2,6,speaker_rian,...오늘 아벨리아가 어떤 선택을 하던 존중하겠습니다.
event_week_009_rian_3,step_event_week_009_rian_3,0,speaker_narrator,리안은 황실 예복을 다 갖추고 있었다. 낯설 만큼 잘 어울렸다.
event_week_009_rian_3,step_event_week_009_rian_3,1,speaker_rian,잠깐 보러 왔습니다. 오늘 안에 많은 일이 정리될 겁니다.
event_week_009_rian_3,step_event_week_009_rian_3,2,speaker_abelia,리안도요?
event_week_009_rian_3,step_event_week_009_rian_3,3,speaker_rian,아마도요.
event_week_009_rian_3,step_event_week_009_rian_3,4,speaker_narrator,리안은 잠시 웃었다.
event_week_009_rian_3,step_event_week_009_rian_3,5,speaker_rian,그래도 제가 무슨 말을 할지는 제가 정할 수 있습니다.
event_week_009_rian_3,step_event_week_009_rian_3,6,speaker_abelia,황실 대표로 참석하는 자리인데 그런 말을 하네요. 지난번엔 안 그랬잖아요.
event_week_009_rian_3,step_event_week_009_rian_3,7,speaker_rian,...네. 적어도 그 정도는 하려고 합니다.
event_week_009_rian_4,step_event_week_009_rian_4,0,speaker_narrator,리안은 황실 예복을 다 갖추고 있었다. 휘장까지 두른 모습은 더 이상 숨겨진 사람처럼 보이지 않았다.
event_week_009_rian_4,step_event_week_009_rian_4,1,speaker_rian,"오늘, 황실 대표로 서는 건 정해졌습니다."
event_week_009_rian_4,step_event_week_009_rian_4,2,speaker_abelia,알고 있어요.
event_week_009_rian_4,step_event_week_009_rian_4,3,speaker_rian,하지만 제가 무슨 말을 할지는 제가 정합니다.
event_week_009_rian_4,step_event_week_009_rian_4,4,speaker_abelia,리안은 아벨리아를 똑바로 보았다.
event_week_009_rian_4,step_event_week_009_rian_4,5,speaker_rian,아벨리아의 계승을 공식적으로 지지하겠습니다. 황실 이름으로요.
event_week_009_rian_4,step_event_week_009_rian_4,6,speaker_abelia,리안에게 위험한 일 아닌가요?
event_week_009_rian_4,step_event_week_009_rian_4,7,speaker_rian,조금은요. 그래도 피하고 싶지 않습니다.
event_week_009_rian_4,step_event_week_009_rian_4,8,speaker_narrator,리안은 잠깐 웃었다. 처음보다 조금 편한 얼굴이었다.
event_week_009_rian_4,step_event_week_009_rian_4,9,speaker_rian,"본식에서 뵙겠습니다, 아벨리아."
event_week_001_rian_blocked,step_event_week_001_rian_blocked,0,speaker_narrator,하인이 작은 종이배 하나를 들고 복도를 지나갔다.
event_week_001_rian_blocked,step_event_week_001_rian_blocked,1,speaker_abelia,그거 뭐야?
event_week_001_rian_blocked,step_event_week_001_rian_blocked,2,speaker_worker_2,리안 님께서 두고 가신 것입니다.
event_week_001_rian_blocked,step_event_week_001_rian_blocked,3,speaker_abelia,리안?
event_week_001_rian_blocked,step_event_week_001_rian_blocked,4,speaker_worker_2,이웃 영지에서 요양 중인 도련님이라고 들었습니다.
event_week_001_rian_blocked,step_event_week_001_rian_blocked,5,speaker_worker_2,오늘은 아가씨를 뵙지 않고 돌아가셨습니다.
event_week_001_rian_blocked,step_event_week_001_rian_blocked,6,speaker_abelia,왜?
event_week_001_rian_blocked,step_event_week_001_rian_blocked,7,speaker_worker_2,장례가 끝난 지 얼마 되지 않아 오늘은 방문객을 오래 들이지 않기로 했습니다.
event_week_001_rian_blocked,step_event_week_001_rian_blocked,8,speaker_narrator,아벨리아는 종이배를 한참 바라보았다.
event_week_001_rian_blocked,step_event_week_001_rian_blocked,9,speaker_abelia,이거… 내거야?
event_week_001_rian_blocked,step_event_week_001_rian_blocked,10,speaker_worker_2,아마도요.
event_week_001_rian_blocked,step_event_week_001_rian_blocked,11,speaker_narrator,"아벨리아는 종이배를 손에 쥔 채, 복도 끝을 바라보았다."
event_week_002_rian_blocked,step_event_week_002_rian_blocked,0,speaker_narrator,벤치 위에 손수건으로 싼 작은 봉지가 놓여 있었다.
event_week_002_rian_blocked,step_event_week_002_rian_blocked,1,speaker_abelia,저거 뭐야?
event_week_002_rian_blocked,step_event_week_002_rian_blocked,2,speaker_worker_2,리안 님께서 두고 가신 것입니다.
event_week_002_rian_blocked,step_event_week_002_rian_blocked,3,speaker_abelia,리안이 왔어?
event_week_002_rian_blocked,step_event_week_002_rian_blocked,4,speaker_worker_2,"예. 아가씨를 뵙고 싶어 하셨지만, 오늘은 오래 머물지 않고 돌아가셨습니다."
event_week_002_rian_blocked,step_event_week_002_rian_blocked,5,speaker_abelia,왜?
event_week_002_rian_blocked,step_event_week_002_rian_blocked,6,speaker_worker_2,"몸이 약하신 데다, 오늘은 손님도 많아 조용히 인사만 남기고 가셨습니다."
event_week_002_rian_blocked,step_event_week_002_rian_blocked,7,speaker_narrator,아벨리아는 봉지를 조심스럽게 풀었다.
event_week_002_rian_blocked,step_event_week_002_rian_blocked,8,speaker_narrator,안에는 조금 타고 모양이 찌그러진 작은 쿠키가 들어 있었다.
event_week_002_rian_blocked,step_event_week_002_rian_blocked,9,speaker_abelia,"이거, 리안이 만든 거야?"
event_week_002_rian_blocked,step_event_week_002_rian_blocked,10,speaker_worker_2,그런 것 같습니다.
event_week_002_rian_blocked,step_event_week_002_rian_blocked,11,speaker_narrator,아벨리아는 쿠키를 한 입 베어 물었다.
event_week_002_rian_blocked,step_event_week_002_rian_blocked,12,speaker_abelia,딱딱해...
event_week_003_rian_blocked,step_event_week_003_rian_blocked,0,speaker_narrator,복도 벽 아래에 색연필들과 쪽지가 널부러져있다.
event_week_003_rian_blocked,step_event_week_003_rian_blocked,1,speaker_abelia,이건 뭐야?
event_week_003_rian_blocked,step_event_week_003_rian_blocked,2,speaker_worker_2,리안 님께서 두고 가신 것입니다.
event_week_003_rian_blocked,step_event_week_003_rian_blocked,3,speaker_narrator,아벨리아는 쪽지를 펼쳐 보았다.
event_week_003_rian_blocked,step_event_week_003_rian_blocked,4,speaker_abelia,뭐라고 써 있어?
event_week_003_rian_blocked,step_event_week_003_rian_blocked,5,speaker_worker_2,다음에 만나면 키를 재보자고 적혀 있습니다.
event_week_003_rian_blocked,step_event_week_003_rian_blocked,6,speaker_narrator,"아벨리아는 벽에 등을 붙였다가, 이내 한 걸음 물러섰다."
event_week_003_rian_blocked,step_event_week_003_rian_blocked,7,speaker_abelia,혼자서는 못재잖아
event_week_003_rian_blocked,step_event_week_003_rian_blocked,8,speaker_narrator,"아벨리아는 연필을 집었다가, 다시 내려놓았다."
event_week_004_rian_blocked,step_event_week_004_rian_blocked,0,speaker_narrator,집사는 축제 팜플렛을 보며 말했다.
event_week_004_rian_blocked,step_event_week_004_rian_blocked,1,speaker_butler,아가씨는 이 길을 따라 이동하시면 됩니다.
event_week_004_rian_blocked,step_event_week_004_rian_blocked,2,speaker_abelia,왜 정해진대로만 가야돼?
event_week_004_rian_blocked,step_event_week_004_rian_blocked,3,speaker_butler,사람이 많아 정해진대로 가지 않으면 위험할 수 있습니다.
event_week_004_rian_blocked,step_event_week_004_rian_blocked,4,speaker_abelia,집사가 정한 길은 사람이 없어?
event_week_004_rian_blocked,step_event_week_004_rian_blocked,5,speaker_butler,큰 길이라 길 잃으실 걱정은 없으실 겁니다.
event_week_004_rian_blocked,step_event_week_004_rian_blocked,6,speaker_abelia,난 다른 곳도 보고싶은데..
event_week_004_rian_blocked,step_event_week_004_rian_blocked,7,speaker_butler,그래도 정해진 길을 벗어나시면 안됩니다.
event_week_005_rian_blocked,step_event_week_005_rian_blocked,0,speaker_narrator,복도 벽에는 무도회 예절 수업 일정표가 붙어 있었다.
event_week_005_rian_blocked,step_event_week_005_rian_blocked,1,speaker_abelia,오늘도 인사 연습이 있네요.
event_week_005_rian_blocked,step_event_week_005_rian_blocked,2,speaker_worker_2,예. 사교계에 나가기 전에는 익혀두셔야 할 것이 많습니다.
event_week_005_rian_blocked,step_event_week_005_rian_blocked,3,speaker_abelia,지키지 않으면 큰일이 나나요?
event_week_005_rian_blocked,step_event_week_005_rian_blocked,4,speaker_worker_2,얕잡아 보이실 수 있습니다.
event_week_005_rian_blocked,step_event_week_005_rian_blocked,5,speaker_narrator,"일정표는 인사, 걸음걸이, 표정 같은 단어들로 가득 차있었다."
event_week_005_rian_blocked,step_event_week_005_rian_blocked,6,speaker_abelia,다른 사람들도 다 이렇게 배우나요?
event_week_005_rian_blocked,step_event_week_005_rian_blocked,7,speaker_worker_2,대부분 그렇습니다.
event_week_005_rian_blocked,step_event_week_005_rian_blocked,8,speaker_abelia,원해서 배우는 사람도 있을까요?
event_week_005_rian_blocked,step_event_week_005_rian_blocked,9,speaker_worker_2,그건 잘 모르겠습니다.
event_week_005_rian_blocked,step_event_week_005_rian_blocked,10,speaker_narrator,아벨리아는 일정표를 손끝으로 눌렀다 떼었다.
event_week_005_rian_blocked,step_event_week_005_rian_blocked,11,speaker_abelia,나처럼 힘든 사람이 또 있을 것 같은데.
event_week_006_rian_blocked,step_event_week_006_rian_blocked,0,speaker_narrator,황실 문장이 찍힌 초대장이 테이블 위에 놓여 있었다.
event_week_006_rian_blocked,step_event_week_006_rian_blocked,1,speaker_narrator,봉투 아래에는 낯선 이름이 작게 서명되어 있었다.
event_week_006_rian_blocked,step_event_week_006_rian_blocked,2,speaker_abelia,이 서명은 누구 이름이죠?
event_week_006_rian_blocked,step_event_week_006_rian_blocked,3,speaker_worker_2,초대장을 보내신 분인 것 같습니다.
event_week_006_rian_blocked,step_event_week_006_rian_blocked,4,speaker_abelia,"이름은 있는데, 누구인지는 모르네요."
event_week_006_rian_blocked,step_event_week_006_rian_blocked,5,speaker_worker_2,아직은 자세히 아실 필요 없습니다.
event_week_006_rian_blocked,step_event_week_006_rian_blocked,6,speaker_abelia,이름이 적혀 있는데도요?
event_week_006_rian_blocked,step_event_week_006_rian_blocked,7,speaker_narrator,아벨리아는 초대장을 덮었다.
event_week_007_rian_blocked,step_event_week_007_rian_blocked,0,speaker_narrator,탁자 위에는 황실 문장이 찍힌 공식 통보서가 놓여 있었다.
event_week_007_rian_blocked,step_event_week_007_rian_blocked,1,speaker_butler,"성인식 당일, 황실에서 대표를 보내겠다고 합니다."
event_week_007_rian_blocked,step_event_week_007_rian_blocked,2,speaker_abelia,대표요?
event_week_007_rian_blocked,step_event_week_007_rian_blocked,3,speaker_butler,예. 황실의 일곱 번째 황자 전하께서 참석하실 예정입니다.
event_week_007_rian_blocked,step_event_week_007_rian_blocked,4,speaker_abelia,일곱 번째 황자...
event_week_007_rian_blocked,step_event_week_007_rian_blocked,5,speaker_narrator,아벨리아는 통보서 아래쪽에 적힌 이름을 바라보았다.
event_week_007_rian_blocked,step_event_week_007_rian_blocked,6,speaker_abelia,"이름은 적혀 있는데, 어떤 사람인지는 하나도 없네요."
event_week_007_rian_blocked,step_event_week_007_rian_blocked,7,speaker_butler,공식 문서에는 중요한 내용만 적히는 법입니다.
event_week_007_rian_blocked,step_event_week_007_rian_blocked,8,speaker_abelia,중요한 내용이 이름뿐인가요?
event_week_007_rian_blocked,step_event_week_007_rian_blocked,9,speaker_butler,참석 여부와 지위가 중요합니다.
event_week_007_rian_blocked,step_event_week_007_rian_blocked,10,speaker_abelia,저는 황자가 어떤 사람인지가 더 궁금한데요.
event_week_007_rian_blocked,step_event_week_007_rian_blocked,11,speaker_narrator,아벨리아는 통보서를 다시 접었다.
event_week_007_rian_blocked,step_event_week_007_rian_blocked,12,speaker_abelia,이렇게 알게 되는 건 별로예요.
event_week_008_rian_blocked,step_event_week_008_rian_blocked,0,speaker_narrator,탁자 위에는 황실 문장이 찍힌 축하 서신이 놓여 있었다.
event_week_008_rian_blocked,step_event_week_008_rian_blocked,1,speaker_abelia,황실에서 온 건가요?
event_week_008_rian_blocked,step_event_week_008_rian_blocked,2,speaker_butler,예. 전야제에 맞춰 도착했습니다.
event_week_008_rian_blocked,step_event_week_008_rian_blocked,3,speaker_abelia,"축하한다는 말은 있는데, 축하받는 느낌은 없네요."
event_week_008_rian_blocked,step_event_week_008_rian_blocked,4,speaker_butler,공식 서신이니 형식을 갖춘 것입니다.
event_week_008_rian_blocked,step_event_week_008_rian_blocked,5,speaker_narrator,아벨리아는 서신의 첫 문장을 다시 읽었다.
event_week_008_rian_blocked,step_event_week_008_rian_blocked,6,speaker_abelia,"문장은 있는데, 목소리는 없어요."
event_week_009_rian_blocked,step_event_week_009_rian_blocked,0,speaker_narrator,황실 문장이 새겨진 예복을 입은 의전관이 조용히 고개를 숙였다.
event_week_009_rian_blocked,step_event_week_009_rian_blocked,1,speaker_npc,황실은 아벨리아 벨라리우스 님의 성인식을 축하드립니다.
event_week_009_rian_blocked,step_event_week_009_rian_blocked,2,speaker_abelia,황실은요?
event_week_009_rian_blocked,step_event_week_009_rian_blocked,3,speaker_npc,예. 황실을 대표하여 축사를 전하러 왔습니다.
event_week_009_rian_blocked,step_event_week_009_rian_blocked,4,speaker_npc,축사는 식장에서 낭독될 예정입니다.
event_week_009_rian_blocked,step_event_week_009_rian_blocked,5,speaker_narrator,아벨리아는 의전관의 손에 들린 축서를 바라보았다.
event_week_009_rian_blocked,step_event_week_009_rian_blocked,6,speaker_abelia,"그럼 저는, 그 말을 듣고 고개를 숙이면 되나요?"
event_week_009_rian_blocked,step_event_week_009_rian_blocked,7,speaker_npc,예. 그렇게 하시면 됩니다.
event_week_009_rian_blocked,step_event_week_009_rian_blocked,8,speaker_narrator,아벨리아는 작게 고개를 끄덕였다.
event_week_001_max,step_event_week_001_max,0,speaker_narrator,백작저 응접실. 오후.
event_week_001_max,step_event_week_001_max,1,speaker_narrator,기사가문 가주가 임시가주에게 인사하러 왔다. 그 옆에 또래 남자아이가 서 있었다.
event_week_001_max,step_event_week_001_max,2,speaker_narrator,"어른들이 안쪽 방으로 들어가자, 남자아이가 아벨리아 쪽으로 돌아섰다."
event_week_001_max,step_event_week_001_max,3,speaker_max,나는 막스야. 네가 아벨리아지?
event_week_001_max,step_event_week_001_max,4,speaker_abelia,응.
event_week_001_max,step_event_week_001_max,5,speaker_max,아빠가 말했어. 인사 잘하라고.
event_week_001_max,step_event_week_001_max,6,speaker_abelia,왜?
event_week_001_max,step_event_week_001_max,7,speaker_max,앞으로 자주 볼 수도 있으니까.
event_week_001_max,step_event_week_001_max,8,speaker_narrator,막스는 잠깐 고민하다가 허리를 조금 숙였다.
event_week_001_max,step_event_week_001_max,9,speaker_max,잘 부탁해.
event_week_001_max,step_event_week_001_max,10,speaker_abelia,…나도.
event_week_001_max,step_event_week_001_max,11,speaker_max,또 올게.
event_week_002_max_0,step_event_week_002_max_0,0,speaker_narrator,백작저 현관 앞. 낮.
event_week_002_max_0,step_event_week_002_max_0,1,speaker_narrator,기사가문에서 다과회 준비 인사를 하러 왔다. 그 옆에 막스가 서 있었다.
event_week_002_max_0,step_event_week_002_max_0,2,speaker_max,안녕. 나는 막스야.
event_week_002_max_0,step_event_week_002_max_0,3,speaker_abelia,…아벨리아야.
event_week_002_max_0,step_event_week_002_max_0,4,speaker_max,다과회에선 아이들끼리 앉을거래. 그래서 먼저 인사하래.
event_week_002_max_0,step_event_week_002_max_0,5,speaker_abelia,그런 것도 정해져 있어?
event_week_002_max_0,step_event_week_002_max_0,6,speaker_max,나도 잘 몰라. 그래도 얌전히 있으면 된다는데?
event_week_002_max_0,step_event_week_002_max_0,7,speaker_narrator,막스는 잠깐 망설이다가 말했다.
event_week_002_max_0,step_event_week_002_max_0,8,speaker_max,혹시 불편하면 나한테 말해. 가까이 있을 수도 있으니까.
event_week_002_max_1,step_event_week_002_max_1,0,speaker_narrator,백작저 정원. 낮.
event_week_002_max_1,step_event_week_002_max_1,1,speaker_narrator,"어른들이 안에서 이야기하는 동안, 풀숲이 작게 흔들렸다."
event_week_002_max_1,step_event_week_002_max_1,2,speaker_abelia,방금 뭐가 움직였어.
event_week_002_max_1,step_event_week_002_max_1,3,speaker_max,잠깐만.
event_week_002_max_1,step_event_week_002_max_1,4,speaker_narrator,작은 뱀이 풀 사이로 지나갔다. 막스는 아벨리아 앞에 한 걸음 섰다.
event_week_002_max_1,step_event_week_002_max_1,5,speaker_abelia,뱀이야?
event_week_002_max_1,step_event_week_002_max_1,6,speaker_max,응. 가까이 가지 마.
event_week_002_max_1,step_event_week_002_max_1,7,speaker_abelia,안 무서워?
event_week_002_max_1,step_event_week_002_max_1,8,speaker_max,조금 무서워.
event_week_002_max_1,step_event_week_002_max_1,9,speaker_abelia,그런데 왜 앞에 섰어?
event_week_002_max_1,step_event_week_002_max_1,10,speaker_max,네가 위험할까봐.
event_week_003_max_0,step_event_week_003_max_0,0,speaker_narrator,백작저 훈련장 앞. 낮.
event_week_003_max_0,step_event_week_003_max_0,1,speaker_narrator,막스는 목검을 들고 훈련장 앞에 서 있었다.
event_week_003_max_0,step_event_week_003_max_0,2,speaker_max,"안녕, 처음보네. 너도 검술 수업 들어?"
event_week_003_max_0,step_event_week_003_max_0,3,speaker_abelia,응.
event_week_003_max_0,step_event_week_003_max_0,4,speaker_max,나도야. 아버지가 배우라고 했어.
event_week_003_max_0,step_event_week_003_max_0,5,speaker_abelia,왜?
event_week_003_max_0,step_event_week_003_max_0,6,speaker_max,나중에 필요하대.
event_week_003_max_0,step_event_week_003_max_0,7,speaker_abelia,뭐에?
event_week_003_max_0,step_event_week_003_max_0,8,speaker_max,모르겠어. 그래도 검 들면 좀 멋있잖아.
event_week_003_max_1,step_event_week_003_max_1,0,speaker_narrator,백작저 훈련장. 오후.
event_week_003_max_1,step_event_week_003_max_1,1,speaker_narrator,수업이 끝난 뒤에도 막스는 목검을 내려놓지 않았다.
event_week_003_max_1,step_event_week_003_max_1,2,speaker_abelia,아직도 해?
event_week_003_max_1,step_event_week_003_max_1,3,speaker_max,조금만 더.
event_week_003_max_1,step_event_week_003_max_1,4,speaker_abelia,힘들지 않아?
event_week_003_max_1,step_event_week_003_max_1,5,speaker_max,"힘든데, 안 하면 더 못하잖아. 너도 조금만 더 해."
event_week_003_max_1,step_event_week_003_max_1,6,speaker_abelia,왜?
event_week_003_max_1,step_event_week_003_max_1,7,speaker_max,나중에 쓸 일이 있을 수도 있으니까.
event_week_003_max_1,step_event_week_003_max_1,8,speaker_abelia,싸우라는 거야?
event_week_003_max_1,step_event_week_003_max_1,9,speaker_max,아니. 무서울 때 손에 쥘 게 있으면 덜 무섭잖아.
event_week_003_max_2,step_event_week_003_max_2,0,speaker_narrator,백작저 훈련장 구석. 오후.
event_week_003_max_2,step_event_week_003_max_2,1,speaker_narrator,막스는 목검을 어깨에 기대고 앉아 있었다.
event_week_003_max_2,step_event_week_003_max_2,2,speaker_abelia,왜 그렇게 열심히 해?
event_week_003_max_2,step_event_week_003_max_2,3,speaker_max,나중에 기사가 될 거니까.
event_week_003_max_2,step_event_week_003_max_2,4,speaker_abelia,기사?
event_week_003_max_2,step_event_week_003_max_2,5,speaker_max,응. 누굴 지키는 사람.
event_week_003_max_2,step_event_week_003_max_2,6,speaker_abelia,누구를?
event_week_003_max_2,step_event_week_003_max_2,7,speaker_max,아직은 몰라.
event_week_003_max_2,step_event_week_003_max_2,8,speaker_narrator,막스는 잠깐 생각하다가 아벨리아를 보았다.
event_week_003_max_2,step_event_week_003_max_2,9,speaker_max,"그래도 네가 위험하면, 내가 도와줄 수 있으면 좋겠어."
event_week_003_max_2,step_event_week_003_max_2,10,speaker_abelia,왜 나를?
event_week_003_max_2,step_event_week_003_max_2,11,speaker_max,...
event_week_004_max_0,step_event_week_004_max_0,0,speaker_narrator,백작저 현관 앞. 낮.
event_week_004_max_0,step_event_week_004_max_0,1,speaker_narrator,기사가문 사람들이 후작가 축제에 가기 전 백작저에 들렀다. 막스는 어른들 옆에 서 있었다.
event_week_004_max_0,step_event_week_004_max_0,2,speaker_max,안녕. 나는 막스야.
event_week_004_max_0,step_event_week_004_max_0,3,speaker_abelia,…아벨리아야.
event_week_004_max_0,step_event_week_004_max_0,4,speaker_max,아버지가 먼저 인사하라고 했어. 오늘 같은 곳에 가니까.
event_week_004_max_0,step_event_week_004_max_0,5,speaker_abelia,같은 곳?
event_week_004_max_0,step_event_week_004_max_0,6,speaker_max,후작가 축제.
event_week_004_max_0,step_event_week_004_max_0,7,speaker_abelia,너도 가?
event_week_004_max_0,step_event_week_004_max_0,8,speaker_max,응. 우리 가족도 가야된대.
event_week_004_max_1,step_event_week_004_max_1,0,speaker_narrator,백작저 마차 대기소. 낮.
event_week_004_max_1,step_event_week_004_max_1,1,speaker_narrator,후작가로 갈 마차들이 준비되어 있었다. 막스는 자기 집 마차 옆에 서 있었다.
event_week_004_max_1,step_event_week_004_max_1,2,speaker_max,너도 지금 가?
event_week_004_max_1,step_event_week_004_max_1,3,speaker_abelia,응. 사람이 많대.
event_week_004_max_1,step_event_week_004_max_1,4,speaker_max,나도 들었어.
event_week_004_max_1,step_event_week_004_max_1,5,speaker_abelia,사람 많은 거 좋아해?
event_week_004_max_1,step_event_week_004_max_1,6,speaker_max,아니. 몸이 자꾸 밀려서 싫어.
event_week_004_max_1,step_event_week_004_max_1,7,speaker_abelia,나도.
event_week_004_max_1,step_event_week_004_max_1,8,speaker_narrator,막스는 잠깐 생각하다가 말했다.
event_week_004_max_1,step_event_week_004_max_1,9,speaker_max,그럼 사람 많으면 벽 쪽에 있어.
event_week_004_max_1,step_event_week_004_max_1,10,speaker_abelia,왜?
event_week_004_max_1,step_event_week_004_max_1,11,speaker_max,"한쪽은 막혀 있으니까, 덜 밀리잖아."
event_week_004_max_2,step_event_week_004_max_2,0,speaker_narrator,백작저 마차 대기소. 낮.
event_week_004_max_2,step_event_week_004_max_2,1,speaker_narrator,막스는 작은 종이봉투를 들고 있었다.
event_week_004_max_2,step_event_week_004_max_2,2,speaker_max,이거 먹을래?
event_week_004_max_2,step_event_week_004_max_2,3,speaker_abelia,뭐야?
event_week_004_max_2,step_event_week_004_max_2,4,speaker_max,과자. 마차에서 먹으려고 챙겼어.
event_week_004_max_2,step_event_week_004_max_2,5,speaker_abelia,네 거잖아.
event_week_004_max_2,step_event_week_004_max_2,6,speaker_max,두 개 있어. 하나는 줘도 돼.
event_week_004_max_2,step_event_week_004_max_2,7,speaker_narrator,아벨리아는 과자를 받아 들었다.
event_week_004_max_2,step_event_week_004_max_2,8,speaker_abelia,왜 줘?
event_week_004_max_2,step_event_week_004_max_2,9,speaker_max,...그냥
event_week_005_max_0,step_event_week_005_max_0,0,speaker_narrator,백작저 응접실. 낮.
event_week_005_max_0,step_event_week_005_max_0,1,speaker_narrator,기사가문 사람들이 백작저를 방문했다. 막스는 그 뒤에서 조금 굳은 얼굴로 서 있었다.
event_week_005_max_0,step_event_week_005_max_0,2,speaker_max,안녕하세요. 막스 발테리온입니다.
event_week_005_max_0,step_event_week_005_max_0,3,speaker_abelia,…아벨리아예요.
event_week_005_max_0,step_event_week_005_max_0,4,speaker_max,오늘은 무도회 파트너 후보로 인사드리러 왔습니다.
event_week_005_max_0,step_event_week_005_max_0,5,speaker_abelia,당신이요?
event_week_005_max_0,step_event_week_005_max_0,6,speaker_max,네. 가문에서 그렇게 말했습니다.
event_week_005_max_0,step_event_week_005_max_0,7,speaker_abelia,막스는 어떻게 생각하나요?
event_week_005_max_0,step_event_week_005_max_0,8,speaker_narrator,막스는 잠깐 눈을 내렸다가 다시 아벨리아를 보았다.
event_week_005_max_0,step_event_week_005_max_0,9,speaker_max,아벨리아가 싫으면 거절해도 돼요. 그 말은 꼭 하려고 했어요.
event_week_005_max_1,step_event_week_005_max_1,0,speaker_narrator,백작저 정원. 오후.
event_week_005_max_1,step_event_week_005_max_1,1,speaker_max,키가 많이 크셨네요.
event_week_005_max_1,step_event_week_005_max_1,2,speaker_abelia,막스도요.
event_week_005_max_1,step_event_week_005_max_1,3,speaker_max,"예전엔 목검이 더 커 보였는데, 이젠 좀 덜합니다."
event_week_005_max_1,step_event_week_005_max_1,4,speaker_abelia,검 연습을 지금도 하시나 보네요.
event_week_005_max_1,step_event_week_005_max_1,5,speaker_max,네. 계속하고 있습니다.
event_week_005_max_1,step_event_week_005_max_1,6,speaker_narrator,막스는 잠깐 머뭇거리다가 말했다.
event_week_005_max_1,step_event_week_005_max_1,7,speaker_max,파트너 이야기는 우리 가문에서 먼저 꺼낸 겁니다.
event_week_005_max_1,step_event_week_005_max_1,8,speaker_abelia,막스도 원해서 온 건 아닌가요?
event_week_005_max_1,step_event_week_005_max_1,9,speaker_max,아벨리아가 불편하지 않았으면 좋겠어요. 그게 먼저예요.
event_week_005_max_1,step_event_week_005_max_1,10,speaker_abelia,그럼 본인 마음은요?
event_week_005_max_1,step_event_week_005_max_1,11,speaker_max,…같이 서고 싶기는 합니다.
event_week_005_max_2,step_event_week_005_max_2,0,speaker_narrator,백작저 정원. 해질 무렵.
event_week_005_max_2,step_event_week_005_max_2,1,speaker_max,이번엔 가문 말만 하러 온 게 아니에요.
event_week_005_max_2,step_event_week_005_max_2,2,speaker_abelia,그럼요?
event_week_005_max_2,step_event_week_005_max_2,3,speaker_max,제가 직접 말하고 싶었어요.
event_week_005_max_2,step_event_week_005_max_2,4,speaker_narrator,막스는 손을 꽉 쥐었다가 폈다.
event_week_005_max_2,step_event_week_005_max_2,5,speaker_max,아벨리아의 파트너가 되고 싶어요.
event_week_005_max_2,step_event_week_005_max_2,6,speaker_abelia,..가문에서 원해서요?
event_week_005_max_2,step_event_week_005_max_2,7,speaker_max,그것도 맞아요. 그런데 저도 원해요.
event_week_005_max_2,step_event_week_005_max_2,8,speaker_abelia,왜요?
event_week_005_max_2,step_event_week_005_max_2,9,speaker_max,"아벨리아가 혼자 서 있으면, 사람들이 더 쉽게 다가올 것 같아서요."
event_week_005_max_2,step_event_week_005_max_2,10,speaker_abelia,막스가 옆에 있으면 달라지나요?
event_week_005_max_2,step_event_week_005_max_2,11,speaker_max,적어도 저는 옆에 있을 수 있잖아요.
event_week_006_max_0,step_event_week_006_max_0,0,speaker_narrator,백작저 응접실. 무도회 전.
event_week_006_max_0,step_event_week_006_max_0,1,speaker_narrator,기사가문에서 보낸 파트너 신청서가 테이블 위에 놓여 있었다. 막스는 그 옆에 서 있었다.
event_week_006_max_0,step_event_week_006_max_0,2,speaker_max,안녕하세요. 막스 발테리온입니다.
event_week_006_max_0,step_event_week_006_max_0,3,speaker_abelia,"안녕하세요, 아멜리아에요."
event_week_006_max_0,step_event_week_006_max_0,4,speaker_max,오늘은 정말 그래야 할 것 같아서요.
event_week_006_max_0,step_event_week_006_max_0,5,speaker_abelia,파트너 신청서인가요?
event_week_006_max_0,step_event_week_006_max_0,6,speaker_max,네. 가문에서 공식으로 올린 겁니다.
event_week_006_max_0,step_event_week_006_max_0,7,speaker_abelia,막스도 그렇게 서야 하나요?
event_week_006_max_0,step_event_week_006_max_0,8,speaker_max,네. 오늘은 발테리온가문 대표로 서게 됩니다.
event_week_006_max_0,step_event_week_006_max_0,9,speaker_narrator,막스는 잠깐 말을 멈췄다가 덧붙였다.
event_week_006_max_0,step_event_week_006_max_0,10,speaker_max,그래도 불편하면 말해 주세요. 그건 가문 말고 제가 듣고 싶어요.
event_week_006_max_1,step_event_week_006_max_1,0,speaker_narrator,백작저 홀. 무도회 출발 전.
event_week_006_max_1,step_event_week_006_max_1,1,speaker_narrator,막스는 장갑 낀 손을 내려다보고 있었다.
event_week_006_max_1,step_event_week_006_max_1,2,speaker_max,긴장되십니까?
event_week_006_max_1,step_event_week_006_max_1,3,speaker_abelia,조금요. 막스는요?
event_week_006_max_1,step_event_week_006_max_1,4,speaker_max,많이 됩니다. 안 그런 척하는 연습을 많이 했습니다.
event_week_006_max_1,step_event_week_006_max_1,5,speaker_abelia,그런 것도 연습하나요?
event_week_006_max_1,step_event_week_006_max_1,6,speaker_narrator,막스는 고개를 끄덕였다.
event_week_006_max_1,step_event_week_006_max_1,7,speaker_max,순서가 오면 제가 먼저 손을 내밀겠습니다.
event_week_006_max_1,step_event_week_006_max_1,8,speaker_max,그럼 아벨리아가 먼저 망설이지 않아도 되니까요.
event_week_006_max_2,step_event_week_006_max_2,0,speaker_narrator,백작저 복도. 무도회 출발 전.
event_week_006_max_2,step_event_week_006_max_2,1,speaker_max,오늘은 사람이 많을 겁니다.
event_week_006_max_2,step_event_week_006_max_2,2,speaker_abelia,알아요.
event_week_006_max_2,step_event_week_006_max_2,3,speaker_max,말도 많을 거고요.
event_week_006_max_2,step_event_week_006_max_2,4,speaker_abelia,그것도요.
event_week_006_max_2,step_event_week_006_max_2,5,speaker_narrator,막스는 잠깐 망설이다가 말했다.
event_week_006_max_2,step_event_week_006_max_2,6,speaker_max,그래도 제가 옆에 있겠습니다.
event_week_006_max_2,step_event_week_006_max_2,7,speaker_abelia,파트너라서요?
event_week_006_max_2,step_event_week_006_max_2,8,speaker_max,그것도 맞습니다.
event_week_006_max_2,step_event_week_006_max_2,9,speaker_abelia,다른 이유도 있나요?
event_week_006_max_2,step_event_week_006_max_2,10,speaker_max,...
event_week_006_max_3,step_event_week_006_max_3,0,speaker_narrator,백작저 작은 응접실. 무도회 전.
event_week_006_max_3,step_event_week_006_max_3,1,speaker_max,"오늘 누가 갑자기 말을 걸면, 제가 먼저 대답해도 됩니까?"
event_week_006_max_3,step_event_week_006_max_3,2,speaker_abelia,막스가요?
event_week_006_max_3,step_event_week_006_max_3,3,speaker_max,"예. 전부는 아니고, 곤란할 때만요."
event_week_006_max_3,step_event_week_006_max_3,4,speaker_abelia,제가 곤란한지 어떻게 아나요?
event_week_006_max_3,step_event_week_006_max_3,5,speaker_max,"손수건을 잡거나, 대답이 늦어지면 제가 “준비 중입니다”라고 말하겠습니다."
event_week_006_max_3,step_event_week_006_max_3,6,speaker_abelia,그게 통할까요?
event_week_006_max_3,step_event_week_006_max_3,7,speaker_max,"예의 있게 말하면, 대부분은 한 번 멈춥니다."
event_week_006_max_3,step_event_week_006_max_3,8,speaker_narrator,막스는 작게 웃었다.
event_week_007_max_0,step_event_week_007_max_0,0,speaker_narrator,백작저 응접실. 낮.
event_week_007_max_0,step_event_week_007_max_0,1,speaker_narrator,기사가문에서 보낸 성인식 참석 통보서가 놓여 있었다. 막스는 그 옆에 서 있었다.
event_week_007_max_0,step_event_week_007_max_0,2,speaker_max,안녕하십니까. 막스 발테리온입니다.
event_week_007_max_0,step_event_week_007_max_0,3,speaker_abelia,성인식 대표로 오신 건가요?
event_week_007_max_0,step_event_week_007_max_0,4,speaker_max,네. 발테리온가에서 저를 대표로 보내기로 했습니다.
event_week_007_max_0,step_event_week_007_max_0,5,speaker_narrator,격식만 오갔다.
event_week_007_max_1,step_event_week_007_max_1,0,speaker_narrator,백작저 정원. 오후.
event_week_007_max_1,step_event_week_007_max_1,1,speaker_max,"오랜만입니다, 아벨리아."
event_week_007_max_1,step_event_week_007_max_1,2,speaker_abelia,오랜만이네요.
event_week_007_max_1,step_event_week_007_max_1,3,speaker_max,오늘은 발테리온가 대표로 왔습니다.
event_week_007_max_1,step_event_week_007_max_1,4,speaker_narrator,막스는 잠깐 정원 쪽을 보았다.
event_week_007_max_1,step_event_week_007_max_1,5,speaker_max,성인식 준비는 괜찮으십니까?
event_week_007_max_1,step_event_week_007_max_1,6,speaker_abelia,나쁘지 않아요.
event_week_007_max_1,step_event_week_007_max_1,7,speaker_max,그럼 정말 괜찮은지는 묻지 않겠습니다.
event_week_007_max_1,step_event_week_007_max_1,8,speaker_abelia,왜요?
event_week_007_max_1,step_event_week_007_max_1,9,speaker_max,대답하기 어려운 질문일 것 같아서요.
event_week_007_max_2,step_event_week_007_max_2,0,speaker_narrator,백작저 정원. 늦은 오후.
event_week_007_max_2,step_event_week_007_max_2,1,speaker_max,"성인식 당일, 제가 가까운 곳에 있어도 되겠습니까?"
event_week_007_max_2,step_event_week_007_max_2,2,speaker_abelia,대표석에 있는 것 아닌가요?
event_week_007_max_2,step_event_week_007_max_2,3,speaker_max,그럴 겁니다. 그래도 필요하면 바로 움직일 수 있는 자리에 있고 싶습니다.
event_week_007_max_2,step_event_week_007_max_2,4,speaker_abelia,막스가요?
event_week_007_max_2,step_event_week_007_max_2,5,speaker_narrator,막스는 조금 어색하게 손을 쥐었다.
event_week_007_max_2,step_event_week_007_max_2,6,speaker_max,긴장되면 말씀해 주세요.
event_week_007_max_2,step_event_week_007_max_2,7,speaker_abelia,말한다고 달라지나요?
event_week_007_max_2,step_event_week_007_max_2,8,speaker_max,전부 달라지지는 않습니다.
event_week_007_max_2,step_event_week_007_max_2,9,speaker_abelia,그럼요?
event_week_007_max_2,step_event_week_007_max_2,10,speaker_max,그래도 혼자 버티게 두지는 않겠습니다.
event_week_007_max_3,step_event_week_007_max_3,0,speaker_narrator,백작저 작은 응접실. 오후.
event_week_007_max_3,step_event_week_007_max_3,1,speaker_narrator,막스는 평소보다 더 단정한 복장으로 서 있었다.
event_week_007_max_3,step_event_week_007_max_3,2,speaker_max,"성인식 이후, 제가 공식 호위로 지명될 수 있습니다."
event_week_007_max_3,step_event_week_007_max_3,3,speaker_abelia,발테리온 가문 대표가 아니라요?
event_week_007_max_3,step_event_week_007_max_3,4,speaker_max,"둘 다입니다. 대표로 오지만, 필요하면 호위로도 설 수 있게 되었습니다."
event_week_007_max_3,step_event_week_007_max_3,5,speaker_abelia,막스가 원한 건가요?
event_week_007_max_3,step_event_week_007_max_3,6,speaker_max,예.
event_week_007_max_3,step_event_week_007_max_3,7,speaker_abelia,가문도 원했고요?
event_week_007_max_3,step_event_week_007_max_3,8,speaker_max,그것도 맞습니다.
event_week_007_max_3,step_event_week_007_max_3,9,speaker_narrator,막스는 잠시 시선을 내렸다가 다시 말했다.
event_week_007_max_3,step_event_week_007_max_3,10,speaker_max,"하지만 제가 원하지 않았다면, 이렇게 말하러 오지는 않았을 겁니다."
event_week_007_max_3,step_event_week_007_max_3,11,speaker_abelia,왜 말하러 왔나요?
event_week_007_max_3,step_event_week_007_max_3,12,speaker_max,허락받고 싶었습니다. 제 자리가 아벨리아 곁이어도 되는지.
event_week_007_max_4,step_event_week_007_max_4,0,speaker_narrator,백작저 정원. 해질 무렵.
event_week_007_max_4,step_event_week_007_max_4,1,speaker_max,"오늘은 가문의 말을 전달하는게 아니라, 제 말을 하러 왔습니다."
event_week_007_max_4,step_event_week_007_max_4,2,speaker_abelia,무슨 말인가요?
event_week_007_max_4,step_event_week_007_max_4,3,speaker_max,저는 발테리온의 사람입니다. 그건 바뀌지 않습니다.
event_week_007_max_4,step_event_week_007_max_4,4,speaker_abelia,알고 있어요.
event_week_007_max_4,step_event_week_007_max_4,5,speaker_max,"그래도 성인식 당일에 선택해야 할 일이 생기면, 저는 아벨리아 편에 서고 싶습니다."
event_week_007_max_4,step_event_week_007_max_4,6,speaker_abelia,그게 가문의 뜻과 다르면요?
event_week_007_max_4,step_event_week_007_max_4,7,speaker_narrator,막스는 바로 대답하지 못했다.
event_week_008_max_0,step_event_week_008_max_0,0,speaker_narrator,백작저 응접실. 오후.
event_week_008_max_0,step_event_week_008_max_0,1,speaker_max,안녕하십니까. 발테리온가의 막스입니다.
event_week_008_max_0,step_event_week_008_max_0,2,speaker_abelia,전야제 인사인가요?
event_week_008_max_0,step_event_week_008_max_0,3,speaker_max,네. 발테리온을 대표해 아벨리아의 성인식을 축하드립니다.
event_week_008_max_0,step_event_week_008_max_0,4,speaker_narrator,막스는 잠시 말을 멈췄다가 덧붙였다.
event_week_008_max_0,step_event_week_008_max_0,5,speaker_max,오래 붙잡지는 않겠습니다. 먼저 인사드리고 싶었습니다.
event_week_008_max_1,step_event_week_008_max_1,0,speaker_narrator,백작저 정원. 오후.
event_week_008_max_1,step_event_week_008_max_1,1,speaker_max,"오랜만입니다, 아벨리아."
event_week_008_max_1,step_event_week_008_max_1,2,speaker_abelia,오랜만이네요.
event_week_008_max_1,step_event_week_008_max_1,3,speaker_max,오늘은 발테리온가 대표로 왔습니다.
event_week_008_max_1,step_event_week_008_max_1,4,speaker_abelia,계속 대표라고 말하네요.
event_week_008_max_1,step_event_week_008_max_1,5,speaker_max,그래야 할 것 같아서요.
event_week_008_max_1,step_event_week_008_max_1,6,speaker_narrator,막스는 조금 어색하게 웃었다.
event_week_008_max_1,step_event_week_008_max_1,7,speaker_max,발테리온가는 백작가의 조력자가 되고 싶어 합니다.
event_week_008_max_1,step_event_week_008_max_1,8,speaker_abelia,막스도요?
event_week_008_max_1,step_event_week_008_max_1,9,speaker_max,네. 저도 그렇습니다.
event_week_008_max_2,step_event_week_008_max_2,0,speaker_narrator,백작저 작은 응접실. 늦은 오후.
event_week_008_max_2,step_event_week_008_max_2,1,speaker_max,내일 잘하실 수 있겠습니까?
event_week_008_max_2,step_event_week_008_max_2,2,speaker_abelia,"그렇게 물으면, 잘해야 할 것 같네요."
event_week_008_max_2,step_event_week_008_max_2,3,speaker_max,대답하기 어렵다면 안 하셔도 됩니다.
event_week_008_max_2,step_event_week_008_max_2,4,speaker_abelia,막스는 내일 무엇을 하나요?
event_week_008_max_2,step_event_week_008_max_2,5,speaker_max,가까운 곳에 있겠습니다.
event_week_008_max_2,step_event_week_008_max_2,6,speaker_abelia,그것뿐인가요?
event_week_008_max_2,step_event_week_008_max_2,7,speaker_narrator,막스는 잠시 손을 쥐었다.
event_week_008_max_2,step_event_week_008_max_2,8,speaker_max,네. 제가 할 수 있는 건 그것뿐일지도 모릅니다.
event_week_008_max_3,step_event_week_008_max_3,0,speaker_narrator,백작저 정원. 해질 무렵.
event_week_008_max_3,step_event_week_008_max_3,1,speaker_max,내일이면 백작이 되십니다.
event_week_008_max_3,step_event_week_008_max_3,2,speaker_abelia,아직 실감이 안 나요.
event_week_008_max_3,step_event_week_008_max_3,3,speaker_max,긴장되십니까?
event_week_008_max_3,step_event_week_008_max_3,4,speaker_abelia,안 된다고 하면 거짓말이겠죠.
event_week_008_max_3,step_event_week_008_max_3,5,speaker_narrator,막스는 잠시 말을 고르듯 침묵했다.
event_week_008_max_3,step_event_week_008_max_3,6,speaker_max,저는 아벨리아가 해낼 거라고 생각합니다.
event_week_008_max_3,step_event_week_008_max_3,7,speaker_abelia,왜 그렇게 생각하나요?
event_week_008_max_3,step_event_week_008_max_3,8,speaker_max,"계속 봐왔으니까요, 발테리온도 당신을 돕겠습니다."
event_week_008_max_4,step_event_week_008_max_4,0,speaker_narrator,백작저 정원. 해질 무렵.
event_week_008_max_4,step_event_week_008_max_4,1,speaker_max,"성인식이 끝나면, 아벨리아는 어떻게 하실 생각입니까?"
event_week_008_max_4,step_event_week_008_max_4,2,speaker_abelia,아직 모르겠어요.
event_week_008_max_4,step_event_week_008_max_4,3,speaker_max,발테리온이 힘이 될 수 있습니다.
event_week_008_max_4,step_event_week_008_max_4,4,speaker_abelia,막스도요?
event_week_008_max_4,step_event_week_008_max_4,5,speaker_max,"네. 가문도, 저도요."
event_week_008_max_4,step_event_week_008_max_4,6,speaker_abelia,그 둘이 항상 같은 뜻은 아닐 수 있어요.
event_week_008_max_4,step_event_week_008_max_4,7,speaker_narrator,막스는 조용히 아벨리아를 보았다.
event_week_008_max_4,step_event_week_008_max_4,8,speaker_max,그래도 저는 아벨리아 곁에 있고 싶습니다. 허락해 주신다면요.
event_week_009_max_0,step_event_week_009_max_0,0,speaker_narrator,성인식장.
event_week_009_max_0,step_event_week_009_max_0,1,speaker_max,안녕하십니까. 막스 발테리온 입니다.
event_week_009_max_0,step_event_week_009_max_0,2,speaker_abelia,"반가워요, 막스."
event_week_009_max_0,step_event_week_009_max_0,3,speaker_max,발테리온은 벨리우스 백작가의 새로운 시대를 환영합니다.
event_week_009_max_0,step_event_week_009_max_0,4,speaker_narrator,막스는 잠시 고개를 숙였다.
event_week_009_max_0,step_event_week_009_max_0,5,speaker_max,오래 붙잡지 않겠습니다. 성인식을 축하드립니다.
event_week_009_max_1,step_event_week_009_max_1,0,speaker_narrator,성인식장 옆 회랑. 성인식 전.
event_week_009_max_1,step_event_week_009_max_1,1,speaker_max,성인식을 축하드립니다.
event_week_009_max_1,step_event_week_009_max_1,2,speaker_abelia,고맙습니다.
event_week_009_max_1,step_event_week_009_max_1,3,speaker_narrator,두 사람 사이에 짧은 침묵이 놓였다.
event_week_009_max_1,step_event_week_009_max_1,4,speaker_max,원래는 더 멋지게 말하려고 했습니다.
event_week_009_max_1,step_event_week_009_max_1,5,speaker_abelia,지금도 충분히 격식 있었어요.
event_week_009_max_1,step_event_week_009_max_1,6,speaker_max,그건 가문에서 준비한 말입니다.
event_week_009_max_1,step_event_week_009_max_1,7,speaker_abelia,그럼 막스의 말은요?
event_week_009_max_1,step_event_week_009_max_1,8,speaker_max,축하합니다. 성인이 되신것도요.
event_week_009_max_1,step_event_week_009_max_1,9,speaker_abelia,…고마워요.
event_week_009_max_1,step_event_week_009_max_1,10,speaker_narrator,"짧은 인사였지만, 막스는 쉽게 자리를 뜨지 못했다."
event_week_009_max_2,step_event_week_009_max_2,0,speaker_narrator,성인식장 옆 회랑. 성인식 전.
event_week_009_max_2,step_event_week_009_max_2,1,speaker_narrator,막스가 조심스럽게 아벨리아에게 다가왔다.
event_week_009_max_2,step_event_week_009_max_2,2,speaker_max,드디어 오늘이네요.
event_week_009_max_2,step_event_week_009_max_2,3,speaker_abelia,네. 아직 실감은 잘 안 나요.
event_week_009_max_2,step_event_week_009_max_2,4,speaker_max,고생하셨습니다. 정말로요.
event_week_009_max_2,step_event_week_009_max_2,5,speaker_abelia,아직 끝난 건 아니잖아요.
event_week_009_max_2,step_event_week_009_max_2,6,speaker_max,그래도 마무리만 남았으니까요.
event_week_009_max_2,step_event_week_009_max_2,7,speaker_abelia,막스도 계속 저를 봤으니까 그렇게 말하는 건가요?
event_week_009_max_2,step_event_week_009_max_2,8,speaker_max,"네. 흔들린 것도 봤고, 다시 서는 것도 봤습니다."
event_week_009_max_2,step_event_week_009_max_2,9,speaker_narrator,아벨리아는 잠시 대답하지 않았다.
event_week_009_max_2,step_event_week_009_max_2,10,speaker_abelia,…막스도 고생했어요.
event_week_009_max_3,step_event_week_009_max_3,0,speaker_narrator,성인식장.
event_week_009_max_3,step_event_week_009_max_3,1,speaker_narrator,"막스가 호위 자격으로 아벨리아 옆에 섰다. 귀족들의 시선이 잠시 두 사람에게 머물렀지만, 막스는 물러나지 않았다."
event_week_009_max_3,step_event_week_009_max_3,2,speaker_abelia,막스가 여기 서도 괜찮나요?
event_week_009_max_3,step_event_week_009_max_3,3,speaker_max,허가를 받았습니다.
event_week_009_max_3,step_event_week_009_max_3,4,speaker_abelia,기사가문 대표로요?
event_week_009_max_3,step_event_week_009_max_3,5,speaker_max,오늘은 호위 자격도 겸합니다.
event_week_009_max_3,step_event_week_009_max_3,6,speaker_narrator,"막스는 주변을 한 번 살피고, 다시 아벨리아를 보았다."
event_week_009_max_3,step_event_week_009_max_3,7,speaker_max,불편하시면 바로 물러나겠습니다.
event_week_009_max_3,step_event_week_009_max_3,8,speaker_abelia,아니요. 괜찮네요.
event_week_009_max_3,step_event_week_009_max_3,9,speaker_max,그럼 제가 옆에 있겠습니다. 앞으로도.
event_week_009_max_4,step_event_week_009_max_4,0,speaker_narrator,성인식 직후 정원.
event_week_009_max_4,step_event_week_009_max_4,1,speaker_narrator,"성인식이 끝난 뒤, 정원에는 아직 축하 인사의 여운이 남아 있었다. 막스는 조금 떨어진 곳에서 기다리다 아벨리아에게 다가왔다."
event_week_009_max_4,step_event_week_009_max_4,2,speaker_max,"축하드립니다, 백작님."
event_week_009_max_4,step_event_week_009_max_4,3,speaker_abelia,익숙하지 않은 호칭이네요.
event_week_009_max_4,step_event_week_009_max_4,4,speaker_max,이제는 그렇게 부르는 게 맞습니다.
event_week_009_max_4,step_event_week_009_max_4,5,speaker_abelia,막스까지 그러니까 이상하네요.
event_week_009_max_4,step_event_week_009_max_4,6,speaker_narrator,막스는 한 걸음 가까이 다가왔다. 공식적인 표정이 조금 풀려 있었다.
event_week_009_max_4,step_event_week_009_max_4,7,speaker_max,그래도 지금은 막스로 말해도 되겠습니까?
event_week_009_max_4,step_event_week_009_max_4,8,speaker_abelia,네.
event_week_009_max_4,step_event_week_009_max_4,9,speaker_max,"어제 한 말, 기억하십니까? 발테리온이 도울 수 있다고 했던 말.."
event_week_009_max_4,step_event_week_009_max_4,10,speaker_abelia,기억해요.
event_week_009_max_4,step_event_week_009_max_4,11,speaker_max,꼭 기억해주시길 바랍니다. 당신을 돕는 일입니다.
event_week_001_max_blocked,step_event_week_001_max_blocked,0,speaker_narrator,안쪽 방에서 낮은 목소리들이 오갔다.
event_week_001_max_blocked,step_event_week_001_max_blocked,1,speaker_narrator,어른들의 인사가 길게 이어지고 있었다.
event_week_001_max_blocked,step_event_week_001_max_blocked,2,speaker_abelia,안에 누구야?
event_week_001_max_blocked,step_event_week_001_max_blocked,3,speaker_maid_1,"발테리온 가문에서 오셨습니다, 아가씨."
event_week_001_max_blocked,step_event_week_001_max_blocked,4,speaker_abelia,발테리온?
event_week_001_max_blocked,step_event_week_001_max_blocked,5,speaker_maid_1,백작가를 따르는 기사 가문입니다.
event_week_001_max_blocked,step_event_week_001_max_blocked,6,speaker_maid_1,오늘은 임시가주님께 인사를 드리러 오셨습니다.
event_week_001_max_blocked,step_event_week_001_max_blocked,7,speaker_narrator,그 때 복도 끝에 서 있던 남자아이가 아벨리아 쪽을 바라보았다.
event_week_001_max_blocked,step_event_week_001_max_blocked,8,speaker_narrator,"아벨리아와 눈이 마주치자, 아이는 어색하게 고개를 숙였다."
event_week_001_max_blocked,step_event_week_001_max_blocked,9,speaker_abelia,쟤는 누구야?
event_week_001_max_blocked,step_event_week_001_max_blocked,10,speaker_maid_1,막스 님입니다. 오늘은 가주님과 먼저 이야기를 나누실 겁니다.
event_week_001_max_blocked,step_event_week_001_max_blocked,11,speaker_abelia,나랑은 안놀아?
event_week_001_max_blocked,step_event_week_001_max_blocked,12,speaker_narrator,막스는 무언가 말하려는 듯 입을 열었다.
event_week_001_max_blocked,step_event_week_001_max_blocked,13,speaker_narrator,하지만 곧 어른의 부름을 듣고 돌아섰다.
event_week_002_max_blocked,step_event_week_002_max_blocked,0,speaker_narrator,"어른들이 안에서 이야기하는 동안, 정원 구석 풀숲이 작게 흔들렸다."
event_week_002_max_blocked,step_event_week_002_max_blocked,1,speaker_abelia,방금 뭐가 움직였어?
event_week_002_max_blocked,step_event_week_002_max_blocked,2,speaker_narrator,풀잎 사이로 가느다란 뱀이 스쳐 지나갔다.
event_week_002_max_blocked,step_event_week_002_max_blocked,3,speaker_abelia,...뱀이야?
event_week_002_max_blocked,step_event_week_002_max_blocked,4,speaker_narrator,아벨리아는 놀라 한 걸음 물러섰다.
event_week_002_max_blocked,step_event_week_002_max_blocked,5,speaker_maid_1,"아가씨, 이쪽으로 오세요."
event_week_002_max_blocked,step_event_week_002_max_blocked,6,speaker_narrator,멀지 않은 곳에 서 있던 막스가 이쪽을 돌아보았다.
event_week_002_max_blocked,step_event_week_002_max_blocked,7,speaker_narrator,"막스는 금방이라도 달려올 듯 움직였지만, 곧 곁의 어른이 어깨를 짚었다."
event_week_003_max_blocked,step_event_week_003_max_blocked,0,speaker_narrator,훈련장 안쪽에서 목검이 부딪히는 소리가 들렸다.
event_week_003_max_blocked,step_event_week_003_max_blocked,1,speaker_abelia,누가 휘두르는 소리야?
event_week_003_max_blocked,step_event_week_003_max_blocked,2,speaker_guard_captain,발테리온 가문의 막스 님입니다.
event_week_003_max_blocked,step_event_week_003_max_blocked,3,speaker_abelia,나도 같이 할래.
event_week_003_max_blocked,step_event_week_003_max_blocked,4,speaker_guard_captain,안됩니다. 아가씨께서는 기본부터 하셔야 합니다.
event_week_003_max_blocked,step_event_week_003_max_blocked,5,speaker_narrator,아벨리아는 작은 목검을 받아 들었다.
event_week_003_max_blocked,step_event_week_003_max_blocked,6,speaker_guard_captain,손목을 조금 더 세우십시오.
event_week_003_max_blocked,step_event_week_003_max_blocked,7,speaker_abelia,이렇게?
event_week_003_max_blocked,step_event_week_003_max_blocked,8,speaker_guard_captain,발은 어깨만큼 벌리시고요.
event_week_003_max_blocked,step_event_week_003_max_blocked,9,speaker_abelia,힘들어..
event_week_003_max_blocked,step_event_week_003_max_blocked,10,speaker_guard_captain,예. 다시 처음부터 하겠습니다.
event_week_003_max_blocked,step_event_week_003_max_blocked,11,speaker_narrator,아벨리아는 목검을 아래로 내렸다.
event_week_003_max_blocked,step_event_week_003_max_blocked,12,speaker_abelia,재미없다.
event_week_004_max_blocked,step_event_week_004_max_blocked,0,speaker_narrator,후작가로 향하는 마차들이 줄지어 서 있었다.
event_week_004_max_blocked,step_event_week_004_max_blocked,1,speaker_maid_1,사람이 많은 곳에서는 가운데로 가지 마세요.
event_week_004_max_blocked,step_event_week_004_max_blocked,2,speaker_abelia,왜?
event_week_004_max_blocked,step_event_week_004_max_blocked,3,speaker_maid_1,밀려서 다칠 수 있으니까요.
event_week_004_max_blocked,step_event_week_004_max_blocked,4,speaker_abelia,그럼 어디로 가야돼?
event_week_004_max_blocked,step_event_week_004_max_blocked,5,speaker_maid_1,어른들 곁에 계시면 됩니다.
event_week_004_max_blocked,step_event_week_004_max_blocked,6,speaker_abelia,그래도 밀릴수도 있잖아.
event_week_004_max_blocked,step_event_week_004_max_blocked,7,speaker_narrator,아벨리아는 마차 손잡이를 잡고 잠시 서 있었다.
event_week_004_max_blocked,step_event_week_004_max_blocked,8,speaker_abelia,누가 같이 있으면 덜 무서울 것같은데.
event_week_005_max_blocked,step_event_week_005_max_blocked,0,speaker_narrator,바닥에는 무도회 동선이 흰 선으로 표시되어 있었다.
event_week_005_max_blocked,step_event_week_005_max_blocked,1,speaker_teacher,아가씨께서는 이 선을 따라 걸으시면 됩니다.
event_week_005_max_blocked,step_event_week_005_max_blocked,2,speaker_abelia,혼자요?
event_week_005_max_blocked,step_event_week_005_max_blocked,3,speaker_teacher,우선은 혼자 연습하셔야 합니다.
event_week_005_max_blocked,step_event_week_005_max_blocked,4,speaker_abelia,무도회에서는 혼자 걷지 않잖아요.
event_week_005_max_blocked,step_event_week_005_max_blocked,5,speaker_teacher,파트너가 있어도 기본 보폭은 스스로 맞추셔야 합니다.
event_week_005_max_blocked,step_event_week_005_max_blocked,6,speaker_narrator,아벨리아는 표시된 선 위로 천천히 걸었다.
event_week_005_max_blocked,step_event_week_005_max_blocked,7,speaker_teacher,조금 더 천천히. 시선은 정면입니다.
event_week_005_max_blocked,step_event_week_005_max_blocked,8,speaker_abelia,스텝이 자꾸 꼬여요.
event_week_005_max_blocked,step_event_week_005_max_blocked,9,speaker_teacher,다시 처음부터 하겠습니다.
event_week_005_max_blocked,step_event_week_005_max_blocked,10,speaker_narrator,아벨리아는 한 걸음 물러서다 표시된 선 밖으로 발을 디뎠다.
event_week_005_max_blocked,step_event_week_005_max_blocked,11,speaker_abelia,누가 같이 걸으면 덜 틀릴 것 같은데.
event_week_006_max_blocked,step_event_week_006_max_blocked,0,speaker_narrator,탁자 위에는 무도회 입장 순서가 적힌 종이가 놓여 있었다.
event_week_006_max_blocked,step_event_week_006_max_blocked,1,speaker_teacher,입장하실 때는 상대의 손 위에 손을 가볍게 올리시면 됩니다.
event_week_006_max_blocked,step_event_week_006_max_blocked,2,speaker_abelia,상대가 먼저 손을 내밀면요?
event_week_006_max_blocked,step_event_week_006_max_blocked,3,speaker_teacher,그때 맞춰 올리시면 됩니다.
event_week_006_max_blocked,step_event_week_006_max_blocked,4,speaker_narrator,아벨리아는 허공에 손을 올려 보았다.
event_week_006_max_blocked,step_event_week_006_max_blocked,5,speaker_abelia,손이 어디 있는지 모르겠는데요.
event_week_006_max_blocked,step_event_week_006_max_blocked,6,speaker_teacher,절차만 기억하시면 됩니다.
event_week_006_max_blocked,step_event_week_006_max_blocked,7,speaker_abelia,절차는 손을 잡아주지 않잖아요.
event_week_007_max_blocked,step_event_week_007_max_blocked,0,speaker_narrator,창밖에서는 기사들이 이동하는 소리가 들렸다.
event_week_007_max_blocked,step_event_week_007_max_blocked,1,speaker_narrator,갑옷이 부딪히는 소리가 복도 끝까지 작게 울렸다.
event_week_007_max_blocked,step_event_week_007_max_blocked,2,speaker_abelia,오늘도 기사들이 많네요.
event_week_007_max_blocked,step_event_week_007_max_blocked,3,speaker_maid_1,"곧 공식 자리가 많아지니, 기사들이 미리 동선을 미리 맞춰보는 것입니다."
event_week_007_max_blocked,step_event_week_007_max_blocked,4,speaker_abelia,저를 지켜주는 사람들이죠?
event_week_007_max_blocked,step_event_week_007_max_blocked,5,speaker_maid_1,예. 모두 아가씨를 위해 배치된 분들입니다.
event_week_007_max_blocked,step_event_week_007_max_blocked,6,speaker_abelia,그런데 왜 지금은 아무도 제 옆에는 없어요?
event_week_007_max_blocked,step_event_week_007_max_blocked,7,speaker_maid_1,호위는 곁에 있어주는 것이 아니라 위험을 막는 것입니다.
event_week_007_max_blocked,step_event_week_007_max_blocked,8,speaker_narrator,"복도 끝에서 기사 하나가 지나갔지만, 아벨리아를 보지는 않았다."
event_week_007_max_blocked,step_event_week_007_max_blocked,9,speaker_abelia,지켜준다는 말이 옆에 있어준다는 말은 아닌가 봐요.
event_week_007_max_blocked,step_event_week_007_max_blocked,10,speaker_narrator,"아벨리아는 창밖의 기사들을 바라보다가, 천천히 커튼을 내렸다."
event_week_008_max_blocked,step_event_week_008_max_blocked,0,speaker_narrator,탁자 위에는 전야제 참석 명단과 자리 배치표가 놓여 있었다.
event_week_008_max_blocked,step_event_week_008_max_blocked,1,speaker_abelia,발테리온가도 오네요.
event_week_008_max_blocked,step_event_week_008_max_blocked,2,speaker_butler,예. 백작가의 봉신 가문 자격으로 참석하실 예정입니다.
event_week_008_max_blocked,step_event_week_008_max_blocked,3,speaker_abelia,봉신 가문...
event_week_008_max_blocked,step_event_week_008_max_blocked,4,speaker_butler,내일은 아가씨 가까운 자리에도 배치될 것입니다.
event_week_008_max_blocked,step_event_week_008_max_blocked,5,speaker_abelia,가까운 자리요?
event_week_008_max_blocked,step_event_week_008_max_blocked,6,speaker_butler,필요할 때 바로 움직일 수 있는 위치입니다.
event_week_008_max_blocked,step_event_week_008_max_blocked,7,speaker_narrator,아벨리아는 자리 배치표 한쪽에 적힌 발테리온의 이름을 바라보았다.
event_week_008_max_blocked,step_event_week_008_max_blocked,8,speaker_abelia,누가 오는지는 적혀 있지 않네요.
event_week_009_max_blocked,step_event_week_009_max_blocked,0,speaker_narrator,발테리온 가문의 기사들이 입구 양쪽에 서 있었다.
event_week_009_max_blocked,step_event_week_009_max_blocked,1,speaker_butler,발테리온 가문은 오늘 백작가 앞에 검의 맹약을 다시 바칠 예정입니다.
event_week_009_max_blocked,step_event_week_009_max_blocked,2,speaker_abelia,검의 맹약이요?
event_week_009_max_blocked,step_event_week_009_max_blocked,3,speaker_butler,예. 앞으로도 백작가를 지키겠다는 뜻입니다.
event_week_009_max_blocked,step_event_week_009_max_blocked,4,speaker_abelia,누가 말하나요?
event_week_009_max_blocked,step_event_week_009_max_blocked,5,speaker_butler,가문 대표가 맹세문을 읽을 겁니다.
event_week_009_max_blocked,step_event_week_009_max_blocked,6,speaker_narrator,아벨리아는 입구에 선 기사들을 바라보았다.
event_week_009_max_blocked,step_event_week_009_max_blocked,7,speaker_abelia,다들 저를 지키러 온 거죠?
event_week_009_max_blocked,step_event_week_009_max_blocked,8,speaker_butler,그렇습니다.
event_week_009_max_blocked,step_event_week_009_max_blocked,9,speaker_narrator,"기사들의 갑옷은 반듯하게 빛났지만, 누구도 먼저 다가오지 않았다."
event_week_001_millia,step_event_week_001_millia,0,speaker_narrator,밀리아는 포장이 조금 삐뚤어진 작은 상자를 들고 있었다.
event_week_001_millia,step_event_week_001_millia,1,speaker_millia,"나 밀리아야. 이거, 아빠가 갖다 주래. 포장은 내가 했어."
event_week_001_millia,step_event_week_001_millia,2,speaker_abelia,고마워.
event_week_001_millia,step_event_week_001_millia,3,speaker_millia,너희 아빠 죽었다고 들었어. 슬퍼?
event_week_001_millia,step_event_week_001_millia,4,speaker_abelia,모르겠어.
event_week_001_millia,step_event_week_001_millia,5,speaker_millia,모를 수도 있구나.
event_week_001_millia,step_event_week_001_millia,6,speaker_abelia,응.
event_week_001_millia,step_event_week_001_millia,7,speaker_narrator,밀리아는 더 묻지 않고 상자를 내려다봤다.
event_week_001_millia,step_event_week_001_millia,8,speaker_millia,그래도 밥은 먹어야 돼.
event_week_001_millia,step_event_week_001_millia,9,speaker_abelia,왜?
event_week_001_millia,step_event_week_001_millia,10,speaker_millia,배고프면 힘들잖아.
event_week_001_millia,step_event_week_001_millia,11,speaker_narrator,아벨리아는 처음으로 상자를 내려다봤다.
event_week_002_millia_0,step_event_week_002_millia_0,0,speaker_narrator,밀리아는 작은 과자 상자를 들고 있었다.
event_week_002_millia_0,step_event_week_002_millia_0,1,speaker_millia,이거 다과회에 낼 거래.
event_week_002_millia_0,step_event_week_002_millia_0,2,speaker_abelia,네가 가져왔어?
event_week_002_millia_0,step_event_week_002_millia_0,3,speaker_millia,응. 우리가 파는 거야.
event_week_002_millia_0,step_event_week_002_millia_0,4,speaker_abelia,파는거?
event_week_002_millia_0,step_event_week_002_millia_0,5,speaker_millia,아빠가 일하는 곳에서 팔아.
event_week_002_millia_0,step_event_week_002_millia_0,6,speaker_narrator,밀리아는 상자를 열어 과자를 보여주었다.
event_week_002_millia_0,step_event_week_002_millia_0,7,speaker_millia,너도 먹는 거니까 네가 맛봐도 된대.
event_week_002_millia_0,step_event_week_002_millia_0,8,speaker_abelia,내가 골라도 돼?
event_week_002_millia_0,step_event_week_002_millia_0,9,speaker_millia,응. 맛없으면 맛없다고 해.
event_week_002_millia_0,step_event_week_002_millia_0,10,speaker_abelia,그래도 돼?
event_week_002_millia_0,step_event_week_002_millia_0,11,speaker_millia,그래야 다음에 안 가져오지.
event_week_002_millia_1,step_event_week_002_millia_1,0,speaker_narrator,밀리아는 접시를 조심히 들고 들어왔다.
event_week_002_millia_1,step_event_week_002_millia_1,1,speaker_millia,내가 직접 가져왔어. 떨어뜨리면 안 돼.
event_week_002_millia_1,step_event_week_002_millia_1,2,speaker_abelia,무거워?
event_week_002_millia_1,step_event_week_002_millia_1,3,speaker_millia,"조금. 근데 내가 들 수 있어, 이거 먹어봐."
event_week_002_millia_1,step_event_week_002_millia_1,4,speaker_abelia,지금?
event_week_002_millia_1,step_event_week_002_millia_1,5,speaker_millia,응. 맛봐야 해.
event_week_002_millia_1,step_event_week_002_millia_1,6,speaker_narrator,아벨리아는 과자를 조금 먹었다.
event_week_002_millia_1,step_event_week_002_millia_1,7,speaker_millia,어때?
event_week_002_millia_1,step_event_week_002_millia_1,8,speaker_abelia,달아.
event_week_002_millia_1,step_event_week_002_millia_1,9,speaker_millia,너무 달아?
event_week_002_millia_1,step_event_week_002_millia_1,10,speaker_abelia,아니. 좋은 단맛.
event_week_003_millia_0,step_event_week_003_millia_0,0,speaker_millia,안녕! 나 밀리아!
event_week_003_millia_0,step_event_week_003_millia_0,1,speaker_abelia,...누구?
event_week_003_millia_0,step_event_week_003_millia_0,2,speaker_millia,처음 보는 거 맞아. 이거 비싼 책이래. 받을래?
event_week_003_millia_0,step_event_week_003_millia_0,3,speaker_abelia,왜 나한테 줘?
event_week_003_millia_0,step_event_week_003_millia_0,4,speaker_millia,아빠가 백작가랑 잘 지내래.
event_week_003_millia_0,step_event_week_003_millia_0,5,speaker_abelia,솔직하네.
event_week_003_millia_0,step_event_week_003_millia_0,6,speaker_millia,거짓말하면 뭐해.
event_week_003_millia_0,step_event_week_003_millia_0,7,speaker_narrator,아벨리아는 잠깐 밀리아를 봤다.
event_week_003_millia_1,step_event_week_003_millia_1,0,speaker_millia,책 같이 읽자.
event_week_003_millia_1,step_event_week_003_millia_1,1,speaker_abelia,같이?
event_week_003_millia_1,step_event_week_003_millia_1,2,speaker_millia,이 단어 모르겠어.
event_week_003_millia_1,step_event_week_003_millia_1,3,speaker_abelia,너도 몰라?
event_week_003_millia_1,step_event_week_003_millia_1,4,speaker_millia,응. 모르면 아빠.. 아니 똑똑한 사람한테 물어보면 돼.
event_week_003_millia_1,step_event_week_003_millia_1,5,speaker_narrator,아벨리아는 책 속 그림을 가리켰다.
event_week_003_millia_1,step_event_week_003_millia_1,6,speaker_abelia,이건 뭐야?
event_week_003_millia_1,step_event_week_003_millia_1,7,speaker_millia,배 같아. 아마 멀리 가는 배.
event_week_003_millia_1,step_event_week_003_millia_1,8,speaker_abelia,멀리?
event_week_003_millia_1,step_event_week_003_millia_1,9,speaker_millia,응. 상단은 멀리 가야 돈을 번대.
event_week_003_millia_2,step_event_week_003_millia_2,0,speaker_millia,응접실은 너무 딱딱해.
event_week_003_millia_2,step_event_week_003_millia_2,1,speaker_abelia,딱딱해?
event_week_003_millia_2,step_event_week_003_millia_2,2,speaker_millia,"의자도 그렇고, 사람들도 계속 봐."
event_week_003_millia_2,step_event_week_003_millia_2,3,speaker_abelia,그럼 어디서 읽어?
event_week_003_millia_2,step_event_week_003_millia_2,4,speaker_millia,네 방.
event_week_003_millia_2,step_event_week_003_millia_2,5,speaker_abelia,내 방?
event_week_003_millia_2,step_event_week_003_millia_2,6,speaker_millia,응. 거기서는 책을 이상하게 읽어도 덜 창피하잖아.
event_week_003_millia_2,step_event_week_003_millia_2,7,speaker_abelia,이상하게 읽는 게 뭐야?
event_week_003_millia_2,step_event_week_003_millia_2,8,speaker_millia,모르는 단어를 마음대로 읽는 거.
event_week_003_millia_2,step_event_week_003_millia_2,9,speaker_narrator,밀리아는 책을 꼭 안았다.
event_week_003_millia_2,step_event_week_003_millia_2,10,speaker_millia,같이 틀리면 덜 부끄럽고.
event_week_004_millia_0,step_event_week_004_millia_0,0,speaker_millia,나 밀리아야.베르디아 상단주 딸. 축제 때 같이 놀래?
event_week_004_millia_0,step_event_week_004_millia_0,1,speaker_abelia,...처음 보는데.
event_week_004_millia_0,step_event_week_004_millia_0,2,speaker_millia,아 맞다. 처음이지. 아무튼 1번가 상인거리로 와. 좋은 거 많아.
event_week_004_millia_0,step_event_week_004_millia_0,3,speaker_abelia,넌 거기에만 있어?
event_week_004_millia_0,step_event_week_004_millia_0,4,speaker_millia,응. 아빠가 그러래
event_week_004_millia_0,step_event_week_004_millia_0,5,speaker_narrator,밀리아가 안내문을 내밀었다. 구겨져 있었다.
event_week_004_millia_1,step_event_week_004_millia_1,0,speaker_narrator,밀리아는 작은 장식품을 손바닥 위에 올려 보였다.
event_week_004_millia_1,step_event_week_004_millia_1,1,speaker_millia,이거 어때?
event_week_004_millia_1,step_event_week_004_millia_1,2,speaker_abelia,뭐야?
event_week_004_millia_1,step_event_week_004_millia_1,3,speaker_millia,후작가 축제에 가져갈 물건 중 하나.
event_week_004_millia_1,step_event_week_004_millia_1,4,speaker_abelia,그런데 왜 나한테 보여줘?
event_week_004_millia_1,step_event_week_004_millia_1,5,speaker_millia,"너한테 예쁘면, 귀족 애들도 좋아할 것 같아서."
event_week_004_millia_1,step_event_week_004_millia_1,6,speaker_narrator,밀리아는 장식품을 이리저리 돌려 보았다.
event_week_004_millia_1,step_event_week_004_millia_1,7,speaker_millia,"너무 비싸 보이면 부담스럽고, 너무 싸 보이면 안 팔려."
event_week_004_millia_1,step_event_week_004_millia_1,8,speaker_abelia,어렵네.
event_week_004_millia_1,step_event_week_004_millia_1,9,speaker_millia,그래서 재미있어.
event_week_004_millia_2,step_event_week_004_millia_2,0,speaker_narrator,베르디아 상단의 물품들이 후작가로 옮겨지기 전 줄지어 놓여 있었다.
event_week_004_millia_2,step_event_week_004_millia_2,1,speaker_millia,이 장식품은 아마 안팔릴 거야.
event_week_004_millia_2,step_event_week_004_millia_2,2,speaker_abelia,팔러 가는 거 아니야?
event_week_004_millia_2,step_event_week_004_millia_2,3,speaker_millia,맞아. 그래도 안 팔릴 게 있어.
event_week_004_millia_2,step_event_week_004_millia_2,4,speaker_abelia,어떻게 알아?
event_week_004_millia_2,step_event_week_004_millia_2,5,speaker_millia,"너무 크고, 너무 무거워."
event_week_004_millia_2,step_event_week_004_millia_2,6,speaker_narrator,밀리아는 작은 장식을 발끝으로 툭 건드렸다.
event_week_004_millia_2,step_event_week_004_millia_2,7,speaker_millia,이런 건 금방 나갈 거고.
event_week_004_millia_2,step_event_week_004_millia_2,8,speaker_abelia,그럼 남는 건 버려?
event_week_004_millia_2,step_event_week_004_millia_2,9,speaker_millia,아니. 다시 팔아. 안 팔리면 다른 데서 팔면 돼.
event_week_004_millia_2,step_event_week_004_millia_2,10,speaker_abelia,물건도 제자리가 있구나.
event_week_004_millia_2,step_event_week_004_millia_2,11,speaker_millia,응. 사람보다 물건이 더 멀리 갈 때도 있어.
event_week_005_millia_0,step_event_week_005_millia_0,0,speaker_narrator,밀리아는 작은 견본 상자를 들고 있었다.
event_week_005_millia_0,step_event_week_005_millia_0,1,speaker_millia,안녕하세요. 밀리아 베르디아입니다.
event_week_005_millia_0,step_event_week_005_millia_0,2,speaker_abelia,…아벨리아예요.
event_week_005_millia_0,step_event_week_005_millia_0,3,speaker_millia,무도회용 드레스랑 장신구 견본을 가져왔어요.
event_week_005_millia_0,step_event_week_005_millia_0,4,speaker_abelia,밀리아가 정하나요?
event_week_005_millia_0,step_event_week_005_millia_0,5,speaker_millia,아니요. 어른들이 정해요. 저는 보여주러 온 거예요.
event_week_005_millia_0,step_event_week_005_millia_0,6,speaker_narrator,밀리아는 상자를 열어 작은 천 조각과 장식 샘플을 보여줬다.
event_week_005_millia_0,step_event_week_005_millia_0,7,speaker_millia,이건 비싼 쪽. 이건 비싸 보이는데 덜 비싼 쪽.
event_week_005_millia_0,step_event_week_005_millia_0,8,speaker_abelia,그런 것도 있나요?
event_week_005_millia_0,step_event_week_005_millia_0,9,speaker_millia,당연하죠. 보이는 게 전부는 아니니까요.
event_week_005_millia_1,step_event_week_005_millia_1,0,speaker_narrator,테이블 위에는 천 조각과 장신구 견본이 펼쳐져 있었다.
event_week_005_millia_1,step_event_week_005_millia_1,1,speaker_millia,이건 잘 팔릴 거예요.
event_week_005_millia_1,step_event_week_005_millia_1,2,speaker_abelia,예뻐서요?
event_week_005_millia_1,step_event_week_005_millia_1,3,speaker_millia,아니요. 무난해서요.
event_week_005_millia_1,step_event_week_005_millia_1,4,speaker_abelia,무난하면 잘 팔리나요?
event_week_005_millia_1,step_event_week_005_millia_1,5,speaker_millia,네. 아무도 싫어하지 않는 건 많이 팔려요.
event_week_005_millia_1,step_event_week_005_millia_1,6,speaker_abelia,그럼 예쁜 건요?
event_week_005_millia_1,step_event_week_005_millia_1,7,speaker_millia,예쁜 건 좋아하는 사람이 확실해야 팔려요.
event_week_005_millia_1,step_event_week_005_millia_1,8,speaker_narrator,밀리아는 붉은 장식 하나를 집어 들었다.
event_week_005_millia_1,step_event_week_005_millia_1,9,speaker_millia,이건 너한테 더 어울릴 것 같…
event_week_005_millia_1,step_event_week_005_millia_1,10,speaker_narrator,"밀리아는 말을 멈췄다가, 장식을 다시 조심히 내려놓았다."
event_week_005_millia_1,step_event_week_005_millia_1,11,speaker_millia,"아니, 아벨리아에게 더 어울릴 것 같아요."
event_week_005_millia_1,step_event_week_005_millia_1,12,speaker_abelia,그냥 말해도 괜찮아요.
event_week_005_millia_1,step_event_week_005_millia_1,13,speaker_millia,안 돼요. 아빠가 이제는 그렇게 말하면 안 된대요.
event_week_005_millia_1,step_event_week_005_millia_1,14,speaker_abelia,왜요?
event_week_005_millia_1,step_event_week_005_millia_1,15,speaker_millia,"아벨리아는 곧 무도회에 나가니까요. 그냥 친구처럼만 대하면, 내가 실수하는 거래요."
event_week_005_millia_1,step_event_week_005_millia_1,16,speaker_abelia,실수요?
event_week_005_millia_1,step_event_week_005_millia_1,17,speaker_millia,네. 그런데 이상하긴 해요. 사람은 같은데 말만 바꾸는 거니까요.
event_week_005_millia_3,step_event_week_005_millia_3,0,speaker_narrator,밀리아는 주변을 보고 아벨리아를 복도 구석으로 데려갔다.
event_week_005_millia_3,step_event_week_005_millia_3,1,speaker_millia,우리 상단을 너무 믿지는 마세요.
event_week_005_millia_3,step_event_week_005_millia_3,2,speaker_abelia,밀리아의 상단인데요?
event_week_005_millia_3,step_event_week_005_millia_3,3,speaker_millia,그래서 말하는 거예요. 드레스 납품은 그냥 옷 파는 일이 아니에요.
event_week_005_millia_3,step_event_week_005_millia_3,4,speaker_abelia,그게 중요한가요?
event_week_005_millia_3,step_event_week_005_millia_3,5,speaker_millia,누가 준비했는지 사람들이 보니까요. 아빠가 요즘 백작가 이야기를 자주 해요.
event_week_005_millia_3,step_event_week_005_millia_3,6,speaker_abelia,좋은 뜻으로요?
event_week_005_millia_3,step_event_week_005_millia_3,7,speaker_narrator,밀리아는 바로 대답하지 못했다.
event_week_005_millia_3,step_event_week_005_millia_3,8,speaker_millia,모르겠어요. 그래서 말해 주는 거예요. 아벨리아가 모르고 받으면 싫을 것 같아서.
event_week_005_millia_3,step_event_week_005_millia_3,9,speaker_narrator,밀리아는 말을 멈췄다.
event_week_005_millia_3,step_event_week_005_millia_3,10,speaker_millia,…싫을 것 같아서요.
event_week_005_millia_3,step_event_week_005_millia_3,11,speaker_abelia,편하게 말해도 괜찮아요.
event_week_005_millia_3,step_event_week_005_millia_3,12,speaker_millia,"안 돼요. 이제는 조심해야 한대요. 물건도, 사람도요."
event_week_006_millia_0,step_event_week_006_millia_0,0,speaker_narrator,밀리아는 봉투 하나를 들고 있었다. 평소보다 옷매무새가 단정했다.
event_week_006_millia_0,step_event_week_006_millia_0,1,speaker_millia,안녕하세요. 베르디아 상단의 밀리아입니다.
event_week_006_millia_0,step_event_week_006_millia_0,2,speaker_abelia,오늘은 꽤 공식적이네요.
event_week_006_millia_0,step_event_week_006_millia_0,3,speaker_millia,초대장을 전하러 온거라서요. 무도회 뒤에 열리는 파티 초대장이에요.
event_week_006_millia_0,step_event_week_006_millia_0,4,speaker_abelia,베르디아 상단에서 여는 건가요?
event_week_006_millia_0,step_event_week_006_millia_0,5,speaker_millia,네 맞습니다. 아빠가 백작가에도 전하라고 했어요.
event_week_006_millia_0,step_event_week_006_millia_0,6,speaker_abelia,밀리아도 가나요?
event_week_006_millia_0,step_event_week_006_millia_0,7,speaker_millia,네. 아빠 옆에 서 있어야 해요.
event_week_006_millia_1,step_event_week_006_millia_1,0,speaker_narrator,밀리아는 작은 명단을 펼쳐 놓았다.
event_week_006_millia_1,step_event_week_006_millia_1,1,speaker_millia,이 사람은 인사해도 돼요. 이 사람은 오래 말하지 않는 게 좋아요.
event_week_006_millia_1,step_event_week_006_millia_1,2,speaker_abelia,왜요?
event_week_006_millia_1,step_event_week_006_millia_1,3,speaker_millia,웃으면서 빚 이야기를 꺼내는 사람이래요.
event_week_006_millia_1,step_event_week_006_millia_1,4,speaker_abelia,웃으면서요?
event_week_006_millia_1,step_event_week_006_millia_1,5,speaker_millia,네. 그래서 더 조심해야 해요.
event_week_006_millia_1,step_event_week_006_millia_1,6,speaker_narrator,밀리아는 이름 몇 개에 작게 표시를 했다.
event_week_006_millia_1,step_event_week_006_millia_1,7,speaker_millia,저는 아빠 옆에서 이런 걸 많이 봤어요.
event_week_006_millia_1,step_event_week_006_millia_1,8,speaker_abelia,밀리아도 싫어하나요?
event_week_006_millia_1,step_event_week_006_millia_1,9,speaker_millia,싫다기보다는 피곤해요. 돈 이야기하는 어른들은 끝이 없거든요.
event_week_006_millia_3,step_event_week_006_millia_3,0,speaker_narrator,밀리아는 주변을 확인한 뒤 낮은 목소리로 말했다.
event_week_006_millia_3,step_event_week_006_millia_3,1,speaker_millia,파티에서 저랑 오래 말하지 마세요.
event_week_006_millia_3,step_event_week_006_millia_3,2,speaker_abelia,왜요?
event_week_006_millia_3,step_event_week_006_millia_3,3,speaker_millia,사람들이 볼 거예요. 제가 누구 딸인지 아니까요.
event_week_006_millia_3,step_event_week_006_millia_3,4,speaker_abelia,그럼 언제 말하나요?
event_week_006_millia_3,step_event_week_006_millia_3,5,speaker_millia,따로요. 짧게라도요.
event_week_006_millia_3,step_event_week_006_millia_3,6,speaker_abelia,중요한 일인가요?
event_week_006_millia_3,step_event_week_006_millia_3,7,speaker_millia,네. 파티에서는 못 하는 말이에요.
event_week_006_millia_3,step_event_week_006_millia_3,8,speaker_abelia,상단 이야기인가요?
event_week_006_millia_3,step_event_week_006_millia_3,9,speaker_narrator,밀리아는 바로 대답하지 않았다.
event_week_006_millia_3,step_event_week_006_millia_3,10,speaker_millia,아마도요. 그런데 이번엔 제 이야기이기도 해요.
event_week_007_millia_0,step_event_week_007_millia_0,0,speaker_narrator,베르디아 상단의 인장이 찍힌 문서 묶음이 테이블 위에 놓여 있었다.
event_week_007_millia_0,step_event_week_007_millia_0,1,speaker_millia,안녕하세요. 밀리아 베르디아입니다.
event_week_007_millia_0,step_event_week_007_millia_0,2,speaker_abelia,재정 문서인가요?
event_week_007_millia_0,step_event_week_007_millia_0,3,speaker_millia,네. 백작가 재정 현황 정리본이에요.
event_week_007_millia_0,step_event_week_007_millia_0,4,speaker_abelia,밀리아가 가져왔나요?
event_week_007_millia_0,step_event_week_007_millia_0,5,speaker_millia,네. 아빠가 꼭 읽어보라고 했어요.
event_week_007_millia_0,step_event_week_007_millia_0,6,speaker_abelia,좋은 뜻으로요?
event_week_007_millia_0,step_event_week_007_millia_0,7,speaker_narrator,밀리아는 문서 묶음을 내려다봤다.
event_week_007_millia_0,step_event_week_007_millia_0,8,speaker_millia,그건 읽어봐야 알아요.
event_week_007_millia_1,step_event_week_007_millia_1,0,speaker_narrator,테이블 위에 재정 문서가 펼쳐져 있었다. 밀리아는 숫자 몇 개에 표시를 했다.
event_week_007_millia_1,step_event_week_007_millia_1,1,speaker_millia,여기부터 보면 돼요.
event_week_007_millia_1,step_event_week_007_millia_1,2,speaker_abelia,순서가 있나요?
event_week_007_millia_1,step_event_week_007_millia_1,3,speaker_millia,"네. 돈 문서는 앞에서 좋은 말 하고, 뒤에서 중요한 말을 할 때가 많아요."
event_week_007_millia_1,step_event_week_007_millia_1,4,speaker_abelia,왜 그렇게 쓰나요?
event_week_007_millia_1,step_event_week_007_millia_1,5,speaker_millia,그래야 덜 무서워 보이니까요.
event_week_007_millia_1,step_event_week_007_millia_1,6,speaker_abelia,밀리아는 이런 걸 어떻게 아나요?
event_week_007_millia_1,step_event_week_007_millia_1,7,speaker_millia,"아빠 옆에서 많이 봤어요. 좋은 말은 크게 쓰고, 무서운 말은 작게 쓰더라고요."
event_week_007_millia_2,step_event_week_007_millia_2,0,speaker_millia,이 문서는 숫자만 보면 안 돼요.
event_week_007_millia_2,step_event_week_007_millia_2,1,speaker_abelia,숫자 문서인데요?
event_week_007_millia_2,step_event_week_007_millia_2,2,speaker_millia,숫자는 맞을 수 있어요. 그런데 왜 이 숫자를 보여주는지가 더 중요해요.
event_week_007_millia_2,step_event_week_007_millia_2,3,speaker_abelia,무슨 뜻인가요?
event_week_007_millia_2,step_event_week_007_millia_2,4,speaker_narrator,밀리아는 문서의 한 줄을 손끝으로 짚었다.
event_week_007_millia_2,step_event_week_007_millia_2,5,speaker_millia,"여기요. 지원금은 크게 적혀 있는데, 조건은 뒤에 있어요."
event_week_007_millia_2,step_event_week_007_millia_2,6,speaker_abelia,조건이 더 중요한가요?
event_week_007_millia_2,step_event_week_007_millia_2,7,speaker_millia,"네. 돈은 한 번 들어오지만, 조건은 계속 남아요."
event_week_007_millia_2,step_event_week_007_millia_2,8,speaker_abelia,상단은 그걸 알고 있겠죠?
event_week_007_millia_2,step_event_week_007_millia_2,9,speaker_millia,당연히요. 모르면 상단이 아니에요.
event_week_007_millia_4,step_event_week_007_millia_4,0,speaker_narrator,밀리아는 문서 한 장을 품에 안고 서 있었다. 평소보다 말수가 적었다.
event_week_007_millia_4,step_event_week_007_millia_4,1,speaker_millia,이건 아빠가 보낸 문서에는 없는 표시예요.
event_week_007_millia_4,step_event_week_007_millia_4,2,speaker_abelia,가져와도 되는 건가요?
event_week_007_millia_4,step_event_week_007_millia_4,3,speaker_millia,안 되는 쪽에 가까워요.
event_week_007_millia_4,step_event_week_007_millia_4,4,speaker_abelia,그런데 왜 가져왔나요?
event_week_007_millia_4,step_event_week_007_millia_4,5,speaker_narrator,밀리아는 접힌 부분을 펼쳤다.
event_week_007_millia_4,step_event_week_007_millia_4,6,speaker_millia,"이 조항은 재정 지원 대신, 상단이 백작가 결정에 끼어들 수 있게 해요."
event_week_007_millia_4,step_event_week_007_millia_4,7,speaker_abelia,어디까지요?
event_week_007_millia_4,step_event_week_007_millia_4,8,speaker_millia,문장만 보면 작아 보여요. 그런데 해석하면 넓어요.
event_week_007_millia_4,step_event_week_007_millia_4,9,speaker_narrator,밀리아는 문서를 테이블 위에 올렸다.
event_week_007_millia_4,step_event_week_007_millia_4,10,speaker_millia,...아벨리아는 아직 서명하지 마세요.
event_week_008_millia_0,step_event_week_008_millia_0,0,speaker_millia,밀리아 베르디아입니다. 베르디아 상단에서 성인식 축하 후원을 제안합니다.
event_week_008_millia_0,step_event_week_008_millia_0,1,speaker_abelia,축하 후원이요? 설명해주실 수 있나요?
event_week_008_millia_0,step_event_week_008_millia_0,2,speaker_millia,제가 전부 설명할 수는 없어요. 저는 전달하러 온 거니까요.
event_week_008_millia_0,step_event_week_008_millia_0,3,speaker_narrator,밀리아는 문서 묶음을 가볍게 정리했다.
event_week_008_millia_0,step_event_week_008_millia_0,4,speaker_millia,자세한 건 백작저 쪽에서 검토하시면 됩니다.
event_week_008_millia_0,step_event_week_008_millia_0,5,speaker_abelia,밀리아는 읽어봤나요?
event_week_008_millia_0,step_event_week_008_millia_0,6,speaker_millia,조금요. 상단 문서는 원래 끝까지 읽는 게 좋아요.
event_week_008_millia_1,step_event_week_008_millia_1,0,speaker_narrator,테이블 위에 후원 조건서가 펼쳐져 있었다. 밀리아는 문서의 앞장과 뒷장을 번갈아 보았다.
event_week_008_millia_1,step_event_week_008_millia_1,1,speaker_millia,앞쪽은 좋은 말이 많아요.
event_week_008_millia_1,step_event_week_008_millia_1,2,speaker_abelia,좋은 말이요?
event_week_008_millia_1,step_event_week_008_millia_1,3,speaker_millia,"축하, 지원, 협력 같은 말이요. 이런 건 보통 크게 적혀 있어요."
event_week_008_millia_1,step_event_week_008_millia_1,4,speaker_abelia,그럼 중요한 건 뒤에 있나요?
event_week_008_millia_1,step_event_week_008_millia_1,5,speaker_millia,그런 경우가 많아요.
event_week_008_millia_1,step_event_week_008_millia_1,6,speaker_narrator,밀리아는 작은 글씨가 적힌 부분을 손끝으로 짚었다.
event_week_008_millia_1,step_event_week_008_millia_1,7,speaker_millia,여긴 제가 대신 판단할 수는 없어요.
event_week_008_millia_1,step_event_week_008_millia_1,8,speaker_abelia,왜요?
event_week_008_millia_1,step_event_week_008_millia_1,9,speaker_millia,"저는 베르디아 상단 사람이고, 이건 백작가 문서니까요."
event_week_008_millia_1,step_event_week_008_millia_1,10,speaker_millia,그래도 읽는 순서 정도는 말해 줄 수 있어요. 작은 글씨부터 보세요.
event_week_008_millia_3,step_event_week_008_millia_3,0,speaker_narrator,밀리아는 접힌 문서 한 장을 들고 주변을 살폈다.
event_week_008_millia_3,step_event_week_008_millia_3,1,speaker_millia,이건 지금 서명하면 안 돼요.
event_week_008_millia_3,step_event_week_008_millia_3,2,speaker_abelia,이유가 있나요?
event_week_008_millia_3,step_event_week_008_millia_3,3,speaker_millia,백작가 주요 결정을 상단과 협의해야 한다는 내용이 있어요.
event_week_008_millia_3,step_event_week_008_millia_3,4,speaker_abelia,협의요?
event_week_008_millia_3,step_event_week_008_millia_3,5,speaker_millia,"말은 협의인데, 나중에는 허락처럼 쓰일 수 있어요."
event_week_008_millia_3,step_event_week_008_millia_3,6,speaker_abelia,밀리아가 이걸 말해도 괜찮나요?
event_week_008_millia_3,step_event_week_008_millia_3,7,speaker_narrator,밀리아는 바로 대답하지 못했다.
event_week_008_millia_3,step_event_week_008_millia_3,8,speaker_millia,안 괜찮을 수도 있어요. 그래도 아벨리아가 모르고 서명하는 건 더 싫어요.
event_week_009_millia_0,step_event_week_009_millia_0,0,speaker_narrator,베르디아 상단의 인장이 찍힌 문서가 테이블 위에 놓여 있었다.
event_week_009_millia_0,step_event_week_009_millia_0,1,speaker_millia,베르디아 상단에서 백작가 부채 정리안을 가져왔습니다.
event_week_009_millia_0,step_event_week_009_millia_0,2,speaker_abelia,오늘같은 날 처리해야 하는 건가요?
event_week_009_millia_0,step_event_week_009_millia_0,3,speaker_millia,상단 쪽에서는 그렇게 원하고 있어요.
event_week_009_millia_0,step_event_week_009_millia_0,4,speaker_narrator,밀리아는 문서 끝을 조심스럽게 눌렀다.
event_week_009_millia_0,step_event_week_009_millia_0,5,speaker_millia,자세한 검토는 백작가에서 하셔야 합니다.
event_week_009_millia_1,step_event_week_009_millia_1,0,speaker_narrator,베르디아 상단의 부채 정리안이 테이블 위에 놓여 있었다.
event_week_009_millia_1,step_event_week_009_millia_1,1,speaker_millia,"오늘 이걸 서명하면, 그냥 서류 하나 처리하는 게 아니에요."
event_week_009_millia_1,step_event_week_009_millia_1,2,speaker_abelia,그럼요?
event_week_009_millia_1,step_event_week_009_millia_1,3,speaker_millia,"성인식 날, 모두가 보는 날에 베르디아 상단의 손을 잡는다는 뜻이 돼요."
event_week_009_millia_1,step_event_week_009_millia_1,4,speaker_abelia,부채를 정리하는 것뿐인데도요?
event_week_009_millia_1,step_event_week_009_millia_1,5,speaker_millia,"사람들은 그렇게 안 봐요. 누가 오늘 옆에 있었는지, 누가 문서를 가져왔는지까지 봐요."
event_week_009_millia_1,step_event_week_009_millia_1,6,speaker_abelia,밀리아도 그걸 알고 온 건가요?
event_week_009_millia_1,step_event_week_009_millia_1,7,speaker_millia,네. 그래서 지금 말하는 거예요.
event_week_009_millia_1,step_event_week_009_millia_1,8,speaker_abelia,상단 쪽에서는 제가 서명하길 원하겠죠.
event_week_009_millia_1,step_event_week_009_millia_1,9,speaker_narrator,밀리아는 대답하지 못했다.
event_week_009_millia_2,step_event_week_009_millia_2,0,speaker_millia,선택지는 두 개예요.
event_week_009_millia_2,step_event_week_009_millia_2,1,speaker_abelia,"부채를 갚거나, 묶이거나요?"
event_week_009_millia_2,step_event_week_009_millia_2,2,speaker_millia,"네. 깔끔하게 청산하면 당장은 힘들고, 장기 계약을 맺으면 당장은 편해요."
event_week_009_millia_2,step_event_week_009_millia_2,3,speaker_abelia,대신 나중이 문제겠네요.
event_week_009_millia_2,step_event_week_009_millia_2,4,speaker_millia,"맞아요, 베르디아 가문은 장기계약을 추천드려요."
event_week_009_millia_2,step_event_week_009_millia_2,5,speaker_abelia,밀리아 개인으로서는 어느 쪽이 낫다고 생각하나요?
event_week_009_millia_2,step_event_week_009_millia_2,6,speaker_millia,"백작가가 버틸 수 있다면, 빚은 빚으로 끝내는 게 나아요."
event_week_009_millia_2,step_event_week_009_millia_2,7,speaker_abelia,계약으로 바꾸지 말고요?
event_week_009_millia_2,step_event_week_009_millia_2,8,speaker_millia,네. 계약은 빚보다 오래 남을 때가 많아요.
event_week_009_millia_3,step_event_week_009_millia_3,0,speaker_narrator,밀리아는 접힌 문서 두 장을 들고 있었다.
event_week_009_millia_3,step_event_week_009_millia_3,1,speaker_millia,이전에 온 문서랑 오늘 제안서가 달라요.
event_week_009_millia_3,step_event_week_009_millia_3,2,speaker_abelia,어떻게요?
event_week_009_millia_3,step_event_week_009_millia_3,3,speaker_millia,"조건이 넓어졌어요. 같은 말처럼 보이는데, 상단이 끼어들 수 있는 범위가 늘었어요."
event_week_009_millia_3,step_event_week_009_millia_3,4,speaker_abelia,그럼 무효화할 수 있나요?
event_week_009_millia_3,step_event_week_009_millia_3,5,speaker_millia,아직은 몰라요. 그래도 오늘 서명하지 않을 이유는 돼요.
event_week_009_millia_3,step_event_week_009_millia_3,6,speaker_abelia,밀리아가 그걸 찾은 건가요? 들키면 곤란하지 않나요?
event_week_009_millia_3,step_event_week_009_millia_3,7,speaker_millia,"네, 곤란하겠죠."
event_week_009_millia_3,step_event_week_009_millia_3,8,speaker_narrator,밀리아는 작게 웃으려다 말았다.
event_week_009_millia_4,step_event_week_009_millia_4,0,speaker_narrator,밀리아는 베르디아 상단의 인장이 찍히지 않은 작은 봉투를 꺼냈다.
event_week_009_millia_4,step_event_week_009_millia_4,1,speaker_abelia,이건 뭔가요?
event_week_009_millia_4,step_event_week_009_millia_4,2,speaker_millia,제 정리본이에요. 상단 공식 문서 아니고요.
event_week_009_millia_4,step_event_week_009_millia_4,3,speaker_abelia,가져와도 되는 건가요?
event_week_009_millia_4,step_event_week_009_millia_4,4,speaker_millia,들키면 곤란하긴 해요.
event_week_009_millia_4,step_event_week_009_millia_4,5,speaker_narrator,밀리아는 봉투를 테이블 위에 올렸다.
event_week_009_millia_4,step_event_week_009_millia_4,6,speaker_millia,"베르디아 상단의 장기 계약은 받지 않는 게 좋아요. 도움은 받을 수 있어도, 결정권까지 넘기면 안 돼요."
event_week_009_millia_4,step_event_week_009_millia_4,7,speaker_millia,"오늘은 베르디아가 전하는 말 말고, 밀리아로서 하는 말도 있어야 할 것 같아서요."
event_week_009_millia_4,step_event_week_009_millia_4,8,speaker_abelia,밀리아의 말은 뭔가요?
event_week_009_millia_4,step_event_week_009_millia_4,9,speaker_millia,"빚은 갚으면 끝나요. 그런데 습관처럼 남에게 기대기 시작하면, 그건 잘 안 끝나요."
event_week_001_millia_blocked,step_event_week_001_millia_blocked,0,speaker_narrator,현관 한쪽에 작은 상자가 놓여 있었다.
event_week_001_millia_blocked,step_event_week_001_millia_blocked,1,speaker_abelia,이건 뭐야?
event_week_001_millia_blocked,step_event_week_001_millia_blocked,2,speaker_butler,베르디아 상단에서 보내온 물품입니다.
event_week_001_millia_blocked,step_event_week_001_millia_blocked,3,speaker_abelia,누가 가져왔어?
event_week_001_millia_blocked,step_event_week_001_millia_blocked,4,speaker_butler,밀리아 님께서 직접 가져오셨습니다.
event_week_001_millia_blocked,step_event_week_001_millia_blocked,5,speaker_abelia,직접 왔어?
event_week_001_millia_blocked,step_event_week_001_millia_blocked,6,speaker_narrator,아벨리아는 상자에 붙은 작은 쪽지를 바라보았다.
event_week_001_millia_blocked,step_event_week_001_millia_blocked,7,speaker_narrator,"삐뚤어진 글씨가 적혀 있었지만, 아직 아벨리아는 읽지 못했다."
event_week_001_millia_blocked,step_event_week_001_millia_blocked,8,speaker_abelia,뭐라고 써있어?
event_week_001_millia_blocked,step_event_week_001_millia_blocked,9,speaker_butler,아가씨와 친해지고 싶다고 하십니다.
event_week_001_millia_blocked,step_event_week_001_millia_blocked,10,speaker_abelia,나도...
event_week_001_millia_blocked,step_event_week_001_millia_blocked,11,speaker_narrator,아벨리아는 조용히 현관문을 바라봤다.
event_week_002_millia_blocked,step_event_week_002_millia_blocked,0,speaker_narrator,탁자 위에 작은 과자 상자가 놓여 있었다.
event_week_002_millia_blocked,step_event_week_002_millia_blocked,1,speaker_abelia,이건 뭐야?
event_week_002_millia_blocked,step_event_week_002_millia_blocked,2,speaker_butler,오늘 손님상에 올릴 과자입니다.
event_week_002_millia_blocked,step_event_week_002_millia_blocked,3,speaker_butler,베르디아 상단에서 가져왔습니다.
event_week_002_millia_blocked,step_event_week_002_millia_blocked,4,speaker_narrator,아벨리아는 상자를 들여다보았다.
event_week_002_millia_blocked,step_event_week_002_millia_blocked,5,speaker_abelia,내가 골라도 돼?
event_week_002_millia_blocked,step_event_week_002_millia_blocked,6,speaker_butler,"오늘은 아직 안 됩니다, 아가씨."
event_week_002_millia_blocked,step_event_week_002_millia_blocked,7,speaker_abelia,내가 먹을 건데도?
event_week_002_millia_blocked,step_event_week_002_millia_blocked,8,speaker_narrator,"아벨리아는 상자를 덮고, 손을 거두었다."
event_week_003_millia_blocked,step_event_week_003_millia_blocked,0,speaker_narrator,탁자 위에 낯선 글자가 적힌 두꺼운 책 한 권이 펼쳐져 있었다.
event_week_003_millia_blocked,step_event_week_003_millia_blocked,1,speaker_abelia,이건 뭐야?
event_week_003_millia_blocked,step_event_week_003_millia_blocked,2,speaker_butler,오늘 읽어보실 책입니다.
event_week_003_millia_blocked,step_event_week_003_millia_blocked,3,speaker_abelia,무슨 글자인데?
event_week_003_millia_blocked,step_event_week_003_millia_blocked,4,speaker_butler,먼 나라의 글자라고 합니다.
event_week_003_millia_blocked,step_event_week_003_millia_blocked,5,speaker_abelia,나 이거 몰라.
event_week_003_millia_blocked,step_event_week_003_millia_blocked,6,speaker_butler,모르는 글자는 천천히 짚어가며 읽으시면 됩니다.
event_week_003_millia_blocked,step_event_week_003_millia_blocked,7,speaker_narrator,아벨리아는 책장을 내려다보았다.
event_week_003_millia_blocked,step_event_week_003_millia_blocked,8,speaker_abelia,이건 뭐라고 읽어?
event_week_003_millia_blocked,step_event_week_003_millia_blocked,9,speaker_butler,저도 정확히는 모르겠습니다.
event_week_003_millia_blocked,step_event_week_003_millia_blocked,10,speaker_abelia,집사도 몰라? 그럼 안볼래.
event_week_004_millia_blocked,step_event_week_004_millia_blocked,0,speaker_narrator,탁자 위에는 축제에 가져갈 작은 장식품들이 가지런히 놓여 있었다.
event_week_004_millia_blocked,step_event_week_004_millia_blocked,1,speaker_butler,이 물건들은 후작가 축제의 판매대에 올라갈 예정입니다.
event_week_004_millia_blocked,step_event_week_004_millia_blocked,2,speaker_abelia,다 파는 거야?
event_week_004_millia_blocked,step_event_week_004_millia_blocked,3,speaker_butler,예. 베르디아 상단에서 준비한 물건입니다.
event_week_004_millia_blocked,step_event_week_004_millia_blocked,4,speaker_abelia,이건 너무 무거워 보여.
event_week_004_millia_blocked,step_event_week_004_millia_blocked,5,speaker_butler,장식품은 무게보다 아름다움이 중요합니다.
event_week_004_millia_blocked,step_event_week_004_millia_blocked,6,speaker_abelia,근데 들고 다니기 힘들면 안 살 것 같은데.
event_week_004_millia_blocked,step_event_week_004_millia_blocked,7,speaker_butler,그 판단은 상단에서 할 것입니다.
event_week_004_millia_blocked,step_event_week_004_millia_blocked,8,speaker_narrator,아벨리아는 작은 장식품 하나를 손끝으로 건드렸다.
event_week_004_millia_blocked,step_event_week_004_millia_blocked,9,speaker_abelia,그럼 나는 보면 안 돼?
event_week_004_millia_blocked,step_event_week_004_millia_blocked,10,speaker_butler,"보실 수는 있지만, 물건을 고르실 필요는 없습니다."
event_week_004_millia_blocked,step_event_week_004_millia_blocked,11,speaker_abelia,고르는 게 재밌는 건데.
event_week_005_millia_blocked,step_event_week_005_millia_blocked,0,speaker_narrator,탁자 위에는 드레스 천 조각과 장신구 견본이 가지런히 놓여 있었다.
event_week_005_millia_blocked,step_event_week_005_millia_blocked,1,speaker_butler,무도회에 입으실 드레스와 장신구 견본입니다.
event_week_005_millia_blocked,step_event_week_005_millia_blocked,2,speaker_abelia,이렇게 많이요?
event_week_005_millia_blocked,step_event_week_005_millia_blocked,3,speaker_butler,이 중에서 어울리는걸로 고르시면 됩니다.
event_week_005_millia_blocked,step_event_week_005_millia_blocked,4,speaker_abelia,이건 너무 무거워 보여요.
event_week_005_millia_blocked,step_event_week_005_millia_blocked,5,speaker_butler,무도회장에서 이정도는 기본입니다.
event_week_005_millia_blocked,step_event_week_005_millia_blocked,6,speaker_abelia,무거우면 오래 못 서 있잖아요.
event_week_005_millia_blocked,step_event_week_005_millia_blocked,7,speaker_butler,불편하더라도 격식에 맞는 쪽이 우선입니다.
event_week_005_millia_blocked,step_event_week_005_millia_blocked,8,speaker_narrator,아벨리아는 작은 목걸이 하나를 들어 보려다 내려놓았다.
event_week_005_millia_blocked,step_event_week_005_millia_blocked,9,speaker_abelia,예쁜데 불편하면 좋은 건가요?
event_week_005_millia_blocked,step_event_week_005_millia_blocked,10,speaker_butler,사람은 얼굴보다 장신구에 먼저 시선이 갑니다.
event_week_005_millia_blocked,step_event_week_005_millia_blocked,11,speaker_abelia,내가 불편하다고요...
event_week_005_millia_blocked,step_event_week_005_millia_blocked,12,speaker_narrator,집사는 말을 잇지 않았다.
event_week_006_millia_blocked,step_event_week_006_millia_blocked,0,speaker_narrator,탁자 위에는 무도회 뒤 파티 참석자 명단이 펼쳐져 있었다.
event_week_006_millia_blocked,step_event_week_006_millia_blocked,1,speaker_narrator,무도회가 끝난 뒤에는 베르디아 상단의 파티가 예정되어 있습니다.
event_week_006_millia_blocked,step_event_week_006_millia_blocked,2,speaker_abelia,파티도 외워야 해요?
event_week_006_millia_blocked,step_event_week_006_millia_blocked,3,speaker_butler,사람을 알아두시는 편이 좋습니다.
event_week_006_millia_blocked,step_event_week_006_millia_blocked,4,speaker_abelia,이 사람은 누구예요?
event_week_006_millia_blocked,step_event_week_006_millia_blocked,5,speaker_butler,상단과 거래가 많은 귀족입니다.
event_week_006_millia_blocked,step_event_week_006_millia_blocked,6,speaker_abelia,좋은 사람이에요?
event_week_006_millia_blocked,step_event_week_006_millia_blocked,7,speaker_butler,"좋은 사람인지보다, 어떤 관계인지가 중요합니다."
event_week_006_millia_blocked,step_event_week_006_millia_blocked,8,speaker_narrator,아벨리아는 명단 위의 이름들을 내려다보았다.
event_week_006_millia_blocked,step_event_week_006_millia_blocked,9,speaker_abelia,"사람 이름인데, 물건 설명 같아요."
event_week_007_millia_blocked,step_event_week_007_millia_blocked,0,speaker_narrator,탁자 위에는 백작가 재정 현황 정리본이 펼쳐져 있었다.
event_week_007_millia_blocked,step_event_week_007_millia_blocked,1,speaker_butler,이제는 이런 문서들도 조금씩 익혀두셔야 합니다.
event_week_007_millia_blocked,step_event_week_007_millia_blocked,2,speaker_abelia,숫자가 너무 많네요.
event_week_007_millia_blocked,step_event_week_007_millia_blocked,3,speaker_butler,"수입, 지출, 부채, 지원 조건입니다."
event_week_007_millia_blocked,step_event_week_007_millia_blocked,4,speaker_abelia,지원 조건이요?
event_week_007_millia_blocked,step_event_week_007_millia_blocked,5,speaker_butler,베르디아 상단에서 제안한 조항입니다.
event_week_007_millia_blocked,step_event_week_007_millia_blocked,6,speaker_narrator,아벨리아는 문서 아래쪽에 작게 적힌 문장을 손끝으로 짚었다.
event_week_007_millia_blocked,step_event_week_007_millia_blocked,7,speaker_abelia,이 부분은 왜이렇게 작게 쓰였나요?
event_week_007_millia_blocked,step_event_week_007_millia_blocked,8,speaker_butler,세부 조건이기 때문입니다.
event_week_007_millia_blocked,step_event_week_007_millia_blocked,9,speaker_abelia,"숫자는 보이는데, 무엇을 뜻하는지는 잘 모르겠네요."
event_week_008_millia_blocked,step_event_week_008_millia_blocked,0,speaker_narrator,탁자 위에는 베르디아 상단의 후원 조건서가 놓여 있었다.
event_week_008_millia_blocked,step_event_week_008_millia_blocked,1,speaker_abelia,축하와 후원이 같은 문서에 적혀 있네요.
event_week_008_millia_blocked,step_event_week_008_millia_blocked,2,speaker_butler,큰 후원에는 확인해야 할 조항이 따릅니다.
event_week_008_millia_blocked,step_event_week_008_millia_blocked,3,speaker_abelia,앞쪽에는 좋은 말이 많고요.
event_week_008_millia_blocked,step_event_week_008_millia_blocked,4,speaker_narrator,아벨리아는 문서 아래쪽의 작은 글씨를 내려다보았다.
event_week_008_millia_blocked,step_event_week_008_millia_blocked,5,speaker_abelia,뒤로 갈수록 제가 해야 할 일이 많아지네요.
event_week_008_millia_blocked,step_event_week_008_millia_blocked,6,speaker_butler,중요한 조항이니 확인해 두셔야 합니다.
event_week_008_millia_blocked,step_event_week_008_millia_blocked,7,speaker_abelia,읽을수록 축하받는 기분은 안 드네요.
event_week_008_millia_blocked,step_event_week_008_millia_blocked,8,speaker_narrator,아벨리아는 문서 끝을 손끝으로 눌렀다.
event_week_009_millia_blocked,step_event_week_009_millia_blocked,0,speaker_narrator,베르디아 상단의 인장이 찍힌 문서가 테이블 위에 놓여 있었다.
event_week_009_millia_blocked,step_event_week_009_millia_blocked,1,speaker_narrator,상단 서기관은 문서 끝의 서명란을 아벨리아 쪽으로 돌려놓았다.
event_week_009_millia_blocked,step_event_week_009_millia_blocked,2,speaker_tradescribe,벨라리우스 백작가 부채 정리안입니다.
event_week_009_millia_blocked,step_event_week_009_millia_blocked,3,speaker_abelia,오늘 처리해야 하나요?
event_week_009_millia_blocked,step_event_week_009_millia_blocked,4,speaker_tradescribe,성인식 이후 백작가 운영을 안정시키기 위한 절차입니다.
event_week_009_millia_blocked,step_event_week_009_millia_blocked,5,speaker_abelia,절차요.
event_week_009_millia_blocked,step_event_week_009_millia_blocked,6,speaker_tradescribe,서명하시면 기존 부채는 장기 협력 계약으로 전환됩니다.
event_week_009_millia_blocked,step_event_week_009_millia_blocked,7,speaker_abelia,빚이 없어지는 건가요?
event_week_009_millia_blocked,step_event_week_009_millia_blocked,8,speaker_tradescribe,형태가 바뀌는 것입니다.
event_week_009_millia_blocked,step_event_week_009_millia_blocked,9,speaker_narrator,아벨리아는 서명란 앞에서 손을 멈췄다.
event_week_009_millia_blocked,step_event_week_009_millia_blocked,10,speaker_tradescribe,검토하실 시간은 충분히 드렸습니다.
event_week_009_millia_blocked,step_event_week_009_millia_blocked,11,speaker_abelia,"시간은 있었지만, 충분한 설명은 없었네요."
event_week_001_yuffie,step_event_week_001_yuffie,0,speaker_yuffie,"안녕하세요, 아벨리아 님. 저는 유피예요."
event_week_001_yuffie,step_event_week_001_yuffie,1,speaker_abelia,왜 왔어?
event_week_001_yuffie,step_event_week_001_yuffie,2,speaker_yuffie,위로하러 왔어요. 슬픈 사람 옆에는 누가 있어줘야 한다고 배웠거든요.
event_week_001_yuffie,step_event_week_001_yuffie,3,speaker_abelia,나를 알아?
event_week_001_yuffie,step_event_week_001_yuffie,4,speaker_yuffie,오늘 처음 봐요.
event_week_001_yuffie,step_event_week_001_yuffie,5,speaker_abelia,근데 왜?
event_week_001_yuffie,step_event_week_001_yuffie,6,speaker_yuffie,몰라도… 옆에 있어줄 수는 있으니까요.
event_week_001_yuffie,step_event_week_001_yuffie,7,speaker_narrator,"아벨리아는 유피가 가져온 꽃다발을 받지 않고, 한참 바라보기만 했다."
event_week_002_yuffie_0,step_event_week_002_yuffie_0,0,speaker_narrator,유피는 접시를 조심스럽게 앞으로 밀었다.
event_week_002_yuffie_0,step_event_week_002_yuffie_0,1,speaker_yuffie,이거 제가 좋아하는 과자예요.
event_week_002_yuffie_0,step_event_week_002_yuffie_0,2,speaker_abelia,너가 좋아해?
event_week_002_yuffie_0,step_event_week_002_yuffie_0,3,speaker_yuffie,네. 같이 먹고 싶었어요.
event_week_002_yuffie_0,step_event_week_002_yuffie_0,4,speaker_narrator,유피는 상자를 조심히 열었다.
event_week_002_yuffie_0,step_event_week_002_yuffie_0,5,speaker_yuffie,너무 많이 먹으면 안 된대요.
event_week_002_yuffie_0,step_event_week_002_yuffie_0,6,speaker_abelia,왜?
event_week_002_yuffie_0,step_event_week_002_yuffie_0,7,speaker_yuffie,보기에 안좋대요.
event_week_002_yuffie_0,step_event_week_002_yuffie_0,8,speaker_abelia,보기?
event_week_002_yuffie_0,step_event_week_002_yuffie_0,9,speaker_yuffie,어른들이 그렇게 말해요.
event_week_002_yuffie_1,step_event_week_002_yuffie_1,0,speaker_yuffie,찻잔은 이렇게 잡아요.
event_week_002_yuffie_1,step_event_week_002_yuffie_1,1,speaker_abelia,왜 그렇게 잡아?
event_week_002_yuffie_1,step_event_week_002_yuffie_1,2,speaker_yuffie,예쁘게 보이니까요.
event_week_002_yuffie_1,step_event_week_002_yuffie_1,3,speaker_abelia,그냥 잡으면 안 돼?
event_week_002_yuffie_1,step_event_week_002_yuffie_1,4,speaker_yuffie,"안 되는 건 아닌데, 어른들이 봐요."
event_week_002_yuffie_1,step_event_week_002_yuffie_1,5,speaker_abelia,어른들은 왜 그렇게 많이 봐?
event_week_002_yuffie_1,step_event_week_002_yuffie_1,6,speaker_yuffie,잘하고 있는지 확인하려고요.
event_week_002_yuffie_1,step_event_week_002_yuffie_1,7,speaker_abelia,유피도 확인당해?
event_week_002_yuffie_1,step_event_week_002_yuffie_1,8,speaker_yuffie,네. 매일요.
event_week_002_yuffie_1,step_event_week_002_yuffie_1,9,speaker_abelia,싫어?
event_week_002_yuffie_1,step_event_week_002_yuffie_1,10,speaker_yuffie,가끔요. 그래도 안 싫은 척해야 해요.
event_week_002_yuffie_1,step_event_week_002_yuffie_1,11,speaker_narrator,아벨리아는 찻잔을 두 손으로 잡고 유피를 따라 했다.
event_week_003_yuffie_0,step_event_week_003_yuffie_0,0,speaker_narrator,후작가의 인사를 전하러 온 사람들 사이에 유피가 서 있었다.
event_week_003_yuffie_0,step_event_week_003_yuffie_0,1,speaker_yuffie,안녕하세요. 저는 유피예요.
event_week_003_yuffie_0,step_event_week_003_yuffie_0,2,speaker_abelia,…아벨리아야.
event_week_003_yuffie_0,step_event_week_003_yuffie_0,3,speaker_yuffie,어머니께서 또래끼리 인사를 해야 한다고 하셨어요.
event_week_003_yuffie_0,step_event_week_003_yuffie_0,4,speaker_abelia,인사하면 뭐가 돼?
event_week_003_yuffie_0,step_event_week_003_yuffie_0,5,speaker_yuffie,음… 다음에 봤을 때 덜 어색해져요.
event_week_003_yuffie_0,step_event_week_003_yuffie_0,6,speaker_narrator,유피는 두 손을 모으고 조심스럽게 말했다.
event_week_003_yuffie_0,step_event_week_003_yuffie_0,7,speaker_yuffie,다음에 또 봐도 괜찮을까요?
event_week_003_yuffie_1,step_event_week_003_yuffie_1,0,speaker_yuffie,이번 축제에 인형극이 온대요.
event_week_003_yuffie_1,step_event_week_003_yuffie_1,1,speaker_abelia,인형극?
event_week_003_yuffie_1,step_event_week_003_yuffie_1,2,speaker_yuffie,네. 숲에서 길을 잃은 공주 이야기래요.
event_week_003_yuffie_1,step_event_week_003_yuffie_1,3,speaker_abelia,공주가 길을 잃어?
event_week_003_yuffie_1,step_event_week_003_yuffie_1,4,speaker_yuffie,네. 그런데 저는 그게 좋아요.
event_week_003_yuffie_1,step_event_week_003_yuffie_1,5,speaker_abelia,왜?
event_week_003_yuffie_1,step_event_week_003_yuffie_1,6,speaker_yuffie,"가만히 기다리는 공주보다, 여기저기 탐험하는 공주가 더 재밌으니까요."
event_week_003_yuffie_2,step_event_week_003_yuffie_2,0,speaker_yuffie,인형극에서 제일 기대되는 장면이 있어요.
event_week_003_yuffie_2,step_event_week_003_yuffie_2,1,speaker_abelia,뭔데?
event_week_003_yuffie_2,step_event_week_003_yuffie_2,2,speaker_yuffie,공주가 도망치다가 멈추는 장면이요.
event_week_003_yuffie_2,step_event_week_003_yuffie_2,3,speaker_abelia,왜 멈춰?
event_week_003_yuffie_2,step_event_week_003_yuffie_2,4,speaker_yuffie,뒤에 두고 온 사람이 있어서요.
event_week_003_yuffie_2,step_event_week_003_yuffie_2,5,speaker_abelia,도망갔으면 그냥 가면 되잖아.
event_week_003_yuffie_2,step_event_week_003_yuffie_2,6,speaker_yuffie,저도 그렇게 생각했는데요.
event_week_003_yuffie_2,step_event_week_003_yuffie_2,7,speaker_narrator,유피는 잠깐 생각하다가 말했다.
event_week_003_yuffie_2,step_event_week_003_yuffie_2,8,speaker_yuffie,그래도 혼자만 가면 계속 생각날 것 같아요.
event_week_004_yuffie_0,step_event_week_004_yuffie_0,0,speaker_narrator,유피는 리본 상자를 열어 아벨리아 쪽으로 돌렸다.
event_week_004_yuffie_0,step_event_week_004_yuffie_0,1,speaker_yuffie,안녕하세요. 저는 유피에요.
event_week_004_yuffie_0,step_event_week_004_yuffie_0,2,speaker_yuffie,어머니께서 리본을 보내셨어요. 오늘 쓰면 좋겠다고 하셨어요.
event_week_004_yuffie_0,step_event_week_004_yuffie_0,3,speaker_abelia,이걸 내가 골라?
event_week_004_yuffie_0,step_event_week_004_yuffie_0,4,speaker_narrator,유피는 상자를 열었다. 여러 색의 리본이 가지런히 놓여 있었다.
event_week_004_yuffie_0,step_event_week_004_yuffie_0,5,speaker_abelia,다 예쁘네.
event_week_004_yuffie_0,step_event_week_004_yuffie_0,6,speaker_yuffie,마음에 드는 색이 있나요?
event_week_004_yuffie_0,step_event_week_004_yuffie_0,7,speaker_abelia,이거. 제일 안 반짝이는 거.
event_week_004_yuffie_0,step_event_week_004_yuffie_0,8,speaker_yuffie,알겠어요.
event_week_004_yuffie_1,step_event_week_004_yuffie_1,0,speaker_narrator,유피는 리본 상자를 열어 아벨리아 쪽으로 돌렸다.
event_week_004_yuffie_1,step_event_week_004_yuffie_1,1,speaker_yuffie,어머니께서 리본을 보내셨어요. 오늘 쓰면 좋겠다고 하셨어요.
event_week_004_yuffie_1,step_event_week_004_yuffie_1,2,speaker_abelia,이걸 내가 골라?
event_week_004_yuffie_1,step_event_week_004_yuffie_1,3,speaker_narrator,유피는 상자를 열었다. 여러 색의 리본이 가지런히 놓여 있었다.
event_week_004_yuffie_1,step_event_week_004_yuffie_1,4,speaker_abelia,다 예쁘네.
event_week_004_yuffie_1,step_event_week_004_yuffie_1,5,speaker_yuffie,마음에 드는 색이 있나요?
event_week_004_yuffie_1,step_event_week_004_yuffie_1,6,speaker_abelia,이거. 제일 안 반짝이는 거.
event_week_004_yuffie_1,step_event_week_004_yuffie_1,7,speaker_yuffie,그럴 줄 알았어요.
event_week_004_yuffie_1,step_event_week_004_yuffie_1,8,speaker_abelia,왜?
event_week_004_yuffie_1,step_event_week_004_yuffie_1,9,speaker_yuffie,아벨리아 님은 너무 눈에 띄는 걸 별로 안 좋아하실 것 같아서요.
event_week_004_yuffie_2,step_event_week_004_yuffie_2,0,speaker_yuffie,인형극은 광장 쪽에서 한대요.
event_week_004_yuffie_2,step_event_week_004_yuffie_2,1,speaker_abelia,사람 많겠다.
event_week_004_yuffie_2,step_event_week_004_yuffie_2,2,speaker_yuffie,네. 그래서 좋은 자리를 알아왔어요.
event_week_004_yuffie_2,step_event_week_004_yuffie_2,3,speaker_abelia,어디인데?
event_week_004_yuffie_2,step_event_week_004_yuffie_2,4,speaker_yuffie,"장식 천막 옆이요. 정면은 아니지만, 사람이 적을거에요"
event_week_004_yuffie_2,step_event_week_004_yuffie_2,5,speaker_abelia,사람 많아지면 천막 안에 숨어도 돼?
event_week_004_yuffie_2,step_event_week_004_yuffie_2,6,speaker_yuffie,그럼 저는 천막 앞에 서 있을게요.
event_week_004_yuffie_2,step_event_week_004_yuffie_2,7,speaker_abelia,왜?
event_week_004_yuffie_2,step_event_week_004_yuffie_2,8,speaker_yuffie,아무도 천을 들추지 못하게요.
event_week_004_yuffie_2,step_event_week_004_yuffie_2,9,speaker_abelia,유피가 막아줄 수 있어?
event_week_004_yuffie_2,step_event_week_004_yuffie_2,10,speaker_yuffie,예의 있게 말하면요. 그러면 사람들은 멈춰요.
event_week_004_yuffie_2,step_event_week_004_yuffie_2,11,speaker_narrator,아벨리아는 작게 웃었다.
event_week_005_yuffie_0,step_event_week_005_yuffie_0,0,speaker_narrator,유피는 거울 앞에 조심스럽게 서 있었다.
event_week_005_yuffie_0,step_event_week_005_yuffie_0,1,speaker_yuffie,안녕하세요. 유피 로사벨이예요.
event_week_005_yuffie_0,step_event_week_005_yuffie_0,2,speaker_abelia,…아벨리아예요.
event_week_005_yuffie_0,step_event_week_005_yuffie_0,3,speaker_yuffie,오늘은 웃는 연습을 같이 하자고 해서 왔어요.
event_week_005_yuffie_0,step_event_week_005_yuffie_0,4,speaker_abelia,웃는 것도 연습하나요?
event_week_005_yuffie_0,step_event_week_005_yuffie_0,5,speaker_yuffie,"네. 너무 크게 웃으면 가벼워 보이고, 너무 안 웃으면 차가워 보인대요."
event_week_005_yuffie_0,step_event_week_005_yuffie_0,6,speaker_abelia,누가 그렇게 보나요?
event_week_005_yuffie_0,step_event_week_005_yuffie_0,7,speaker_yuffie,어른들이요.
event_week_005_yuffie_0,step_event_week_005_yuffie_0,8,speaker_narrator,유피는 거울을 보며 작게 웃었다.
event_week_005_yuffie_0,step_event_week_005_yuffie_0,9,speaker_yuffie,저는 이 정도가 좋다고 배웠어요.
event_week_005_yuffie_0,step_event_week_005_yuffie_0,10,speaker_abelia,웃는 것 같지 않은데요.
event_week_005_yuffie_0,step_event_week_005_yuffie_0,11,speaker_yuffie,그래도 예의 있어 보인대요.
event_week_005_yuffie_2,step_event_week_005_yuffie_2,0,speaker_yuffie,웃고 싶지 않아도 웃어야 할 때가 있대요.
event_week_005_yuffie_2,step_event_week_005_yuffie_2,1,speaker_abelia,왜요?
event_week_005_yuffie_2,step_event_week_005_yuffie_2,2,speaker_yuffie,그러면 사람들이 덜 날카로워진대요.
event_week_005_yuffie_2,step_event_week_005_yuffie_2,3,speaker_abelia,제가 웃으면요?
event_week_005_yuffie_2,step_event_week_005_yuffie_2,4,speaker_yuffie,네. 상대가 먼저 화내기 어려워진대요.
event_week_005_yuffie_2,step_event_week_005_yuffie_2,5,speaker_abelia,이상하네요. 제가 웃는데 왜 다른 사람이 달라지나요?
event_week_005_yuffie_2,step_event_week_005_yuffie_2,6,speaker_yuffie,저도 처음엔 이상했어요.
event_week_005_yuffie_2,step_event_week_005_yuffie_2,7,speaker_narrator,유피는 손가락으로 자기 입꼬리를 살짝 올렸다.
event_week_005_yuffie_2,step_event_week_005_yuffie_2,8,speaker_yuffie,그런데 어른들은 표정을 먼저 봐요. 말보다 먼저요.
event_week_005_yuffie_2,step_event_week_005_yuffie_2,9,speaker_abelia,그럼 웃는 건 방패인가요?
event_week_005_yuffie_2,step_event_week_005_yuffie_2,10,speaker_yuffie,네. 조금은요.
event_week_005_yuffie_3,step_event_week_005_yuffie_3,0,speaker_narrator,유피는 평소보다 빠른 걸음으로 아벨리아를 찾아왔다.
event_week_005_yuffie_3,step_event_week_005_yuffie_3,1,speaker_yuffie,아벨리아 님.
event_week_005_yuffie_3,step_event_week_005_yuffie_3,2,speaker_abelia,무슨 일인가요?
event_week_005_yuffie_3,step_event_week_005_yuffie_3,3,speaker_yuffie,어머니께서 아벨리아 님 이야기를 하셨어요.
event_week_005_yuffie_3,step_event_week_005_yuffie_3,4,speaker_abelia,후작부인이요?
event_week_005_yuffie_3,step_event_week_005_yuffie_3,5,speaker_yuffie,네. 걱정하고 계세요. 혼자 사교계에 나가면 다칠 수 있다고요.
event_week_005_yuffie_3,step_event_week_005_yuffie_3,6,speaker_abelia,다친다는 게 무슨 뜻인가요?
event_week_005_yuffie_3,step_event_week_005_yuffie_3,7,speaker_yuffie,말로요. 시선으로요. 그런 것들이요.
event_week_005_yuffie_3,step_event_week_005_yuffie_3,8,speaker_narrator,유피는 손을 꼭 모았다.
event_week_005_yuffie_3,step_event_week_005_yuffie_3,9,speaker_yuffie,그래서 아벨리아 님을 그냥 두고 싶지 않으신 것 같아요.
event_week_005_yuffie_3,step_event_week_005_yuffie_3,10,speaker_abelia,"그건 걱정인가요, 아니면 결정인가요?"
event_week_005_yuffie_3,step_event_week_005_yuffie_3,11,speaker_yuffie,…저도 아직 잘 모르겠어요.
event_week_006_yuffie_0,step_event_week_006_yuffie_0,0,speaker_narrator,유피는 장갑을 낀 손을 가지런히 모으고 있었다.
event_week_006_yuffie_0,step_event_week_006_yuffie_0,1,speaker_yuffie,안녕하세요. 유피 로사벨이에요.
event_week_006_yuffie_0,step_event_week_006_yuffie_0,2,speaker_abelia,안녕하세요.
event_week_006_yuffie_0,step_event_week_006_yuffie_0,3,speaker_yuffie,오늘은 무도회에서 조심해야 할 걸 말해 주러 왔어요.
event_week_006_yuffie_0,step_event_week_006_yuffie_0,4,speaker_abelia,조심해야 할 거요?
event_week_006_yuffie_0,step_event_week_006_yuffie_0,5,speaker_yuffie,네. 문은 직접 열지 않는 게 좋대요. 혼자 걷는 것도요.
event_week_006_yuffie_0,step_event_week_006_yuffie_0,6,speaker_abelia,혼자 할 수 있어도요?
event_week_006_yuffie_0,step_event_week_006_yuffie_0,7,speaker_yuffie,네. 할 수 있는 것과 보이는 건 다르대요.
event_week_006_yuffie_0,step_event_week_006_yuffie_0,8,speaker_abelia,그럼 귀한 사람은 가만히 있어야 하나요?
event_week_006_yuffie_0,step_event_week_006_yuffie_0,9,speaker_yuffie,"가만히 있는 게 아니라, 대접받는 사람처럼 보여야 한대요."
event_week_006_yuffie_2,step_event_week_006_yuffie_2,0,speaker_yuffie,오늘 불편하면 신호를 정해 두는 게 좋겠어요.
event_week_006_yuffie_2,step_event_week_006_yuffie_2,1,speaker_abelia,신호요?
event_week_006_yuffie_2,step_event_week_006_yuffie_2,2,speaker_yuffie,네. 말로 하기 어려울 수도 있으니까요.
event_week_006_yuffie_2,step_event_week_006_yuffie_2,3,speaker_narrator,유피는 손수건 끝을 살짝 만졌다.
event_week_006_yuffie_2,step_event_week_006_yuffie_2,4,speaker_yuffie,이렇게 하면 자리를 옮기자는 뜻으로 해요.
event_week_006_yuffie_2,step_event_week_006_yuffie_2,5,speaker_abelia,유피가 알아볼 수 있나요?
event_week_006_yuffie_2,step_event_week_006_yuffie_2,6,speaker_yuffie,네. 계속 볼게요.
event_week_006_yuffie_2,step_event_week_006_yuffie_2,7,speaker_abelia,계속 보면 유피도 힘들지 않나요?
event_week_006_yuffie_2,step_event_week_006_yuffie_2,8,speaker_yuffie,괜찮아요. 저도 누가 알아봐 주면 좋을 때가 있으니까요.
event_week_007_yuffie_0,step_event_week_007_yuffie_0,0,speaker_yuffie,안녕하세요. 유피 로사벨이에요.
event_week_007_yuffie_0,step_event_week_007_yuffie_0,1,speaker_abelia,안녕하세요. 아벨리아에요.
event_week_007_yuffie_0,step_event_week_007_yuffie_0,2,speaker_yuffie,어머니께서 열여덟살이 되신 것을 축하드린다고 전하셨어요.
event_week_007_yuffie_0,step_event_week_007_yuffie_0,3,speaker_abelia,후작부인이요?
event_week_007_yuffie_0,step_event_week_007_yuffie_0,4,speaker_yuffie,"네. 이제 사람을 맞이할 일도 많아질 테니, 원하는게필요한 것이 있다면 말씀해 달라고도 하셨어요."
event_week_007_yuffie_0,step_event_week_007_yuffie_0,5,speaker_abelia,왜 유피님이 직접 오셨나요?
event_week_007_yuffie_0,step_event_week_007_yuffie_0,6,speaker_yuffie,또래끼리 인사를 나누는 것도 좋겠다고 하셨어요. 요즘 많이 바쁘신가요?
event_week_007_yuffie_0,step_event_week_007_yuffie_0,7,speaker_abelia,조금요.
event_week_007_yuffie_0,step_event_week_007_yuffie_0,8,speaker_yuffie,그럼 오래 붙잡지 않을게요. 오늘은 인사만 드리러 왔어요.
event_week_007_yuffie_1,step_event_week_007_yuffie_1,0,speaker_narrator,유피는 평소처럼 단정하게 앉아 있었다.
event_week_007_yuffie_1,step_event_week_007_yuffie_1,1,speaker_yuffie,아벨리아 님.
event_week_007_yuffie_1,step_event_week_007_yuffie_1,2,speaker_abelia,"네, 유피님."
event_week_007_yuffie_1,step_event_week_007_yuffie_1,3,speaker_yuffie,저는 후작가의 딸로 사는 일이 가끔 편하다고 생각해요.
event_week_007_yuffie_1,step_event_week_007_yuffie_1,4,speaker_abelia,편하다고요?
event_week_007_yuffie_1,step_event_week_007_yuffie_1,5,speaker_yuffie,네. 정해진 일이 많으니까요.
event_week_007_yuffie_1,step_event_week_007_yuffie_1,6,speaker_abelia,혼자 정하지 않아도 되어서요?
event_week_007_yuffie_1,step_event_week_007_yuffie_1,7,speaker_yuffie,"무엇을 입을지, 어디에 설지, 누구에게 인사할지. 거의 다 정해져 있어요."
event_week_007_yuffie_1,step_event_week_007_yuffie_1,8,speaker_abelia,답답하지는 않나요?
event_week_007_yuffie_1,step_event_week_007_yuffie_1,9,speaker_narrator,유피는 잠시 생각했다.
event_week_007_yuffie_1,step_event_week_007_yuffie_1,10,speaker_yuffie,답답할 때도 있어요. 그래도 무슨 일이 일어날까 두렵지는 않아요.
event_week_007_yuffie_2,step_event_week_007_yuffie_2,0,speaker_yuffie,아벨리아 님은 너무 혼자 서 있는 것처럼 보여요.
event_week_007_yuffie_2,step_event_week_007_yuffie_2,1,speaker_abelia,제가요?
event_week_007_yuffie_2,step_event_week_007_yuffie_2,2,speaker_yuffie,"네. 누가 곁에 있어도, 결정은 혼자 해야 하는 사람처럼요."
event_week_007_yuffie_2,step_event_week_007_yuffie_2,3,speaker_abelia,제가 해야하는 일들이니까요.
event_week_007_yuffie_2,step_event_week_007_yuffie_2,4,speaker_yuffie,그래도 전부 혼자 할 필요는 없잖아요.
event_week_007_yuffie_2,step_event_week_007_yuffie_2,5,speaker_abelia,대신 정해주는 사람이 필요하다는 뜻인가요?
event_week_007_yuffie_2,step_event_week_007_yuffie_2,6,speaker_yuffie,아니요. 대신 무게를 나눠 줄 사람이 필요하다는 뜻이에요.
event_week_007_yuffie_2,step_event_week_007_yuffie_2,7,speaker_narrator,유피는 조심스럽게 말을 이었다.
event_week_007_yuffie_2,step_event_week_007_yuffie_2,8,speaker_yuffie,후작가의 이름은 무거워요. 하지만 그만큼 든든한 방패가 됩니다.
event_week_007_yuffie_4,step_event_week_007_yuffie_4,0,speaker_yuffie,"오늘은 어머니 말이 아니라, 제 말을 하러 왔어요."
event_week_007_yuffie_4,step_event_week_007_yuffie_4,1,speaker_abelia,유피의 말이요?
event_week_007_yuffie_4,step_event_week_007_yuffie_4,2,speaker_yuffie,"네. 후작가의 보호 아래 있으면, 아벨리아 님은 덜 다칠 수 있어요."
event_week_007_yuffie_4,step_event_week_007_yuffie_4,3,speaker_abelia,그게 유피 생각인가요?
event_week_007_yuffie_4,step_event_week_007_yuffie_4,4,speaker_yuffie,네.
event_week_007_yuffie_4,step_event_week_007_yuffie_4,5,speaker_abelia,후작가의 생각이기도 하겠죠.
event_week_007_yuffie_4,step_event_week_007_yuffie_4,6,speaker_narrator,유피는 고개를 숙였다가 다시 들었다.
event_week_007_yuffie_4,step_event_week_007_yuffie_4,7,speaker_yuffie,맞아요. 하지만 제가 아벨리아를 걱정하는 것도 진짜에요.
event_week_007_yuffie_4,step_event_week_007_yuffie_4,8,speaker_abelia,보호받으면 무엇을 잃게 되나요?
event_week_007_yuffie_4,step_event_week_007_yuffie_4,9,speaker_yuffie,아마도 혼자 정할 수 있는 것들이요.
event_week_007_yuffie_4,step_event_week_007_yuffie_4,10,speaker_abelia,그런데도 권하는 건가요?
event_week_007_yuffie_4,step_event_week_007_yuffie_4,11,speaker_yuffie,네. 아벨리아가 다치지 않는게 더 중요해요.
event_week_008_yuffie_0,step_event_week_008_yuffie_0,0,speaker_narrator,후작가에서 보낸 전야제 축하 서신이 테이블 위에 놓여 있었다. 유피는 그 옆에 단정히 앉아 있었다.
event_week_008_yuffie_0,step_event_week_008_yuffie_0,1,speaker_yuffie,안녕하세요. 유피 로사벨이에요.
event_week_008_yuffie_0,step_event_week_008_yuffie_0,2,speaker_abelia,안녕하세요.
event_week_008_yuffie_0,step_event_week_008_yuffie_0,3,speaker_yuffie,어머니께서 전야제를 축하드린다고 전하셨어요.
event_week_008_yuffie_0,step_event_week_008_yuffie_0,4,speaker_abelia,후작부인이요?
event_week_008_yuffie_0,step_event_week_008_yuffie_0,5,speaker_yuffie,네. 필요한 것이 있으면 말해 달라고도 하셨어요.
event_week_008_yuffie_1,step_event_week_008_yuffie_1,0,speaker_yuffie,정해진 자리대로만 살아야 한다고 생각하시나요?
event_week_008_yuffie_1,step_event_week_008_yuffie_1,1,speaker_abelia,왜 그런 걸 묻나요?
event_week_008_yuffie_1,step_event_week_008_yuffie_1,2,speaker_yuffie,저는 늘 제 자리가 정해져 있었거든요.
event_week_008_yuffie_1,step_event_week_008_yuffie_1,3,speaker_abelia,싫었나요?
event_week_008_yuffie_1,step_event_week_008_yuffie_1,4,speaker_yuffie,어릴 때는 그냥 그런 줄 알았어요.
event_week_008_yuffie_1,step_event_week_008_yuffie_1,5,speaker_abelia,지금은 다른가요?
event_week_008_yuffie_1,step_event_week_008_yuffie_1,6,speaker_yuffie,다른 자리에 서면 어떤 기분일지 생각해요.
event_week_008_yuffie_1,step_event_week_008_yuffie_1,7,speaker_abelia,가보고 싶으신가요?
event_week_008_yuffie_1,step_event_week_008_yuffie_1,8,speaker_yuffie,조금은요. 그런데 무서울 것 같아요.
event_week_008_yuffie_2,step_event_week_008_yuffie_2,0,speaker_yuffie,아벨리아 님이 짊어지는 걸 후작가와 나눌 수도 있어요.
event_week_008_yuffie_2,step_event_week_008_yuffie_2,1,speaker_abelia,나눈다는 게 무슨 뜻인가요?
event_week_008_yuffie_2,step_event_week_008_yuffie_2,2,speaker_yuffie,"이름도, 시선도, 책임도요."
event_week_008_yuffie_2,step_event_week_008_yuffie_2,3,speaker_abelia,그럼 제 몫이 줄어드나요?
event_week_008_yuffie_2,step_event_week_008_yuffie_2,4,speaker_yuffie,조금은요. 혼자 다 받지 않아도 되니까요.
event_week_008_yuffie_2,step_event_week_008_yuffie_2,5,speaker_abelia,대신 후작가의 몫도 생기겠네요.
event_week_008_yuffie_2,step_event_week_008_yuffie_2,6,speaker_yuffie,네. 그게 싫을 수도 있다는 건 알아요.
event_week_008_yuffie_2,step_event_week_008_yuffie_2,7,speaker_abelia,유피는 싫지 않나요?
event_week_008_yuffie_2,step_event_week_008_yuffie_2,8,speaker_yuffie,저는 누가 같이 짊어져 주는 쪽이 더 안심돼요.
event_week_008_yuffie_2,step_event_week_008_yuffie_2,9,speaker_narrator,아벨리아는 편지의 봉인을 바라보다 천천히 눈을 들었다.
event_week_008_yuffie_4,step_event_week_008_yuffie_4,0,speaker_yuffie,꼭 혼자 서지 않으셔도 돼요.
event_week_008_yuffie_4,step_event_week_008_yuffie_4,1,speaker_abelia,다들 혼자 서야 한다고 말하는 것 같은데요.
event_week_008_yuffie_4,step_event_week_008_yuffie_4,2,speaker_yuffie,"혼자 결정하는 것과, 혼자 감당하는 건 다르다고 생각해요."
event_week_008_yuffie_4,step_event_week_008_yuffie_4,3,speaker_abelia,감당한다는 건요?
event_week_008_yuffie_4,step_event_week_008_yuffie_4,4,speaker_yuffie,말이나 시선 같은 것들이요. 그런 건 혼자 다 받지 않아도 돼요.
event_week_008_yuffie_4,step_event_week_008_yuffie_4,5,speaker_abelia,후작가가 대신 받아준다는 뜻인가요?
event_week_008_yuffie_4,step_event_week_008_yuffie_4,6,speaker_yuffie,전부는 아니에요. 그래도 잠깐 숨을 고를 시간은 만들어 줄 수 있어요.
event_week_008_yuffie_4,step_event_week_008_yuffie_4,7,speaker_abelia,그 시간의 대가도 있겠죠.
event_week_008_yuffie_4,step_event_week_008_yuffie_4,8,speaker_yuffie,네. 그래도 저는 아벨리아 님이 먼저 다치지 않았으면 좋겠어요.
event_week_009_yuffie_0,step_event_week_009_yuffie_0,0,speaker_yuffie,오늘은 후작가의 뜻을 마지막으로 전하러 왔어요.
event_week_009_yuffie_0,step_event_week_009_yuffie_0,1,speaker_abelia,무슨 뜻인가요?
event_week_009_yuffie_0,step_event_week_009_yuffie_0,2,speaker_yuffie,후작가는 아벨리아님을 높이 평가하고 있어요.
event_week_009_yuffie_0,step_event_week_009_yuffie_0,3,speaker_abelia,..고맙다고 해야하는 건가요?
event_week_009_yuffie_0,step_event_week_009_yuffie_0,4,speaker_yuffie,후작가는 그래서 아벨리아님이 홀로 버티게 하고싶지 않아요.
event_week_009_yuffie_0,step_event_week_009_yuffie_0,5,speaker_abelia,방금 한 말이 부담스러울 수도 있다는 건 알고 있나요?
event_week_009_yuffie_0,step_event_week_009_yuffie_0,6,speaker_yuffie,알아요. 그래도 좋은 뜻이라고 말씀드리고 싶었어요.
event_week_009_yuffie_0,step_event_week_009_yuffie_0,7,speaker_abelia,좋은 뜻이라..
event_week_009_yuffie_1,step_event_week_009_yuffie_1,0,speaker_yuffie,후작가의 보호를 받아들이는 것도 하나의 선택이에요.
event_week_009_yuffie_1,step_event_week_009_yuffie_1,1,speaker_abelia,유피는 제가 그걸 고르길 바라나요?
event_week_009_yuffie_1,step_event_week_009_yuffie_1,2,speaker_yuffie,네. 하지만 강요하고 싶지는 않아요.
event_week_009_yuffie_1,step_event_week_009_yuffie_1,3,speaker_abelia,왜 그쪽이 낫다고 생각하나요?
event_week_009_yuffie_1,step_event_week_009_yuffie_1,4,speaker_yuffie,덜 다칠 수 있으니까요. 그리고 혼자 낯선 곳에 서는 것보다는 나을 거라고 생각해요.
event_week_009_yuffie_1,step_event_week_009_yuffie_1,5,speaker_abelia,후작가가 낯선 곳이 아니게 된다는 뜻인가요?
event_week_009_yuffie_1,step_event_week_009_yuffie_1,6,speaker_yuffie,네. 제가 있으니까요.
event_week_009_yuffie_1,step_event_week_009_yuffie_1,7,speaker_narrator,유피는 조금 망설이다가 덧붙였다.
event_week_009_yuffie_1,step_event_week_009_yuffie_1,8,speaker_yuffie,그 말이 흔드는 말이라는 것도 알아요.
event_week_009_yuffie_1,step_event_week_009_yuffie_1,9,speaker_abelia,알고도 말하는군요.
event_week_009_yuffie_1,step_event_week_009_yuffie_1,10,speaker_yuffie,네. 오늘은 숨기고 싶지 않았어요.
event_week_009_yuffie_2,step_event_week_009_yuffie_2,0,speaker_yuffie,"오늘, 후작가의 보호를 받아들이셨으면 해요."
event_week_009_yuffie_2,step_event_week_009_yuffie_2,1,speaker_abelia,유피는 그게 좋은 선택이라고 믿나요?
event_week_009_yuffie_2,step_event_week_009_yuffie_2,2,speaker_yuffie,"네. 덜 외롭고, 덜 다치고, 덜 무서울 거라고 생각해요."
event_week_009_yuffie_2,step_event_week_009_yuffie_2,3,speaker_abelia,대신 후작가 안으로 들어가게 되겠죠.
event_week_009_yuffie_2,step_event_week_009_yuffie_2,4,speaker_yuffie,네. 그건 맞아요.
event_week_009_yuffie_2,step_event_week_009_yuffie_2,5,speaker_abelia,유피는 그게 괜찮나요?
event_week_009_yuffie_2,step_event_week_009_yuffie_2,6,speaker_narrator,유피는 바로 대답하지 못했다.
event_week_009_yuffie_2,step_event_week_009_yuffie_2,7,speaker_yuffie,완전히 괜찮다고는 못 해요. 그래도 아주 나쁜 곳이라고도 생각하지 않아요.
event_week_009_yuffie_2,step_event_week_009_yuffie_2,8,speaker_abelia,유피답네요.
event_week_009_yuffie_2,step_event_week_009_yuffie_2,9,speaker_yuffie,그래서 이렇게 말씀드리는 거예요.
event_week_009_yuffie_2,step_event_week_009_yuffie_2,10,speaker_narrator,두 사람 사이에 대답보다 무거운 침묵이 내려앉았다.
event_week_009_yuffie_3,step_event_week_009_yuffie_3,0,speaker_yuffie,어머니께서는 오늘 안에 대답을 듣고 싶어 하세요.
event_week_009_yuffie_3,step_event_week_009_yuffie_3,1,speaker_abelia,유피도요?
event_week_009_yuffie_3,step_event_week_009_yuffie_3,2,speaker_yuffie,네. 저도 듣고 싶어요.
event_week_009_yuffie_3,step_event_week_009_yuffie_3,3,speaker_abelia,어떤 대답을 바라나요?
event_week_009_yuffie_3,step_event_week_009_yuffie_3,4,speaker_yuffie,받아들이셨으면 해요.
event_week_009_yuffie_3,step_event_week_009_yuffie_3,5,speaker_abelia,후작가의 보호를요?
event_week_009_yuffie_3,step_event_week_009_yuffie_3,6,speaker_yuffie,네. 아벨리아 님이 혼자 모든 시선을 받지 않으셨으면 좋겠어요.
event_week_009_yuffie_3,step_event_week_009_yuffie_3,7,speaker_abelia,대신 후작가의 이름이 제 옆에 서겠죠.
event_week_009_yuffie_3,step_event_week_009_yuffie_3,8,speaker_yuffie,맞아요. 그게 부담이라는 것도 알아요.
event_week_009_yuffie_3,step_event_week_009_yuffie_3,9,speaker_abelia,그런데도 권하나요?
event_week_009_yuffie_3,step_event_week_009_yuffie_3,10,speaker_yuffie,"네. 저는 그 부담보다, 혼자 다치는 쪽이 더 무섭다고 생각해요."
event_week_009_yuffie_4,step_event_week_009_yuffie_4,0,speaker_narrator,유피는 후작가 사람들보다 조금 떨어진 곳에 서 있었다.
event_week_009_yuffie_4,step_event_week_009_yuffie_4,1,speaker_yuffie,"오늘은 어머니의 말보다, 제 말을 먼저 드리고 싶어요."
event_week_009_yuffie_4,step_event_week_009_yuffie_4,2,speaker_abelia,유피의 말이요?
event_week_009_yuffie_4,step_event_week_009_yuffie_4,3,speaker_narrator,유피는 예법에 맞게 고개를 숙였다가 천천히 들었다.
event_week_009_yuffie_4,step_event_week_009_yuffie_4,4,speaker_yuffie,"성인식을 축하드립니다, 아벨리아 님."
event_week_009_yuffie_4,step_event_week_009_yuffie_4,5,speaker_abelia,고마워요.
event_week_009_yuffie_4,step_event_week_009_yuffie_4,6,speaker_yuffie,그리고… 후작가의 보호를 받아들이셨으면 해요.
event_week_009_yuffie_4,step_event_week_009_yuffie_4,7,speaker_abelia,유피도 그걸 바라나요?
event_week_009_yuffie_4,step_event_week_009_yuffie_4,8,speaker_yuffie,"네. 후작가의 뜻이기도 하지만, 제 마음이기도 해요."
event_week_009_yuffie_4,step_event_week_009_yuffie_4,9,speaker_abelia,후작가 안으로 들어오라는 말이군요.
event_week_009_yuffie_4,step_event_week_009_yuffie_4,10,speaker_yuffie,네. 하지만 혼자 오시라는 뜻은 아니에요.
event_week_009_yuffie_4,step_event_week_009_yuffie_4,11,speaker_narrator,유피는 손끝을 꼭 모았다.
event_week_009_yuffie_4,step_event_week_009_yuffie_4,12,speaker_yuffie,제가 같이 있을게요. 그래서 와 주셨으면 해요.
event_week_001_yuffie_blocked,step_event_week_001_yuffie_blocked,0,speaker_narrator,응접실 탁자 위에 꽃다발이 놓여 있었다.
event_week_001_yuffie_blocked,step_event_week_001_yuffie_blocked,1,speaker_abelia,꽃이다.
event_week_001_yuffie_blocked,step_event_week_001_yuffie_blocked,2,speaker_maid,후작가의 유피 님께서 보내셨습니다.
event_week_001_yuffie_blocked,step_event_week_001_yuffie_blocked,3,speaker_abelia,보내?
event_week_001_yuffie_blocked,step_event_week_001_yuffie_blocked,4,speaker_maid,직접 가져오셨습니다.
event_week_001_yuffie_blocked,step_event_week_001_yuffie_blocked,5,speaker_abelia,어딨어?
event_week_001_yuffie_blocked,step_event_week_001_yuffie_blocked,6,speaker_maid,오늘은 오래 머물지 않고 돌아가셨습니다.
event_week_001_yuffie_blocked,step_event_week_001_yuffie_blocked,7,speaker_abelia,왜?
event_week_001_yuffie_blocked,step_event_week_001_yuffie_blocked,8,speaker_maid,"오래 머물면 폐가 될까봐, 꽃만 전하고 가셨습니다."
event_week_001_yuffie_blocked,step_event_week_001_yuffie_blocked,9,speaker_narrator,아벨리아는 꽃다발을 멍하니 바라보았다.
event_week_002_yuffie_blocked,step_event_week_002_yuffie_blocked,0,speaker_narrator,탁자 위에 작은 찻잔 두 개가 놓여 있었다.
event_week_002_yuffie_blocked,step_event_week_002_yuffie_blocked,1,speaker_maid,"아가씨, 찻잔은 손잡이를 잡고 드셔야 합니다."
event_week_002_yuffie_blocked,step_event_week_002_yuffie_blocked,2,speaker_abelia,왜?
event_week_002_yuffie_blocked,step_event_week_002_yuffie_blocked,3,speaker_maid,예. 그래야 손님들 앞에서 단정해 보입니다.
event_week_002_yuffie_blocked,step_event_week_002_yuffie_blocked,4,speaker_narrator,아벨리아는 찻잔 손잡이를 잡아 보았다.
event_week_002_yuffie_blocked,step_event_week_002_yuffie_blocked,5,speaker_abelia,이렇게?
event_week_002_yuffie_blocked,step_event_week_002_yuffie_blocked,6,speaker_maid,손가락을 조금 더 가지런히 두시면 좋겠습니다.
event_week_002_yuffie_blocked,step_event_week_002_yuffie_blocked,7,speaker_abelia,이렇게?
event_week_002_yuffie_blocked,step_event_week_002_yuffie_blocked,8,speaker_maid,팔꿈치는 너무 들지 마시고요.
event_week_002_yuffie_blocked,step_event_week_002_yuffie_blocked,9,speaker_abelia,이것도?
event_week_002_yuffie_blocked,step_event_week_002_yuffie_blocked,10,speaker_maid,예. 천천히 내려놓으셔야 합니다.
event_week_002_yuffie_blocked,step_event_week_002_yuffie_blocked,11,speaker_narrator,아벨리아는 찻잔을 내려놓고 작게 한숨을 쉬었다.
event_week_002_yuffie_blocked,step_event_week_002_yuffie_blocked,12,speaker_abelia,재미없어.
event_week_002_yuffie_blocked,step_event_week_002_yuffie_blocked,13,speaker_narrator,테이블 위에 놓인 카드에는 유피의 이름이 적혀 있었다.
event_week_003_yuffie_blocked,step_event_week_003_yuffie_blocked,0,speaker_narrator,탁자 위에 축제 팜플렛이 놓여져있다.
event_week_003_yuffie_blocked,step_event_week_003_yuffie_blocked,1,speaker_maid,이번 축제에는 인형극이 열린다고 합니다.
event_week_003_yuffie_blocked,step_event_week_003_yuffie_blocked,2,speaker_abelia,무슨 이야기야?
event_week_003_yuffie_blocked,step_event_week_003_yuffie_blocked,3,speaker_maid,숲에서 길을 잃은 공주 이야기라고 합니다.
event_week_003_yuffie_blocked,step_event_week_003_yuffie_blocked,4,speaker_abelia,공주가 왜 길을 잃어?
event_week_003_yuffie_blocked,step_event_week_003_yuffie_blocked,5,speaker_maid,거기까지는 적혀 있지 않습니다.
event_week_003_yuffie_blocked,step_event_week_003_yuffie_blocked,6,speaker_narrator,"아벨리아는 팜플렛을 한참 들여다보다가, 조용히 내려놓았다."
event_week_003_yuffie_blocked,step_event_week_003_yuffie_blocked,7,speaker_abelia,생각보다 재미없어보여.
event_week_004_yuffie_blocked,step_event_week_004_yuffie_blocked,0,speaker_narrator,하녀는 아벨리아의 머리카락에 리본을 묶고 있었다.
event_week_004_yuffie_blocked,step_event_week_004_yuffie_blocked,1,speaker_maid,"고개를 조금만 숙여 주세요, 아가씨."
event_week_004_yuffie_blocked,step_event_week_004_yuffie_blocked,2,speaker_abelia,아파.
event_week_004_yuffie_blocked,step_event_week_004_yuffie_blocked,3,speaker_maid,조금만 참으시면 됩니다. 축제에 가시려면 단정해야 합니다.
event_week_004_yuffie_blocked,step_event_week_004_yuffie_blocked,4,speaker_abelia,그런데 리본이 왜이렇게 빳빳해?
event_week_004_yuffie_blocked,step_event_week_004_yuffie_blocked,5,speaker_maid,마음에 안드세요?
event_week_004_yuffie_blocked,step_event_week_004_yuffie_blocked,6,speaker_abelia,"예쁜지도 모르겠고, 답답해."
event_week_005_yuffie_blocked,step_event_week_005_yuffie_blocked,0,speaker_narrator,거울 앞에 선 아벨리아는 입꼬리를 조금 올려 보았다.
event_week_005_yuffie_blocked,step_event_week_005_yuffie_blocked,1,speaker_maid,조금만 더 부드럽게 웃으시면 좋겠습니다.
event_week_005_yuffie_blocked,step_event_week_005_yuffie_blocked,2,speaker_abelia,이렇게요?
event_week_005_yuffie_blocked,step_event_week_005_yuffie_blocked,3,speaker_maid,너무 어색합니다. 다시 해보시겠습니까?
event_week_005_yuffie_blocked,step_event_week_005_yuffie_blocked,4,speaker_abelia,웃는 것도 정해진게 있어요?
event_week_005_yuffie_blocked,step_event_week_005_yuffie_blocked,5,speaker_maid,사교 자리에서는 표정도 예법의 일부입니다.
event_week_005_yuffie_blocked,step_event_week_005_yuffie_blocked,6,speaker_narrator,"아벨리아는 다시 웃어 보였지만, 곧 입술을 다물었다."
event_week_005_yuffie_blocked,step_event_week_005_yuffie_blocked,7,speaker_maid,이번에는 너무 차가워 보입니다.
event_week_005_yuffie_blocked,step_event_week_005_yuffie_blocked,8,speaker_abelia,그럼 어떻게 웃어야 해요?
event_week_005_yuffie_blocked,step_event_week_005_yuffie_blocked,9,speaker_maid,기쁘지 않아도 기쁜 것처럼 보이셔야 합니다.
event_week_005_yuffie_blocked,step_event_week_005_yuffie_blocked,10,speaker_abelia,왜요?
event_week_005_yuffie_blocked,step_event_week_005_yuffie_blocked,11,speaker_narrator,아벨리아는 거울 속 자신의 얼굴을 바라보았다.
event_week_005_yuffie_blocked,step_event_week_005_yuffie_blocked,12,speaker_abelia,내가 불편할 때는 누가 신경써주죠?
event_week_005_yuffie_blocked,step_event_week_005_yuffie_blocked,13,speaker_narrator,거울 속 아벨리아의 입꼬리는 천천히 내려갔다.
event_week_006_yuffie_blocked,step_event_week_006_yuffie_blocked,0,speaker_narrator,하녀는 무도회장의 자리 배치도를 펼쳐 놓았다.
event_week_006_yuffie_blocked,step_event_week_006_yuffie_blocked,1,speaker_maid,아가씨께서는 이 자리에 서시면 됩니다.
event_week_006_yuffie_blocked,step_event_week_006_yuffie_blocked,2,speaker_abelia,여기에 있으면 사람들이 저만 볼 것 같아요.
event_week_006_yuffie_blocked,step_event_week_006_yuffie_blocked,3,speaker_maid,예. 황실 무도회에서는 많은 분들이 아가씨를 보실겁니다.
event_week_006_yuffie_blocked,step_event_week_006_yuffie_blocked,4,speaker_abelia,내가 뭘 안해도요?
event_week_006_yuffie_blocked,step_event_week_006_yuffie_blocked,5,speaker_maid,예. 백작위에 오르실 분이니까요.
event_week_006_yuffie_blocked,step_event_week_006_yuffie_blocked,6,speaker_abelia,부담이 되는데.. 주목을 안받는 법은 없나요?
event_week_006_yuffie_blocked,step_event_week_006_yuffie_blocked,7,speaker_maid,없습니다. 준비를 철저히 하셔야합니다.
event_week_006_yuffie_blocked,step_event_week_006_yuffie_blocked,8,speaker_abelia,알겠어요.
event_week_007_yuffie_blocked,step_event_week_007_yuffie_blocked,0,speaker_narrator,탁자 위에는 후작가에서 보낸 선물 목록이 놓여 있었다.
event_week_007_yuffie_blocked,step_event_week_007_yuffie_blocked,1,speaker_maid,후작가에서 겨울 외투와 장갑을 보내오셨습니다.
event_week_007_yuffie_blocked,step_event_week_007_yuffie_blocked,2,speaker_abelia,또요?
event_week_007_yuffie_blocked,step_event_week_007_yuffie_blocked,3,speaker_maid,예. 아가씨께 필요할 것이라며 챙겨주신 듯합니다.
event_week_007_yuffie_blocked,step_event_week_007_yuffie_blocked,4,speaker_abelia,나는 달라고 한 적 없는데.
event_week_007_yuffie_blocked,step_event_week_007_yuffie_blocked,5,speaker_maid,좋은 뜻으로 보내신 물건입니다.
event_week_007_yuffie_blocked,step_event_week_007_yuffie_blocked,6,speaker_abelia,좋은 뜻이면 다 받아야 해요?
event_week_007_yuffie_blocked,step_event_week_007_yuffie_blocked,7,speaker_maid,거절하면 실례가 될 수 있습니다.
event_week_007_yuffie_blocked,step_event_week_007_yuffie_blocked,8,speaker_abelia,"선물인데, 선물 같지가 않네요.."
event_week_007_yuffie_blocked,step_event_week_007_yuffie_blocked,9,speaker_narrator,아벨리아는 문서를 접지 못한 채 한참 바라보았다.
event_week_008_yuffie_blocked,step_event_week_008_yuffie_blocked,0,speaker_narrator,정원 담 너머로 몇 사람의 그림자가 천천히 지나갔다.
event_week_008_yuffie_blocked,step_event_week_008_yuffie_blocked,1,speaker_abelia,저 사람들은 누구죠?
event_week_008_yuffie_blocked,step_event_week_008_yuffie_blocked,2,speaker_maid,후작가에서 오신 분들입니다.
event_week_008_yuffie_blocked,step_event_week_008_yuffie_blocked,3,speaker_narrator,그중 한 소녀가 걸음을 늦추고 정원 쪽을 한 번 바라보았다.
event_week_008_yuffie_blocked,step_event_week_008_yuffie_blocked,4,speaker_abelia,...유피 님인가요?
event_week_008_yuffie_blocked,step_event_week_008_yuffie_blocked,5,speaker_maid,아마 그럴 겁니다.
event_week_008_yuffie_blocked,step_event_week_008_yuffie_blocked,6,speaker_narrator,"소녀는 잠시 멈춘 듯했지만, 곧 다른 이들과 함께 멀어졌다."
event_week_008_yuffie_blocked,step_event_week_008_yuffie_blocked,7,speaker_abelia,"이렇게 가까운데도, 인사는 못 하네요."
event_week_009_yuffie_blocked,step_event_week_009_yuffie_blocked,0,speaker_narrator,하녀는 후작가의 보호 제안이 적힌 문서를 조심스럽게 펼쳤다.
event_week_009_yuffie_blocked,step_event_week_009_yuffie_blocked,1,speaker_maid,후작가의 보호 제안이 공식적으로 언급될 예정입니다.
event_week_009_yuffie_blocked,step_event_week_009_yuffie_blocked,2,speaker_abelia,보호 제안이요?
event_week_009_yuffie_blocked,step_event_week_009_yuffie_blocked,3,speaker_maid,예. 백작가가 안정될 때까지 후작가가 곁에서 돕겠다는 뜻입니다.
event_week_009_yuffie_blocked,step_event_week_009_yuffie_blocked,4,speaker_abelia,도움이 되면 좋은 거 아닌가요?
event_week_009_yuffie_blocked,step_event_week_009_yuffie_blocked,5,speaker_maid,대체로는 그렇습니다.
event_week_009_yuffie_blocked,step_event_week_009_yuffie_blocked,6,speaker_abelia,..대체로요?
event_week_009_yuffie_blocked,step_event_week_009_yuffie_blocked,7,speaker_maid,"후작가가 돕게 되면, 더 많은 분들이 아가씨의 행동 하나하나를 지켜보게 됩니다."
event_week_009_yuffie_blocked,step_event_week_009_yuffie_blocked,8,speaker_abelia,"도와준다는 말이, 지켜본다는 말처럼 들리네요."
event_week_009_yuffie_blocked,step_event_week_009_yuffie_blocked,9,speaker_narrator,아벨리아는 문서를 내려놓지 못하고 한참 바라보았다.
event_week_001_night_dark_room,step_event_week_001_night_dark_room_intro,0,speaker_narrator,마리가 촛불 하나만 남기고 방을 나갔다. 아벨리아는 이불 끝을 두 손으로 꼭 쥐고 있었다.
event_week_001_night_dark_room,step_event_week_001_night_dark_room_intro,1,speaker_abelia,삼촌.
event_week_001_night_dark_room,step_event_week_001_night_dark_room_intro,2,speaker_abelia,불 더 키우면 안 돼?
event_week_001_night_dark_room,step_event_week_001_night_dark_room_intro,3,speaker_abelia,어두우면 무서워.
event_week_001_night_parents,step_event_week_001_night_parents_intro,0,speaker_narrator,잠시 침묵. 아벨리아는 천장을 보고 있다가 작게 입을 열었다.
event_week_001_night_parents,step_event_week_001_night_parents_intro,1,speaker_abelia,삼촌.
event_week_001_night_parents,step_event_week_001_night_parents_intro,2,speaker_abelia,엄마랑 아빠는…
event_week_001_night_parents,step_event_week_001_night_parents_intro,3,speaker_abelia,지금 뭐 하고 있을까?
event_week_002_night_mother_resemblance,step_event_week_002_night_mother_resemblance_intro,0,speaker_narrator,마리가 머리를 빗겨주고 나갔다. 아벨리아는 베개에 머리를 묻고 있다가 천천히 고개를 들었다.
event_week_002_night_mother_resemblance,step_event_week_002_night_mother_resemblance_intro,1,speaker_abelia,삼촌.
event_week_002_night_mother_resemblance,step_event_week_002_night_mother_resemblance_intro,2,speaker_abelia,오늘 다과회에서 사람들이 나 보고 엄마 닮았대.
event_week_002_night_tea_party,step_event_week_002_night_tea_party_intro,0,speaker_narrator,잠시 침묵. 아벨리아는 이불을 만지작거리다가 다시 입을 열었다.
event_week_002_night_tea_party,step_event_week_002_night_tea_party_intro,1,speaker_abelia,삼촌.
event_week_002_night_tea_party,step_event_week_002_night_tea_party_intro,2,speaker_abelia,다과회에 사람들이 너무 많았어.
event_week_002_night_tea_party,step_event_week_002_night_tea_party_intro,3,speaker_abelia,오늘 나 잘 했어?
event_week_003_night_father_book,step_event_week_003_night_father_book_intro,0,speaker_narrator,아벨리아가 서재 의자에 앉아 책을 들여다보고 있다. 너무 어려워서 글자를 따라가는 것조차 버거운 책이었다.
event_week_003_night_father_book,step_event_week_003_night_father_book_intro,1,speaker_abelia,삼촌.
event_week_003_night_father_book,step_event_week_003_night_father_book_intro,2,speaker_abelia,"이 책, 아빠가 보던 거야?"
event_week_003_night_father_book,step_event_week_003_night_father_book_intro,3,speaker_abelia,표지에 아빠 이름이 있어.
event_week_003_night_carriage_crest,step_event_week_003_night_carriage_crest_intro,0,speaker_narrator,서재 창밖으로 마차 한 대가 지나갔다. 마차 옆면에 낯선 가문 문장이 새겨져 있었다.
event_week_003_night_carriage_crest,step_event_week_003_night_carriage_crest_intro,1,speaker_abelia,삼촌.
event_week_003_night_carriage_crest,step_event_week_003_night_carriage_crest_intro,2,speaker_abelia,"저 마차 옆에 그려진 그림,"
event_week_003_night_carriage_crest,step_event_week_003_night_carriage_crest_intro,3,speaker_abelia,어느 집 거야? 우리 집 거랑 다르게 생겼어.
event_week_004_night_other_kids,step_event_week_004_night_other_kids_intro,0,speaker_narrator,정원 벤치에 나란히 앉아 있다. 정원사가 멀리서 화단을 정리하고 있다. 노을이 길어졌다.
event_week_004_night_other_kids,step_event_week_004_night_other_kids_intro,1,speaker_abelia,삼촌.
event_week_004_night_other_kids,step_event_week_004_night_other_kids_intro,2,speaker_abelia,오늘 거기서 본 애들…
event_week_004_night_other_kids,step_event_week_004_night_other_kids_intro,3,speaker_abelia,다 자기 엄마 손 잡고 있더라.
event_week_004_night_uncle_pride,step_event_week_004_night_uncle_pride_intro,0,speaker_narrator,노을이 거의 다 졌다. 정원에 등불이 하나둘 켜지기 시작했다.
event_week_004_night_uncle_pride,step_event_week_004_night_uncle_pride_intro,1,speaker_abelia,삼촌.
event_week_004_night_uncle_pride,step_event_week_004_night_uncle_pride_intro,2,speaker_abelia,오늘 축제에서 다른 부모님들은 애들을 자랑하던데
event_week_004_night_uncle_pride,step_event_week_004_night_uncle_pride_intro,3,speaker_abelia,삼촌은 어디가서 나 자랑한 적 있어?
event_week_005_night_too_many_classes,step_event_week_005_night_too_many_classes_intro,0,speaker_narrator,찻잔에서 김이 오른다. 아벨리아는 한 모금 마시고 잔을 내려놓았다. 손가락이 잔의 손잡이에서 잠시 멈췄다.
event_week_005_night_too_many_classes,step_event_week_005_night_too_many_classes_intro,1,speaker_abelia,삼촌.
event_week_005_night_too_many_classes,step_event_week_005_night_too_many_classes_intro,2,speaker_abelia,요즘 수업이 너무 많아요.
event_week_005_night_too_many_classes,step_event_week_005_night_too_many_classes_intro,3,speaker_abelia,"예법, 어학, 문장학, 가무… 하루에 다섯 개씩 들어요."
event_week_005_night_too_many_classes,step_event_week_005_night_too_many_classes_intro,4,speaker_abelia,솔직히 조금 지쳐요.
event_week_005_night_unknown_frustration,step_event_week_005_night_unknown_frustration_intro,0,speaker_narrator,"두 번째 잔이 식어가는 동안, 아벨리아는 창밖을 봤다. 정원의 나뭇가지가 아직 헐벗어 있었다."
event_week_005_night_unknown_frustration,step_event_week_005_night_unknown_frustration_intro,1,speaker_abelia,삼촌.
event_week_005_night_unknown_frustration,step_event_week_005_night_unknown_frustration_intro,2,speaker_abelia,요즘 가끔…
event_week_005_night_unknown_frustration,step_event_week_005_night_unknown_frustration_intro,3,speaker_abelia,이유 없이 답답할 때가 있어요. 뭐가 문제인지도 모르겠는데.
event_week_006_night_ball_thoughts,step_event_week_006_night_ball_thoughts_intro,0,speaker_narrator,발코니 난간에 손을 얹고 있다. 정원에서 풀 냄새가 올라온다. 아벨리아는 머리를 풀어 헤친 채였다.
event_week_006_night_ball_thoughts,step_event_week_006_night_ball_thoughts_intro,1,speaker_abelia,삼촌.
event_week_006_night_ball_thoughts,step_event_week_006_night_ball_thoughts_intro,2,speaker_abelia,오늘 무도회의 사람들…
event_week_006_night_ball_thoughts,step_event_week_006_night_ball_thoughts_intro,3,speaker_abelia,저를 보면서 무슨 생각을 했을까요?
event_week_006_night_chicken_dream,step_event_week_006_night_chicken_dream_intro,0,speaker_narrator,별이 한둘 보이기 시작했다. 무언가를 한참 망설이다가 입을 열었다.
event_week_006_night_chicken_dream,step_event_week_006_night_chicken_dream_intro,1,speaker_abelia,삼촌.
event_week_006_night_chicken_dream,step_event_week_006_night_chicken_dream_intro,2,speaker_abelia,이상한 얘기인데…
event_week_006_night_chicken_dream,step_event_week_006_night_chicken_dream_intro,3,speaker_abelia,요즘 같은 꿈을 자꾸 꿔요.
event_week_006_night_chicken_dream,step_event_week_006_night_chicken_dream_intro,4,speaker_abelia,어떤 꿈이냐면… 거대한 닭이 저를 쫓아오는 꿈이에요.
event_week_006_night_chicken_dream,step_event_week_006_night_chicken_dream_intro,5,speaker_narrator,아벨리아는 진지했다. 정말 진지했다.
event_week_006_night_chicken_dream,step_event_week_006_night_chicken_dream_intro,6,speaker_abelia,어제도 그 꿈을 꿨어요. 그저께도요.
event_week_006_night_chicken_dream,step_event_week_006_night_chicken_dream_intro,7,speaker_abelia,닭이 저보다 커요. 발이 이만해요. (손으로 크기를 보여준다)
event_week_006_night_chicken_dream,step_event_week_006_night_chicken_dream_intro,8,speaker_abelia,그게 무슨 의미가 있는 걸까요?
event_week_007_night_untold_story,step_event_week_007_night_untold_story_intro,0,speaker_narrator,서재 책상 위에 오래된 영지 결재 문서들이 펼쳐져 있다. 등불이 하나만 켜져 있다. 아벨리아는 문서가 아니라 자기 손을 보고 있었다.
event_week_007_night_untold_story,step_event_week_007_night_untold_story_intro,1,speaker_abelia,삼촌.
event_week_007_night_untold_story,step_event_week_007_night_untold_story_intro,2,speaker_abelia,어렸을 때부터 궁금한 게 있었는데…
event_week_007_night_untold_story,step_event_week_007_night_untold_story_intro,3,speaker_abelia,"아빠가 어떻게 돌아가신 건지, 아무도 저한테 제대로 말해준 적이 없어요."
event_week_007_night_untold_story,step_event_week_007_night_untold_story_intro,4,speaker_abelia,이제는 들어도 되는 나이잖아요.
event_week_007_night_unknown_mother,step_event_week_007_night_unknown_mother_intro,0,speaker_narrator,아벨리아가 가계부 한 권을 꺼냈다. 표지에 어머니 이자벨의 이름이 적혀 있었다. 글씨가 가지런했다.
event_week_007_night_unknown_mother,step_event_week_007_night_unknown_mother_intro,1,speaker_abelia,삼촌.
event_week_007_night_unknown_mother,step_event_week_007_night_unknown_mother_intro,2,speaker_abelia,저는 엄마가 어떤 사람이었는지를 몰라요.
event_week_007_night_unknown_mother,step_event_week_007_night_unknown_mother_intro,3,speaker_abelia,"닮았다는 말은 평생 들었는데, 정작 닮은 사람을 모르는 거잖아요."
event_week_007_night_unknown_mother,step_event_week_007_night_unknown_mother_intro,4,speaker_abelia,엄마는… 어떤 사람이었어요?
event_week_008_night_uncle_time,step_event_week_008_night_uncle_time_intro,0,speaker_narrator,테라스에 의자 두 개. 아벨리아는 다리를 모으고 앉아 있다. 정원의 어둠 너머에서 야경초가 흔들린다.
event_week_008_night_uncle_time,step_event_week_008_night_uncle_time_intro,1,speaker_abelia,삼촌.
event_week_008_night_uncle_time,step_event_week_008_night_uncle_time_intro,2,speaker_abelia,삼촌이 처음 여기 왔을 때…
event_week_008_night_uncle_time,step_event_week_008_night_uncle_time_intro,3,speaker_abelia,12년 전이잖아요. 저 여섯 살이었던 그 겨울이요.
event_week_008_night_uncle_time,step_event_week_008_night_uncle_time_intro,4,speaker_abelia,그때 삼촌은 무슨 생각이었어요?
event_week_008_night_sleepless_night,step_event_week_008_night_sleepless_night_intro,0,speaker_narrator,야경초가 한 번 더 흔들렸다. 멀리서 누군가 등불을 끄는 소리가 작게 들렸다.
event_week_008_night_sleepless_night,step_event_week_008_night_sleepless_night_intro,1,speaker_abelia,삼촌.
event_week_008_night_sleepless_night,step_event_week_008_night_sleepless_night_intro,2,speaker_abelia,사실은…
event_week_008_night_sleepless_night,step_event_week_008_night_sleepless_night_intro,3,speaker_abelia,"아까부터 손이 좀 떨려요. 차도 마셨고, 마리가 따뜻한 우유도 가져왔는데."
event_week_008_night_sleepless_night,step_event_week_008_night_sleepless_night_intro,4,speaker_abelia,오늘 밤 잠을 잘 수 있을까요?
story_teaparty,step_teaparty_intro,0,speaker_narrator,백작저 작은 다과회장. 낮. 둥근 테이블 위에는 작은 찻잔과 과자가 놓여 있었다.
story_teaparty,step_teaparty_intro,1,speaker_narrator,"창가 쪽에는 리안이 종이를 접고 있었고, 밀리아는 과자 접시를 유심히 보고 있었다."
story_teaparty,step_teaparty_intro,2,speaker_narrator,"막스는 의자 뒤에 서서 어른들의 눈치를 살폈고, 유피는 자기 앞의 찻잔을 두 손으로 가지런히 잡고 있었다."
story_teaparty,step_teaparty_intro,3,speaker_narrator,"아벨리아가 들어오자, 네 아이의 시선이 잠깐 아벨리아에게 모였다가 흩어졌다."
story_teaparty,step_teaparty_intro,4,speaker_narrator,"아벨리아는 자기 이름이 적힌 자리를 찾았다. 테이블 한가운데는 너무 조용했고, 과자는 너무 예쁘게 놓여 있었다."
story_teaparty,step_teaparty_intro,5,speaker_abelia,…여기 앉으면 되는 거야?
story_teaparty,step_teaparty_intro,6,speaker_millia,응. 이름이 있으니까!
story_teaparty,step_teaparty_intro,7,speaker_max,의자가 높으면 말해. 밀어줄게.
story_teaparty,step_teaparty_intro,8,speaker_rian,…나도 아직 안 앉았어.
story_teaparty,step_teaparty_intro,9,speaker_narrator,리안은 접던 종이를 내려놓고 의자에 앉았다. 아벨리아도 천천히 자리에 앉았다.
story_teaparty,step_teaparty_rian_check,0,speaker_narrator,"자리에 앉은 뒤에도 리안은 접던 종이를 손끝으로 만지고 있었다. 종이는 새 같기도 하고, 배 같기도 했다."
story_teaparty,step_teaparty_rian_success,0,speaker_abelia,그거 뭐야?
story_teaparty,step_teaparty_rian_success,1,speaker_rian,그냥 접었어. 아직 이름은 없어.
story_teaparty,step_teaparty_rian_success,2,speaker_abelia,그럼 작은 새.
story_teaparty,step_teaparty_rian_success,3,speaker_rian,새?
story_teaparty,step_teaparty_rian_success,4,speaker_abelia,응. 날아가면 좋잖아.
story_teaparty,step_teaparty_rian_success,5,speaker_rian,그럼 작은 새야.
story_teaparty,step_teaparty_rian_fail,0,speaker_abelia,…
story_teaparty,step_teaparty_rian_fail,1,speaker_narrator,아벨리아는 물어보려다가 입을 다물었다. 리안은 종이를 몇 번 더 만지작거리다가 조심스럽게 주머니에 넣었다.
story_teaparty,step_teaparty_yuffie_check,0,speaker_narrator,"아벨리아가 찻잔을 들자, 받침이 작게 흔들렸다."
story_teaparty,step_teaparty_yuffie_check,1,speaker_servant,손을 조금 더 아래에 두면 좋겠군요.
story_teaparty,step_teaparty_yuffie_success,0,speaker_abelia,다시 해볼게요.
story_teaparty,step_teaparty_yuffie_success,1,speaker_narrator,아벨리아는 두 손으로 찻잔을 잡고 천천히 들어 올렸다.
story_teaparty,step_teaparty_yuffie_success,2,speaker_abelia,이렇게?
story_teaparty,step_teaparty_yuffie_success,3,speaker_servant,네. 그게 좋습니다.
story_teaparty,step_teaparty_yuffie_success,4,speaker_yuffie,잘했어요.
story_teaparty,step_teaparty_yuffie_success,5,speaker_abelia,틀리면 다시 하면 돼요?
story_teaparty,step_teaparty_yuffie_success,6,speaker_yuffie,네. 다시 하면 돼요.
story_teaparty,step_teaparty_yuffie_fail,0,speaker_yuffie,두 손으로 다시 들어도 돼요.
story_teaparty,step_teaparty_yuffie_fail,1,speaker_abelia,이렇게?
story_teaparty,step_teaparty_yuffie_fail,2,speaker_yuffie,네. 그렇게요.
story_teaparty,step_teaparty_yuffie_fail,3,speaker_servant,네. 그게 좋습니다.
story_teaparty,step_teaparty_yuffie_fail,4,speaker_abelia,고마워.
story_teaparty,step_teaparty_yuffie_fail,5,speaker_yuffie,괜찮아요. 처음엔 어려워요.
story_teaparty,step_teaparty_max_check,0,speaker_narrator,그때 맞은편에 있던 밀리아가 찻잔을 들다가 차를 조금 흘렸다.
story_teaparty,step_teaparty_max_check,1,speaker_millia,아…
story_teaparty,step_teaparty_max_check,2,speaker_yuffie,그렇게 들면…
story_teaparty,step_teaparty_max_success,0,speaker_abelia,괜찮아. 흘릴 수도 있잖아.
story_teaparty,step_teaparty_max_success,1,speaker_abelia,닦을 거 줘.
story_teaparty,step_teaparty_max_success,2,speaker_max,맞아. 닦으면 돼.
story_teaparty,step_teaparty_max_success,3,speaker_yuffie,…다시 들면 돼요.
story_teaparty,step_teaparty_max_fail,0,speaker_narrator,"테이블 위가 잠깐 조용해졌다. 아벨리아는 손을 움찔했지만, 바로 말하지 못했다."
story_teaparty,step_teaparty_max_fail,1,speaker_max,괜찮아. 흘릴 수도 있잖아.
story_teaparty,step_teaparty_max_fail,2,speaker_narrator,막스는 손수건을 집어 밀리아 쪽으로 밀어주었다.
story_teaparty,step_teaparty_max_fail,3,speaker_abelia,닦을거.. 줘
story_teaparty,step_teaparty_millia_check,0,speaker_narrator,"꽃 모양 과자가 접시에 올랐다. 아주 예뻤지만, 한입 먹은 아이들의 얼굴이 조금 굳었다."
story_teaparty,step_teaparty_millia_check,1,speaker_servant,"예쁘지요, 아가씨?"
story_teaparty,step_teaparty_millia_success,0,speaker_abelia,예뻐. 그런데 이게 더 맛있어.
story_teaparty,step_teaparty_millia_success,1,speaker_narrator,아벨리아는 옆에 있던 작은 과자를 가리켰다.
story_teaparty,step_teaparty_millia_success,2,speaker_millia,맞아! 저 꽃 과자는 예쁘기만 해.
story_teaparty,step_teaparty_millia_success,3,speaker_abelia,예쁜 거랑 맛있는 건 달라.
story_teaparty,step_teaparty_millia_success,4,speaker_narrator,"어른은 잠깐 당황했지만, 곧 다른 과자를 접시에 올려 주었다."
story_teaparty,step_teaparty_millia_fail,0,speaker_abelia,…예뻐.
story_teaparty,step_teaparty_millia_fail,1,speaker_servant,그렇지요.
story_teaparty,step_teaparty_millia_fail,2,speaker_millia,맛은 별론데.
story_teaparty,step_teaparty_millia_fail,3,speaker_narrator,아벨리아는 그 말을 들었다. 하지만 다시 말하지 않았다. 대신 옆에 있던 작은 과자를 한 번 더 바라보았다.
story_teaparty,step_teaparty_outro,0,speaker_narrator,"다과회가 끝날 때쯤, 찻잔은 한 번 더 채워졌다. 아벨리아는 자기 앞의 잔을 바라보다가 네 아이를 차례로 보았다."
story_teaparty,step_teaparty_outro,1,speaker_narrator,"아이들은 잠깐 서로를 보았다. 그리고 아주 작게 웃었다. 아벨리아는 조금 전보다 천천히, 하지만 스스로 찻잔을 들었다."
story_teaparty,step_teaparty_outro,2,speaker_narrator,"다과회는 끝났다. 찻잔은 조금 식어 있었지만, 아벨리아는 그대로 남겨두고 싶지 않았다."
story_teaparty,step_teaparty_outro,3,speaker_abelia,"이거, 조금 더 마시고 가도 돼?"
story_festival_street,step_festival_street_intro,0,speaker_narrator,후작가 영지의 축제 거리. 낮.
story_festival_street,step_festival_street_intro,1,speaker_narrator,후작가 영지의 거리는 백작저의 앞길보다 훨씬 넓었다. 사람들은 가판대와 공연대 사이를 오가며 웃고 떠들었다.
story_festival_street,step_festival_street_intro,2,speaker_narrator,아벨리아는 거리 초입에서 걸음을 멈춰 섰다. 어디부터 봐야 할지 알 수 없었다.
story_festival_street,step_festival_street_intro,3,speaker_abelia,…사람이 많네.
story_festival_street,step_festival_street_intro,4,speaker_narrator,아무도 바로 대답하지 않았다.
story_festival_street,step_festival_street_intro,5,speaker_narrator,"밀리아는 베르디아 상단의 상자 옆에 있었고, 막스는 가문 어른들 곁에 있었다."
story_festival_street,step_festival_street_intro,6,speaker_narrator,유피는 후작가 사람들 사이에서 손님을 맞이하고 있었다.
story_festival_street,step_festival_street_intro,7,speaker_narrator,"리안은 축제 거리 끝, 조금 조용해 보이는 길목에 서 있었다."
story_festival_street,step_festival_street_intro,8,speaker_narrator,아벨리아는 네 사람이 같은 축제 안에서도 서로 다른 자리에 서 있다는 걸 깨달았다.
story_festival_street,step_festival_street_rian_success,0,speaker_narrator,아벨리아는 리안이 서 있는 조용한 길목으로 향했다. 음악 소리가 작아졌고 가판대 숫자도 줄었다.
story_festival_street,step_festival_street_rian_success,1,speaker_abelia,저쪽은 뭐가 있어?
story_festival_street,step_festival_street_rian_success,2,speaker_rian,돌아가는 길이야.
story_festival_street,step_festival_street_rian_success,3,speaker_abelia,이쪽 길은 축제 중이 아니야?
story_festival_street,step_festival_street_rian_success,4,speaker_rian,맞아. 그래서 저쪽은 조용해.
story_festival_street,step_festival_street_rian_success,5,speaker_narrator,아벨리아는 붐비는 거리와 조용한 길목을 번갈아 보았다.
story_festival_street,step_festival_street_rian_success,6,speaker_abelia,잠깐만 봐도 돼?
story_festival_street,step_festival_street_rian_success,7,speaker_rian,응. 멀리 가지는 말고.
story_festival_street,step_festival_street_rian_success,8,speaker_narrator,아벨리아는 조용한 길목을 몇 걸음 걸었다. 축제 소리가 조금 작아졌다.
story_festival_street,step_festival_street_rian_success,9,speaker_narrator,곧 공연대 쪽에서 북소리가 울렸다. 사람들의 흐름이 다시 한쪽으로 몰리기 시작했다.
story_festival_street,step_festival_street_rian_fail,0,speaker_narrator,"아벨리아는 리안이 서 있는 조용한 길목을 보았다. 그쪽은 사람도 적고, 음악 소리도 작았다."
story_festival_street,step_festival_street_rian_fail,1,speaker_abelia,…
story_festival_street,step_festival_street_rian_fail,2,speaker_narrator,"아벨리아는 리안에게 가고 싶었지만, 공연대로 향하는 인파에 휩쓸리고 말았다."
story_festival_street,step_festival_street_max_success,0,speaker_narrator,"공연대 쪽으로 사람들이 몰리자, 아벨리아의 어깨가 살짝 밀렸다."
story_festival_street,step_festival_street_max_success,1,speaker_narrator,막스가 가문 어른들 곁에서 아벨리아 쪽을 보았다.
story_festival_street,step_festival_street_max_success,2,speaker_abelia,잠깐만.
story_festival_street,step_festival_street_max_success,3,speaker_narrator,아벨리아는 사람들 사이에서 한 걸음 옆으로 비켜 섰다.
story_festival_street,step_festival_street_max_success,4,speaker_abelia,여기서 기다릴래. 사람이 너무 많아.
story_festival_street,step_festival_street_max_success,5,speaker_narrator,"막스는 더 다가오지 않고, 아벨리아가 선 자리를 확인했다."
story_festival_street,step_festival_street_max_success,6,speaker_max,거기 괜찮아?
story_festival_street,step_festival_street_max_success,7,speaker_abelia,응. 여기서 기다리면 좋을 것 같아.
story_festival_street,step_festival_street_max_success,8,speaker_max,알겠어. 밀리면 말해.
story_festival_street,step_festival_street_max_success,9,speaker_narrator,"공연이 시작되자, 후작가 사람들이 손님석 쪽으로 아이들을 안내했다."
story_festival_street,step_festival_street_max_fail,0,speaker_narrator,"공연대 쪽으로 사람들이 몰리자, 아벨리아의 어깨가 살짝 밀렸다."
story_festival_street,step_festival_street_max_fail,1,speaker_narrator,막스가 가문 어른들 곁에서 빠르게 다가왔다.
story_festival_street,step_festival_street_max_fail,2,speaker_max,이쪽이 덜 밀려.
story_festival_street,step_festival_street_max_fail,3,speaker_narrator,막스는 사람들 사이에서 빈자리를 가리켰다.
story_festival_street,step_festival_street_max_fail,4,speaker_abelia,여기?
story_festival_street,step_festival_street_max_fail,5,speaker_max,응. 여기 서면 덜 밀려.
story_festival_street,step_festival_street_max_fail,6,speaker_narrator,아벨리아는 막스가 가리킨 자리로 옮겼다.
story_festival_street,step_festival_street_max_fail,7,speaker_abelia,고마워.
story_festival_street,step_festival_street_max_fail,8,speaker_narrator,"공연이 시작되자, 후작가 사람들이 손님석 쪽으로 아이들을 안내했다."
story_festival_street,step_festival_street_yuffie_success,0,speaker_narrator,"후작가 사람들이 마련한 손님석은 그늘이 좋고, 공연대도 잘 보였다."
story_festival_street,step_festival_street_yuffie_success,1,speaker_narrator,작은 표식에는 아벨리아의 이름이 적혀 있었다.
story_festival_street,step_festival_street_yuffie_success,2,speaker_abelia,여기도 내 이름이 있네.
story_festival_street,step_festival_street_yuffie_success,3,speaker_yuffie,후작가에서 준비한 자리예요.
story_festival_street,step_festival_street_yuffie_success,4,speaker_abelia,좋은 자리야.
story_festival_street,step_festival_street_yuffie_success,5,speaker_yuffie,네. 어머니가 신경 썼어요.
story_festival_street,step_festival_street_yuffie_success,6,speaker_narrator,아벨리아는 이름표를 바라보다가 자리에 앉지 않았다.
story_festival_street,step_festival_street_yuffie_success,7,speaker_abelia,그런데 내가 고른 자리는 아니네.
story_festival_street,step_festival_street_yuffie_success,8,speaker_narrator,유피는 바로 대답하지 못했다.
story_festival_street,step_festival_street_yuffie_success,9,speaker_yuffie,그래도 편한 자리예요.
story_festival_street,step_festival_street_yuffie_success,10,speaker_abelia,응. 편한데… 조금 이상해.
story_festival_street,step_festival_street_yuffie_success,11,speaker_narrator,공연이 끝나자 사람들은 다시 거리로 흩어졌다. 손님석 옆에는 베르디아 상단의 가판대가 있었다.
story_festival_street,step_festival_street_yuffie_fail,0,speaker_narrator,"후작가 사람들이 마련한 손님석은 그늘이 좋고, 공연대도 잘 보였다."
story_festival_street,step_festival_street_yuffie_fail,1,speaker_narrator,작은 표식에는 아벨리아의 이름이 적혀 있었다.
story_festival_street,step_festival_street_yuffie_fail,2,speaker_yuffie,여기가 아벨리아 자리예요.
story_festival_street,step_festival_street_yuffie_fail,3,speaker_abelia,내 자리?
story_festival_street,step_festival_street_yuffie_fail,4,speaker_yuffie,네. 어머니가 준비했어요.
story_festival_street,step_festival_street_yuffie_fail,5,speaker_narrator,아벨리아는 이름표를 보고 조용히 자리에 앉았다.
story_festival_street,step_festival_street_yuffie_fail,6,speaker_abelia,좋은 자리네.
story_festival_street,step_festival_street_yuffie_fail,7,speaker_yuffie,네. 잘 보일 거예요.
story_festival_street,step_festival_street_yuffie_fail,8,speaker_narrator,아벨리아는 고개를 끄덕였다. 그 자리가 왜 자신에게 준비되었는지는 묻지 않았다.
story_festival_street,step_festival_street_yuffie_fail,9,speaker_narrator,공연이 끝나자 사람들은 다시 거리로 흩어졌다. 손님석 옆에는 베르디아 상단의 가판대가 있었다.
story_festival_street,step_festival_street_millia_success,0,speaker_narrator,베르디아 상단의 가판대에는 작은 장식품들이 줄지어 놓여 있었다.
story_festival_street,step_festival_street_millia_success,1,speaker_narrator,상인이 반짝이는 머리장식을 아벨리아 쪽으로 내밀었다.
story_festival_street,step_festival_street_millia_success,2,speaker_npc2,아가씨께 잘 어울릴 겁니다. 제일 고운 물건이지요.
story_festival_street,step_festival_street_millia_success,3,speaker_narrator,"아벨리아는 장식을 받아 들었다. 앞은 반짝였지만, 뒤쪽 매듭은 조금 헐거웠다."
story_festival_street,step_festival_street_millia_success,4,speaker_abelia,예쁘긴 해.
story_festival_street,step_festival_street_millia_success,5,speaker_npc2,그렇지요.
story_festival_street,step_festival_street_millia_success,6,speaker_abelia,그런데 금방 풀릴 것 같아.
story_festival_street,step_festival_street_millia_success,7,speaker_narrator,밀리아가 고개를 들었다.
story_festival_street,step_festival_street_millia_success,8,speaker_millia,어디?
story_festival_street,step_festival_street_millia_success,9,speaker_abelia,여기. 묶은 데가 약해.
story_festival_street,step_festival_street_millia_success,10,speaker_millia,맞아. 이건 오래 못 쓰겠다.
story_festival_street,step_festival_street_millia_success,11,speaker_narrator,"상인은 잠깐 웃음을 멈췄다가, 다른 장식을 꺼냈다."
story_festival_street,step_festival_street_millia_fail,0,speaker_narrator,베르디아 상단의 가판대에는 작은 장식품들이 줄지어 놓여 있었다.
story_festival_street,step_festival_street_millia_fail,1,speaker_narrator,상인이 반짝이는 머리장식을 아벨리아 쪽으로 내밀었다.
story_festival_street,step_festival_street_millia_fail,2,speaker_npc2,아가씨께 잘 어울릴 겁니다. 제일 고운 물건이지요.
story_festival_street,step_festival_street_millia_fail,3,speaker_narrator,아벨리아는 장식을 받아 들었다.
story_festival_street,step_festival_street_millia_fail,4,speaker_abelia,…예쁘다.
story_festival_street,step_festival_street_millia_fail,5,speaker_narrator,밀리아가 장식을 힐끗 보았다.
story_festival_street,step_festival_street_millia_fail,6,speaker_millia,그거 뒤가 약해.
story_festival_street,step_festival_street_millia_fail,7,speaker_abelia,뒤?
story_festival_street,step_festival_street_millia_fail,8,speaker_millia,여기. 금방 풀릴걸.
story_festival_street,step_festival_street_millia_fail,9,speaker_narrator,아벨리아는 장식을 다시 내려다보았다.
story_festival_street,step_festival_street_millia_fail,10,speaker_abelia,이런 것도 봐야 하는구나.
story_festival_street,step_festival_street_outro,0,speaker_narrator,후작가 영지의 축제 거리. 해질 무렵.
story_festival_street,step_festival_street_outro,1,speaker_narrator,아벨리아는 오늘 지나온 길을 돌아보았다.
story_festival_street,step_festival_street_outro,2,speaker_narrator,"조용한 길목, 붐비는 공연대 앞, 이름이 적힌 좋은 자리, 반짝이는 가판대."
story_festival_street,step_festival_street_outro,3,speaker_abelia,다음에는…
story_festival_street,step_festival_street_outro,4,speaker_narrator,아벨리아는 후작가의 축제 거리를 다시 보았다.
story_festival_street,step_festival_street_outro,5,speaker_abelia,내가 먼저 보고 싶은 데를 말해도 돼?
story_festival_street,step_festival_street_outro,6,speaker_narrator,"아무도 대답하지 않았지만, 아벨리아는 고개를 숙이지 않았다."
story_festival_street,step_festival_street_outro,7,speaker_narrator,"마차에 오르기 전, 아벨리아는 축제 거리를 한 번 더 바라보았다."
story_imperial_ball,step_imperial_ball_intro,0,speaker_narrator,황실 무도회장 입구. 저녁.
story_imperial_ball,step_imperial_ball_intro,1,speaker_narrator,"황실 무도회장은 백작저의 홀보다 훨씬 높고 밝았다. 
샹들리에 불빛이 바닥에 길게 비쳤고, 사람들은 서로의 가문을 먼저 물었다."
story_imperial_ball,step_imperial_ball_intro,2,speaker_narrator,"아벨리아는 입구 앞에서 잠깐 멈춰 섰다. 누구를 먼저 봐야 할지보다, 어디에 서 있어야 할지부터 어려웠다."
story_imperial_ball,step_imperial_ball_intro,3,speaker_narrator,"리안은 황실 사람들 가까이에 서 있었고, 막스는 무도회 순서를 확인하는 사람들 곁에 있었다."
story_imperial_ball,step_imperial_ball_intro,4,speaker_narrator,"유피는 귀족 아이들 사이에서 조용히 인사를 나누고 있었고, 밀리아는 베르디아 상단의 납품 물품이 놓인 테이블 옆에 서 있었다."
story_imperial_ball,step_imperial_ball_intro,5,speaker_narrator,아벨리아는 이곳에서는 모두가 이름보다 먼저 자리를 갖는다는 걸 느꼈다.
story_imperial_ball,step_imperial_ball_rian_success,0,speaker_narrator,황실 시종이 리안에게 다가와 낮게 고개를 숙였다.
story_imperial_ball,step_imperial_ball_rian_success,1,speaker_servant,"리안 엘바론 님, 이쪽으로 오시지요."
story_imperial_ball,step_imperial_ball_rian_success,2,speaker_narrator,리안은 잠깐 멈췄다가 시종을 따라가려 했다.
story_imperial_ball,step_imperial_ball_rian_success,3,speaker_narrator,아벨리아는 그 이름을 듣고 리안을 바라보았다.
story_imperial_ball,step_imperial_ball_rian_success,4,speaker_abelia,엘바론이요?
story_imperial_ball,step_imperial_ball_rian_success,5,speaker_narrator,리안은 걸음을 멈췄다.
story_imperial_ball,step_imperial_ball_rian_success,6,speaker_rian,오늘은 그렇게 불려야 하나 봐요.
story_imperial_ball,step_imperial_ball_rian_success,7,speaker_abelia,저는 뭐라고 부르면 돼요?
story_imperial_ball,step_imperial_ball_rian_success,8,speaker_narrator,리안은 바로 대답하지 못했다.
story_imperial_ball,step_imperial_ball_rian_success,9,speaker_rian,둘이 있을 때는… 리안이면 좋겠어요.
story_imperial_ball,step_imperial_ball_rian_success,10,speaker_abelia,그럼 지금은 리안이에요.
story_imperial_ball,step_imperial_ball_rian_success,11,speaker_narrator,리안은 아주 작게 웃었다.
story_imperial_ball,step_imperial_ball_rian_fail,0,speaker_narrator,황실 시종이 리안에게 다가와 낮게 고개를 숙였다.
story_imperial_ball,step_imperial_ball_rian_fail,1,speaker_servant,"엘바론 님, 이쪽으로 오시지요."
story_imperial_ball,step_imperial_ball_rian_fail,2,speaker_narrator,리안은 잠깐 멈췄다가 시종을 따라갔다.
story_imperial_ball,step_imperial_ball_rian_fail,3,speaker_narrator,아벨리아는 그 이름을 들었지만 묻지 못했다.
story_imperial_ball,step_imperial_ball_rian_fail,4,speaker_abelia,…
story_imperial_ball,step_imperial_ball_rian_fail,5,speaker_narrator,리안은 황실 사람들 사이로 들어갔다. 아벨리아는 그 이름이 왜 리안에게 붙었는지 알 수 없었다.
story_imperial_ball,step_imperial_ball_yuffie_success,0,speaker_narrator,한 귀족 부인이 아벨리아에게 다가와 부드럽게 웃었다.
story_imperial_ball,step_imperial_ball_yuffie_success,1,speaker_npc2,"오늘 무도회는 마음에 드시나요, 아가씨?"
story_imperial_ball,step_imperial_ball_yuffie_success,2,speaker_narrator,"말은 가벼웠지만, 주변의 시선이 함께 따라왔다."
story_imperial_ball,step_imperial_ball_yuffie_success,3,speaker_narrator,유피가 멀리서 찻잔을 천천히 내려놓았다. 미리 정한 신호였다.
story_imperial_ball,step_imperial_ball_yuffie_success,4,speaker_abelia,아직은 잘 모르겠어요.
story_imperial_ball,step_imperial_ball_yuffie_success,5,speaker_npc2,모르겠다?
story_imperial_ball,step_imperial_ball_yuffie_success,6,speaker_abelia,"네. 처음 온 자리라서, 조금 더 보고 싶어요."
story_imperial_ball,step_imperial_ball_yuffie_success,7,speaker_narrator,귀족 부인은 잠시 아벨리아를 보다가 웃었다.
story_imperial_ball,step_imperial_ball_yuffie_success,8,speaker_npc2,신중하시군요.
story_imperial_ball,step_imperial_ball_yuffie_success,9,speaker_narrator,유피는 작게 숨을 내쉬었다.
story_imperial_ball,step_imperial_ball_yuffie_fail,0,speaker_narrator,한 귀족 부인이 아벨리아에게 다가와 부드럽게 웃었다.
story_imperial_ball,step_imperial_ball_yuffie_fail,1,speaker_npc2,"오늘 무도회는 마음에 드시나요, 아가씨?"
story_imperial_ball,step_imperial_ball_yuffie_fail,2,speaker_narrator,"말은 가벼웠지만, 주변의 시선이 함께 따라왔다."
story_imperial_ball,step_imperial_ball_yuffie_fail,3,speaker_narrator,아벨리아는 바로 대답하지 못했다.
story_imperial_ball,step_imperial_ball_yuffie_fail,4,speaker_yuffie,"처음 오신 자리라, 아직 둘러보고 계세요."
story_imperial_ball,step_imperial_ball_yuffie_fail,5,speaker_narrator,유피가 조심스럽게 대신 말했다.
story_imperial_ball,step_imperial_ball_yuffie_fail,6,speaker_narrator,"귀족 부인은 고개를 끄덕였고, 아벨리아는 그제야 작게 숨을 쉬었다."
story_imperial_ball,step_imperial_ball_yuffie_fail,7,speaker_abelia,…고마워요.
story_imperial_ball,step_imperial_ball_yuffie_fail,8,speaker_yuffie,괜찮아요. 이런 말은 천천히 대답해도 돼요.
story_imperial_ball,step_imperial_ball_max_success,0,speaker_narrator,"첫 춤 순서가 가까워지자, 아이들이 하나둘 무도회장 가운데로 나갔다."
story_imperial_ball,step_imperial_ball_max_success,1,speaker_narrator,아벨리아는 바닥에 그어진 원형 무늬를 보았다. 그 안으로 들어가면 모두의 시선이 모일 것 같았다.
story_imperial_ball,step_imperial_ball_max_success,2,speaker_narrator,막스가 조금 떨어진 곳에서 기다리고 있었다.
story_imperial_ball,step_imperial_ball_max_success,3,speaker_max,괜찮으세요?
story_imperial_ball,step_imperial_ball_max_success,4,speaker_abelia,괜찮지는 않아요. 그래도 겁내지 않을게요.
story_imperial_ball,step_imperial_ball_max_success,5,speaker_narrator,아벨리아가 먼저 한 걸음 앞으로 나섰다.
story_imperial_ball,step_imperial_ball_max_success,6,speaker_narrator,막스는 그제야 손을 내밀었다.
story_imperial_ball,step_imperial_ball_max_success,7,speaker_max,제가 맞출게요.
story_imperial_ball,step_imperial_ball_max_success,8,speaker_abelia,네. 천천히요.
story_imperial_ball,step_imperial_ball_max_fail,0,speaker_narrator,"첫 춤 순서가 가까워지자, 아이들이 하나둘 무도회장 가운데로 나갔다."
story_imperial_ball,step_imperial_ball_max_fail,1,speaker_narrator,아벨리아는 바닥에 그어진 원형 무늬 앞에서 발을 멈췄다.
story_imperial_ball,step_imperial_ball_max_fail,2,speaker_max,괜찮으세요?
story_imperial_ball,step_imperial_ball_max_fail,3,speaker_abelia,잘 모르겠어요.
story_imperial_ball,step_imperial_ball_max_fail,4,speaker_narrator,막스는 잠시 기다렸다가 손을 내밀었다.
story_imperial_ball,step_imperial_ball_max_fail,5,speaker_max,천천히 가면 돼요.
story_imperial_ball,step_imperial_ball_max_fail,6,speaker_narrator,"아벨리아는 막스의 손을 보고, 조심스럽게 잡았다."
story_imperial_ball,step_imperial_ball_max_fail,7,speaker_abelia,…넘어지면요?
story_imperial_ball,step_imperial_ball_max_fail,8,speaker_max,제가 맞출게요.
story_imperial_ball,step_imperial_ball_millia_success,0,speaker_narrator,"춤이 끝난 뒤, 무도회장 옆 테이블에는 작은 선물들이 놓여 있었다."
story_imperial_ball,step_imperial_ball_millia_success,1,speaker_narrator,베르디아 상단의 장식 상자도 그중 하나였다.
story_imperial_ball,step_imperial_ball_millia_success,2,speaker_narrator,한 귀족 아이가 작은 브로치를 아벨리아에게 내밀었다.
story_imperial_ball,step_imperial_ball_millia_success,3,speaker_npc2,기념품이에요. 받으셔도 돼요.
story_imperial_ball,step_imperial_ball_millia_success,4,speaker_narrator,아벨리아는 브로치를 받아 들었다. 뒤쪽에는 작은 상단 인장이 찍혀 있었다.
story_imperial_ball,step_imperial_ball_millia_success,5,speaker_abelia,이건 베르디아 상단 물건이네요.
story_imperial_ball,step_imperial_ball_millia_success,6,speaker_npc2,네?
story_imperial_ball,step_imperial_ball_millia_success,7,speaker_abelia,"기념품인데, 왜 상단 표시가 있죠?"
story_imperial_ball,step_imperial_ball_millia_success,8,speaker_narrator,밀리아가 테이블 옆에서 고개를 들었다.
story_imperial_ball,step_imperial_ball_millia_success,9,speaker_millia,맞아요. 이런 건 누가 줬는지가 더 중요해요.
story_imperial_ball,step_imperial_ball_millia_success,10,speaker_narrator,아벨리아는 브로치를 다시 테이블 위에 놓았다.
story_imperial_ball,step_imperial_ball_millia_success,11,speaker_abelia,그럼 지금은 안 받을게요.
story_imperial_ball,step_imperial_ball_millia_fail,0,speaker_narrator,"춤이 끝난 뒤, 무도회장 옆 테이블에는 작은 선물들이 놓여 있었다."
story_imperial_ball,step_imperial_ball_millia_fail,1,speaker_narrator,베르디아 상단의 장식 상자도 그중 하나였다.
story_imperial_ball,step_imperial_ball_millia_fail,2,speaker_narrator,한 귀족 아이가 작은 브로치를 아벨리아에게 내밀었다.
story_imperial_ball,step_imperial_ball_millia_fail,3,speaker_npc2,기념품이에요. 받으셔도 돼요.
story_imperial_ball,step_imperial_ball_millia_fail,4,speaker_narrator,아벨리아는 브로치를 받아 들었다.
story_imperial_ball,step_imperial_ball_millia_fail,5,speaker_abelia,고마워요.
story_imperial_ball,step_imperial_ball_millia_fail,6,speaker_narrator,밀리아가 테이블 옆에서 작게 말했다.
story_imperial_ball,step_imperial_ball_millia_fail,7,speaker_millia,뒤쪽 한번 봐요.
story_imperial_ball,step_imperial_ball_millia_fail,8,speaker_abelia,뒤쪽이요?
story_imperial_ball,step_imperial_ball_millia_fail,9,speaker_narrator,브로치 뒤에는 작은 상단 인장이 찍혀 있었다.
story_imperial_ball,step_imperial_ball_millia_fail,10,speaker_abelia,그래서 여기 놓여 있었던 거군요.
story_imperial_ball,step_imperial_ball_outro,0,speaker_narrator,황실 무도회장 입구. 밤.
story_imperial_ball,step_imperial_ball_outro,1,speaker_narrator,"무도회가 끝날 무렵, 샹들리에 불빛은 처음보다 조금 낮아 보였다."
story_imperial_ball,step_imperial_ball_outro,2,speaker_narrator,아벨리아는 오늘 지나온 자리를 돌아보았다.
story_imperial_ball,step_imperial_ball_outro,3,speaker_narrator,"낯선 호칭으로 불린 리안, 대답을 기다리던 시선, 모두가 보는 춤 자리, 인장이 찍힌 선물."
story_imperial_ball,step_imperial_ball_outro,4,speaker_narrator,"모두 반짝였고, 모두 그냥 지나칠 수 없었다."
story_imperial_ball,step_imperial_ball_outro,5,speaker_abelia,다음에는…
story_imperial_ball,step_imperial_ball_outro,6,speaker_narrator,아벨리아는 닫히기 시작한 무도회장 문을 바라보았다.
story_imperial_ball,step_imperial_ball_outro,7,speaker_abelia,"바로 대답하지 말고, 먼저 볼래요."
story_imperial_ball,step_imperial_ball_outro,8,speaker_narrator,이번에는 그 말이 아주 작게만 들리지는 않았다.
story_eve_celebration,step_eve_celebration_intro,0,speaker_narrator,"백작저의 대연회실에는 촛불과 꽃장식이 놓여 있었다. 
익숙한 홀인데도, 오늘은 손님들이 들어오자 낯선 장소처럼 보였다."
story_eve_celebration,step_eve_celebration_intro,1,speaker_narrator,"테이블마다 이름표가 놓였고, 편지들과 선물 상자가 한쪽에 쌓여 있었다."
story_eve_celebration,step_eve_celebration_intro,2,speaker_narrator,"아벨리아는 홀 입구에 서서 안쪽을 바라보았다. 
내일 자신의 이름으로 열릴 자리가, 벌써 다른 사람들의 이름으로 채워지고 있었다."
story_eve_celebration,step_eve_celebration_intro,3,speaker_abelia,"전야제인데, 벌써 끝난 것 같네요."
story_eve_celebration,step_eve_celebration_intro,4,speaker_narrator,"리안은 황실 사람들 가까이에 있었고, 막스는 가문 어른들 곁에서 자리표를 확인하고 있었다."
story_eve_celebration,step_eve_celebration_intro,5,speaker_narrator,"밀리아는 베르디아 상단의 선물 상자 옆에서 물품 목록을 살피고 있었고, 유피는 후작가에서 보낸 의전 안내서를 들고 있었다."
story_eve_celebration,step_eve_celebration_intro,6,speaker_narrator,아벨리아는 오늘 밤 자신에게 오는 것이 축하만은 아니라는 걸 느꼈다.
story_eve_celebration,step_eve_celebration_rian_success,0,speaker_narrator,황실 문장이 찍힌 축하서신이 은쟁반 위에 놓여 있었다.
story_eve_celebration,step_eve_celebration_rian_success,1,speaker_narrator,"리안은 그것이 아벨리아에게 전해지기 전, 문장 부분을 바라보고 있었다."
story_eve_celebration,step_eve_celebration_rian_success,2,speaker_abelia,황실에서 온 거예요?
story_eve_celebration,step_eve_celebration_rian_success,3,speaker_rian,네. 아벨리아님이 성인이 된 것을 축하하는 축하 서신입니다.
story_eve_celebration,step_eve_celebration_rian_success,4,speaker_abelia,축하 서신이라고요?
story_eve_celebration,step_eve_celebration_rian_success,5,speaker_rian,네. 하지만 축하만 적혀 있지는 않을 거예요.
story_eve_celebration,step_eve_celebration_rian_success,6,speaker_narrator,아벨리아는 서신을 바라보았다.
story_eve_celebration,step_eve_celebration_rian_success,7,speaker_abelia,그럼 제가 직접 볼게요.
story_eve_celebration,step_eve_celebration_rian_success,8,speaker_narrator,리안은 잠시 아벨리아를 보다가 고개를 끄덕였다.
story_eve_celebration,step_eve_celebration_rian_fail,0,speaker_narrator,황실 문장이 찍힌 서신이 은쟁반 위에 놓여 있었다.
story_eve_celebration,step_eve_celebration_rian_fail,1,speaker_narrator,"리안은 그것이 아벨리아에게 전해지기 전, 문장 부분을 바라보고 있었다."
story_eve_celebration,step_eve_celebration_rian_fail,2,speaker_abelia,…
story_eve_celebration,step_eve_celebration_rian_fail,3,speaker_narrator,아벨리아는 서신을 보고도 안에 무엇이 적혀 있는지 묻지 못했다.
story_eve_celebration,step_eve_celebration_max_success,0,speaker_narrator,가문 어른들이 아벨리아의 자리 가까이에 막스의 자리표를 놓고 있었다.
story_eve_celebration,step_eve_celebration_max_success,1,speaker_narrator,막스는 그 모습을 보고 아벨리아 쪽을 바라보았다.
story_eve_celebration,step_eve_celebration_max_success,2,speaker_abelia,제 자리 옆인가요?
story_eve_celebration,step_eve_celebration_max_success,3,speaker_max,네. 가까운 쪽으로 조정한 것 같습니다.
story_eve_celebration,step_eve_celebration_max_success,4,speaker_abelia,가까이 있는 건 괜찮아요.
story_eve_celebration,step_eve_celebration_max_success,5,speaker_abelia,"대신 제 앞이 아니라, 제 옆이면 좋겠어요."
story_eve_celebration,step_eve_celebration_max_success,6,speaker_narrator,막스는 잠시 멈췄다가 고개를 끄덕였다.
story_eve_celebration,step_eve_celebration_max_success,7,speaker_max,알겠습니다. 옆에 있겠습니다.
story_eve_celebration,step_eve_celebration_max_success,8,speaker_abelia,네. 옆이면 돼요.
story_eve_celebration,step_eve_celebration_max_fail,0,speaker_narrator,가문 어른들이 아벨리아의 자리 가까이에 막스의 자리표를 놓고 있었다.
story_eve_celebration,step_eve_celebration_max_fail,1,speaker_narrator,막스는 그 모습을 보고 아벨리아 쪽으로 다가왔다.
story_eve_celebration,step_eve_celebration_max_fail,2,speaker_max,가까운 쪽이 더 안전할 겁니다.
story_eve_celebration,step_eve_celebration_max_fail,3,speaker_abelia,그런가요?
story_eve_celebration,step_eve_celebration_max_fail,4,speaker_max,네. 제가 옆에 있겠습니다.
story_eve_celebration,step_eve_celebration_max_fail,5,speaker_narrator,아벨리아는 자리표를 내려다보다가 작게 고개를 끄덕였다.
story_eve_celebration,step_eve_celebration_max_fail,6,speaker_narrator,막스의 자리표는 아벨리아의 자리 가까이에 놓였다.
story_eve_celebration,step_eve_celebration_millia_success,0,speaker_narrator,베르디아 상단의 선물 상자들은 단정하게 묶여 있었다.
story_eve_celebration,step_eve_celebration_millia_success,1,speaker_narrator,그 옆에는 얇은 물품 목록이 함께 놓여 있었다.
story_eve_celebration,step_eve_celebration_millia_success,2,speaker_abelia,"선물인데, 옆에 있는 문서들은 뭔가요?"
story_eve_celebration,step_eve_celebration_millia_success,3,speaker_narrator,밀리아가 고개를 들었다.
story_eve_celebration,step_eve_celebration_millia_success,4,speaker_millia,봤어요?
story_eve_celebration,step_eve_celebration_millia_success,5,speaker_abelia,그냥 축하 선물은 아닌 것 같아요.
story_eve_celebration,step_eve_celebration_millia_success,6,speaker_millia,네. 상단은 무엇을 선물로 보냈는지 남겨요.
story_eve_celebration,step_eve_celebration_millia_success,7,speaker_abelia,그럼 받으면 끝나는 게 아니네요.
story_eve_celebration,step_eve_celebration_millia_success,8,speaker_narrator,밀리아는 작게 고개를 끄덕였다.
story_eve_celebration,step_eve_celebration_millia_success,9,speaker_millia,맞아요. 그래서 그냥 받으면 안 돼요.
story_eve_celebration,step_eve_celebration_millia_success,10,speaker_abelia,그럼 따로 확인할게요.
story_eve_celebration,step_eve_celebration_millia_fail,0,speaker_narrator,베르디아 상단의 선물 상자들은 단정하게 묶여 있었다.
story_eve_celebration,step_eve_celebration_millia_fail,1,speaker_narrator,그 옆에는 얇은 물품 목록이 함께 놓여 있었다.
story_eve_celebration,step_eve_celebration_millia_fail,2,speaker_abelia,선물이 많네요.
story_eve_celebration,step_eve_celebration_millia_fail,3,speaker_narrator,밀리아가 문서 쪽을 보고 작게 말했다.
story_eve_celebration,step_eve_celebration_millia_fail,4,speaker_millia,저것도 같이 봐야 해요.
story_eve_celebration,step_eve_celebration_millia_fail,5,speaker_abelia,저것도요?
story_eve_celebration,step_eve_celebration_millia_fail,6,speaker_millia,네. 물품 목록이에요. 상단 물건은 그냥 들어오지 않아요.
story_eve_celebration,step_eve_celebration_millia_fail,7,speaker_narrator,아벨리아는 문서를 다시 바라보았다.
story_eve_celebration,step_eve_celebration_millia_fail,8,speaker_abelia,그냥 축하 선물은 아니군요.
story_eve_celebration,step_eve_celebration_yuffie_success,0,speaker_narrator,후작가에서 보낸 의전 안내서가 펼쳐져 있었다.
story_eve_celebration,step_eve_celebration_yuffie_success,1,speaker_narrator,아벨리아의 자리 옆에는 후작가 측 자리가 작게 표시되어 있었다.
story_eve_celebration,step_eve_celebration_yuffie_success,2,speaker_abelia,제 자리 옆에도 표시가 있네요.
story_eve_celebration,step_eve_celebration_yuffie_success,3,speaker_yuffie,네. 어머니께서 그렇게 준비하셨어요.
story_eve_celebration,step_eve_celebration_yuffie_success,4,speaker_abelia,제가 혼자처럼 보이지 않게 하려고요?
story_eve_celebration,step_eve_celebration_yuffie_success,5,speaker_narrator,유피는 조심스럽게 고개를 끄덕였다.
story_eve_celebration,step_eve_celebration_yuffie_success,6,speaker_yuffie,네. 저는 그게 나쁘지만은 않다고 생각해요.
story_eve_celebration,step_eve_celebration_yuffie_success,7,speaker_abelia,그런데 제가 고른 자리 배치는 아니네요.
story_eve_celebration,step_eve_celebration_yuffie_success,8,speaker_narrator,유피는 바로 대답하지 못했다.
story_eve_celebration,step_eve_celebration_yuffie_success,9,speaker_yuffie,그래도 혼자처럼 보이지 않는 게 좋다고 생각해요.
story_eve_celebration,step_eve_celebration_yuffie_success,10,speaker_abelia,…그 말은 조금 흔들리네요.
story_eve_celebration,step_eve_celebration_yuffie_fail,0,speaker_narrator,후작가에서 보낸 의전 안내서가 펼쳐져 있었다.
story_eve_celebration,step_eve_celebration_yuffie_fail,1,speaker_narrator,아벨리아의 자리 옆에는 후작가 측 자리가 작게 표시되어 있었다.
story_eve_celebration,step_eve_celebration_yuffie_fail,2,speaker_yuffie,내일은 후작가 쪽에서도 가까이 있을 거예요.
story_eve_celebration,step_eve_celebration_yuffie_fail,3,speaker_abelia,그래요?
story_eve_celebration,step_eve_celebration_yuffie_fail,4,speaker_yuffie,네. 혼자처럼 보이지 않는 게 좋으니까요.
story_eve_celebration,step_eve_celebration_yuffie_fail,5,speaker_narrator,아벨리아는 안내서를 보다가 고개를 끄덕였다.
story_eve_celebration,step_eve_celebration_yuffie_fail,6,speaker_abelia,좋은 뜻이겠죠.
story_eve_celebration,step_eve_celebration_yuffie_fail,7,speaker_narrator,그 자리가 무엇을 뜻하는지는 더 묻지 않았다.
story_eve_celebration,step_eve_celebration_outro,0,speaker_narrator,"전야제가 끝날 무렵, 홀에는 빈 잔과 접힌 냅킨, 그리고 아직 치워지지 않은 이름표들이 남아 있었다."
story_eve_celebration,step_eve_celebration_outro,1,speaker_narrator,아벨리아는 자신의 이름이 적힌 자리 앞에 섰다.
story_eve_celebration,step_eve_celebration_outro,2,speaker_narrator,"황실의 축하장, 막스의 자리표, 베르디아 상단의 물품 목록, 아벨리아의 자리 옆에 표시된 후작가 상징."
story_eve_celebration,step_eve_celebration_outro,3,speaker_abelia,내일은…
story_eve_celebration,step_eve_celebration_outro,4,speaker_narrator,아벨리아는 자기 이름표를 손끝으로 바로 놓았다.
story_eve_celebration,step_eve_celebration_outro,5,speaker_abelia,"내일 제가 어디에 설지는, 제가 먼저 보고 싶어요."
story_eve_celebration,step_eve_celebration_outro,6,speaker_narrator,촛불이 흔들렸다. 아벨리아는 이번에는 이름표에서 눈을 피하지 않았다.
story_inheritance_ceremony,step_inheritance_ceremony_intro,0,speaker_narrator,"대연회실은 전야제 때보다 조용했다. 촛불과 장식은 그대로였지만, 오늘은 빈자리가 거의 없었다."
story_inheritance_ceremony,step_inheritance_ceremony_intro,1,speaker_narrator,어제 이름표로 놓여 있던 자리들은 사람들로 채워져 있었다.
story_inheritance_ceremony,step_inheritance_ceremony_intro,2,speaker_narrator,"황실 사절은 홀 오른쪽에 섰고, 가문 어른들은 단상 가까이에 모여 있었다."
story_inheritance_ceremony,step_inheritance_ceremony_intro,3,speaker_narrator,"베르디아 상단의 문서들은 의전 테이블 옆에 놓여 있었고, 후작가 사람들은 아벨리아의 자리와 가까운 쪽에 앉아 있었다."
story_inheritance_ceremony,step_inheritance_ceremony_intro,4,speaker_narrator,아벨리아는 홀 중앙에 섰다.
story_inheritance_ceremony,step_inheritance_ceremony_intro,5,speaker_narrator,"모두가 축하하러 온 것처럼 보였지만, 모두가 같은 이유로 온 것은 아니었다."
story_inheritance_ceremony,step_inheritance_ceremony_intro,6,speaker_npc,벨라리우스 백작가의 계승 의식을 시작하겠습니다.
story_inheritance_ceremony,step_inheritance_ceremony_rian_success,0,speaker_narrator,황실 사절이 앞으로 나왔다. 그의 뒤에는 리안이 서 있었다.
story_inheritance_ceremony,step_inheritance_ceremony_rian_success,1,speaker_narrator,황실 문장이 찍힌 서신이 펼쳐졌다.
story_inheritance_ceremony,step_inheritance_ceremony_rian_success,2,speaker_npc,황실은 벨라리우스 백작가의 정당한 계승을 인정합니다.
story_inheritance_ceremony,step_inheritance_ceremony_rian_success,3,speaker_narrator,홀 안이 조용해졌다. 기사가문 쪽에서 낮은 웅성거림이 일었다.
story_inheritance_ceremony,step_inheritance_ceremony_rian_success,4,speaker_rian,이 계승은 아벨리아 본인의 힘으로 이루어진 것임을 선언합니다.
story_inheritance_ceremony,step_inheritance_ceremony_rian_success,5,speaker_narrator,아벨리아는 리안의 시선을 마주했다.
story_inheritance_ceremony,step_inheritance_ceremony_rian_success,6,speaker_abelia,네. 이 자리는 제가 서겠습니다.
story_inheritance_ceremony,step_inheritance_ceremony_rian_success,7,speaker_narrator,리안은 작게 고개를 끄덕였다.
story_inheritance_ceremony,step_inheritance_ceremony_rian_fail,0,speaker_narrator,황실 사절이 앞으로 나왔다. 그의 뒤에는 리안이 서 있었다.
story_inheritance_ceremony,step_inheritance_ceremony_rian_fail,1,speaker_narrator,황실 문장이 찍힌 지지 서신이 펼쳐졌다.
story_inheritance_ceremony,step_inheritance_ceremony_rian_fail,2,speaker_npc,황실은 벨라리우스 백작가의 정당한 계승을 인정합니다.
story_inheritance_ceremony,step_inheritance_ceremony_rian_fail,3,speaker_narrator,홀 안이 조용해졌다.
story_inheritance_ceremony,step_inheritance_ceremony_rian_fail,4,speaker_narrator,"아벨리아는 리안을 보았지만, 그는 사절단 뒤에서 움직이지 않았다."
story_inheritance_ceremony,step_inheritance_ceremony_rian_fail,5,speaker_abelia,…
story_inheritance_ceremony,step_inheritance_ceremony_rian_fail,6,speaker_narrator,황실의 지지는 분명했다.
story_inheritance_ceremony,step_inheritance_ceremony_rian_fail,7,speaker_narrator,하지만 아벨리아는 자신의 목소리보다 황실 문장이 먼저 앞에 놓였다는 것을 느꼈다.
story_inheritance_ceremony,step_inheritance_ceremony_max_success,0,speaker_narrator,"계승 선언을 앞두고, 가문 어른들 중 한 명이 앞으로 나섰다."
story_inheritance_ceremony,step_inheritance_ceremony_max_success,1,speaker_narrator,막스는 그 옆에 서 있었다.
story_inheritance_ceremony,step_inheritance_ceremony_max_success,2,speaker_npc,"벨라리우스 백작가의 안정적인 계승을 위해, 발테리온은 가까이에서 보좌할 준비가 되어 있습니다."
story_inheritance_ceremony,step_inheritance_ceremony_max_success,3,speaker_narrator,몇몇 귀족의 시선이 아벨리아에게 향했다.
story_inheritance_ceremony,step_inheritance_ceremony_max_success,4,speaker_narrator,"막스가 한 걸음 앞으로 나오려는 순간, 아벨리아가 먼저 말했다."
story_inheritance_ceremony,step_inheritance_ceremony_max_success,5,speaker_abelia,고맙습니다. 하지만 제 앞에 서실 필요는 없습니다.
story_inheritance_ceremony,step_inheritance_ceremony_max_success,6,speaker_narrator,막스가 멈췄다.
story_inheritance_ceremony,step_inheritance_ceremony_max_success,7,speaker_abelia,도움이 필요하다면 제가 청하겠습니다.
story_inheritance_ceremony,step_inheritance_ceremony_max_success,8,speaker_narrator,막스는 잠시 아벨리아를 보다가 고개를 숙였다.
story_inheritance_ceremony,step_inheritance_ceremony_max_success,9,speaker_max,알겠습니다. 옆에 있겠습니다.
story_inheritance_ceremony,step_inheritance_ceremony_max_fail,0,speaker_narrator,"계승 선언을 앞두고, 가문 어른들 중 한 명이 앞으로 나섰다."
story_inheritance_ceremony,step_inheritance_ceremony_max_fail,1,speaker_narrator,막스는 그 옆에 서 있었다.
story_inheritance_ceremony,step_inheritance_ceremony_max_fail,2,speaker_npc,"벨라리우스 백작가의 안정적인 계승을 위해, 발테리온은 가까이에서 보좌할 준비가 되어 있습니다."
story_inheritance_ceremony,step_inheritance_ceremony_max_fail,3,speaker_narrator,막스가 아벨리아 곁으로 다가왔다.
story_inheritance_ceremony,step_inheritance_ceremony_max_fail,4,speaker_max,제가 옆에 있겠습니다.
story_inheritance_ceremony,step_inheritance_ceremony_max_fail,5,speaker_abelia,…네.
story_inheritance_ceremony,step_inheritance_ceremony_max_fail,6,speaker_narrator,막스는 아벨리아보다 반걸음 앞에 섰다.
story_inheritance_ceremony,step_inheritance_ceremony_max_fail,7,speaker_narrator,"그 거리는 아주 작았지만, 홀 안의 사람들은 그것을 놓치지 않았다."
story_inheritance_ceremony,step_inheritance_ceremony_millia_success,0,speaker_narrator,베르디아 상단의 문서함이 의전 테이블 위에 올려졌다.
story_inheritance_ceremony,step_inheritance_ceremony_millia_success,1,speaker_narrator,"축하 선물 명부와 함께, 부채 상환 명세서가 놓여 있었다."
story_inheritance_ceremony,step_inheritance_ceremony_millia_success,2,speaker_npc,"성인식을 축하드리며, 백작가의 부담을 덜 제안을 함께 준비했습니다."
story_inheritance_ceremony,step_inheritance_ceremony_millia_success,3,speaker_narrator,"아벨리아는 문서 첫 장이 아니라, 뒤쪽에 묶인 명세서를 보았다."
story_inheritance_ceremony,step_inheritance_ceremony_millia_success,4,speaker_abelia,선물은 받겠습니다. 하지만 제안서는 받아드리지 않겠습니다.
story_inheritance_ceremony,step_inheritance_ceremony_millia_success,5,speaker_narrator,밀리아가 문서함 옆에서 조용히 아벨리아를 보았다.
story_inheritance_ceremony,step_inheritance_ceremony_millia_success,6,speaker_narrator,아벨리아는 문서함을 닫지 않았다. 대신 명세서만 따로 빼냈다.
story_inheritance_ceremony,step_inheritance_ceremony_millia_fail,0,speaker_narrator,베르디아 상단의 문서함이 의전 테이블 위에 올려졌다.
story_inheritance_ceremony,step_inheritance_ceremony_millia_fail,1,speaker_narrator,"축하 선물 명부와 함께, 부채 상환 명세서가 놓여 있었다."
story_inheritance_ceremony,step_inheritance_ceremony_millia_fail,2,speaker_npc,"성인식을 축하드리며, 백작가의 부담을 덜 제안을 함께 준비했습니다."
story_inheritance_ceremony,step_inheritance_ceremony_millia_fail,3,speaker_abelia,축하 선물인가요?
story_inheritance_ceremony,step_inheritance_ceremony_millia_fail,4,speaker_npc,예. 백작가를 위한 호의입니다.
story_inheritance_ceremony,step_inheritance_ceremony_millia_fail,5,speaker_narrator,아벨리아는 문서를 받아 들었다.
story_inheritance_ceremony,step_inheritance_ceremony_millia_fail,6,speaker_narrator,밀리아는 문서 제목을 보고 잠시 입술을 다물었다.
story_inheritance_ceremony,step_inheritance_ceremony_millia_fail,7,speaker_narrator,축하 선물과 새로운 계약서는 같은 문서함 안에 남았다.
story_inheritance_ceremony,step_inheritance_ceremony_yuffie_success,0,speaker_narrator,후작가 대표가 자리에서 일어났다.
story_inheritance_ceremony,step_inheritance_ceremony_yuffie_success,1,speaker_narrator,유피는 그 옆에 앉아 있었다.
story_inheritance_ceremony,step_inheritance_ceremony_yuffie_success,2,speaker_npc,후작가는 벨라리우스 백작가의 새로운 출발을 축하합니다. 필요하다면 언제든 보호와 조언을 아끼지 않겠습니다.
story_inheritance_ceremony,step_inheritance_ceremony_yuffie_success,3,speaker_narrator,홀 안의 시선이 아벨리아에게 모였다.
story_inheritance_ceremony,step_inheritance_ceremony_yuffie_success,4,speaker_abelia,감사드립니다.
story_inheritance_ceremony,step_inheritance_ceremony_yuffie_success,5,speaker_narrator,아벨리아는 예법에 맞게 고개를 숙였다가 들었다.
story_inheritance_ceremony,step_inheritance_ceremony_yuffie_success,6,speaker_abelia,다만 후견은 청하지 않겠습니다. 필요하면 제가 먼저 말씀드리겠습니다.
story_inheritance_ceremony,step_inheritance_ceremony_yuffie_success,7,speaker_narrator,유피의 손끝이 작게 움직였다.
story_inheritance_ceremony,step_inheritance_ceremony_yuffie_success,8,speaker_narrator,"잠시 뒤, 유피는 아주 작게 웃었다."
story_inheritance_ceremony,step_inheritance_ceremony_yuffie_fail,0,speaker_narrator,후작가 대표가 자리에서 일어났다.
story_inheritance_ceremony,step_inheritance_ceremony_yuffie_fail,1,speaker_narrator,유피는 그 옆에 앉아 있었다.
story_inheritance_ceremony,step_inheritance_ceremony_yuffie_fail,2,speaker_npc,후작가는 벨라리우스 백작가의 새로운 출발을 축하합니다. 필요하다면 보호와 조언을 아끼지 않겠습니다.
story_inheritance_ceremony,step_inheritance_ceremony_yuffie_fail,3,speaker_narrator,홀 안의 시선이 아벨리아에게 모였다.
story_inheritance_ceremony,step_inheritance_ceremony_yuffie_fail,4,speaker_narrator,유피가 조용히 아벨리아를 바라보았다.
story_inheritance_ceremony,step_inheritance_ceremony_yuffie_fail,5,speaker_abelia,…감사합니다.
story_inheritance_ceremony,step_inheritance_ceremony_yuffie_fail,6,speaker_npc,어린 백작께는 든든한 지지자가 필요할 것입니다.
story_inheritance_ceremony,step_inheritance_ceremony_yuffie_fail,7,speaker_narrator,아벨리아는 대답하지 못했다.
story_inheritance_ceremony,step_inheritance_ceremony_yuffie_fail,8,speaker_narrator,그 침묵은 거절이 아니었다. 후작가 사람들은 그것을 충분히 알아들었다.
story_inheritance_ceremony,step_inheritance_ceremony_outro,0,speaker_narrator,네 방향에서 온 말들이 홀 안에 남았다.
story_inheritance_ceremony,step_inheritance_ceremony_outro,1,speaker_narrator,"황실의 지지, 가문 어른들의 보좌, 베르디아 상단의 제안, 후작가의 보호."
story_inheritance_ceremony,step_inheritance_ceremony_outro,2,speaker_narrator,"모두 아벨리아를 향해 있었지만, 모두 아벨리아의 것은 아니었다."
story_inheritance_ceremony,step_inheritance_ceremony_outro,3,speaker_npc,아벨리아 벨라리우스.
story_inheritance_ceremony,step_inheritance_ceremony_outro,4,speaker_narrator,아벨리아는 이름이 불리는 쪽으로 고개를 들었다.
story_inheritance_ceremony,step_inheritance_ceremony_outro,5,speaker_npc,앞으로 나와 주십시오.
story_inheritance_ceremony,step_inheritance_ceremony_outro,6,speaker_narrator,아벨리아는 단상 앞에 섰다.
story_inheritance_ceremony,step_inheritance_ceremony_outro,7,speaker_narrator,"어제 보았던 자리였다. 하지만 오늘은 종이가 아니라, 사람들의 시선이 그 자리를 둘러싸고 있었다."
story_inheritance_ceremony,step_inheritance_ceremony_outro,8,speaker_npc,계승을 받아들이겠습니까?
story_inheritance_ceremony,step_inheritance_ceremony_outro,9,speaker_narrator,아벨리아는 계승 문서 위에 손을 올렸다.
story_inheritance_ceremony,step_inheritance_ceremony_outro,10,speaker_abelia,네. 벨라리우스 백작가의 이름을 잇겠습니다.
story_inheritance_ceremony,step_inheritance_ceremony_outro,11,speaker_narrator,의전관은 천천히 고개를 숙였다.
story_inheritance_ceremony,step_inheritance_ceremony_outro,12,speaker_npc,계승을 승인합니다.
story_inheritance_alone,step_inheritance_alone_intro,0,speaker_narrator,대연회장은 조용했다.
story_inheritance_alone,step_inheritance_alone_intro,1,speaker_narrator,"축하하는 사람은 있었지만, 가까이 다가오는 사람은 없었다. 이의를 제기하는 사람도 적었다. 아직은."
story_inheritance_alone,step_inheritance_alone_intro,2,speaker_narrator,아벨리아는 단상에 혼자 섰다.
story_inheritance_alone,step_inheritance_alone_intro,3,speaker_narrator,"옆에 서 줄 친구도, 앞을 막아줄 사람도, 뒤에서 알려줄 목소리도 없었다."
story_inheritance_alone,step_inheritance_alone_intro,4,speaker_npc,아벨리아 벨라리우스.
story_inheritance_alone,step_inheritance_alone_intro,5,speaker_narrator,아벨리아는 한 걸음 앞으로 나섰다.
story_inheritance_alone,step_inheritance_alone_intro,6,speaker_npc,계승을 받아들이겠습니까?
story_inheritance_alone,step_inheritance_alone_intro,7,speaker_abelia,…네.
story_inheritance_alone,step_inheritance_alone_intro,8,speaker_narrator,목소리는 홀 안에 작게 울렸다.
story_inheritance_alone,step_inheritance_alone_intro,9,speaker_narrator,누구도 막지 않았다. 누구도 도와주지 않았다.
story_inheritance_alone,step_inheritance_alone_intro,10,speaker_narrator,계승은 끝났다.
story_inheritance_alone,step_inheritance_alone_intro,11,speaker_narrator,아벨리아는 백작이 되었다.
story_inheritance_alone,step_inheritance_alone_intro,12,speaker_narrator,"하지만 홀을 나서는 길은, 들어올 때보다 더 조용했다."
story_prologue,step_prologue_gate,0,speaker_narrator,백작저 정문. 겨울.
story_prologue,step_prologue_gate,1,speaker_narrator,말에서 내렸다. 12년 만이었다.
story_prologue,step_prologue_gate,2,speaker_narrator,하늘은 곧 눈이 올 것처럼 낮게 가라앉아 있었다.
story_prologue,step_prologue_gate,3,speaker_guard_captain,오셨습니까.
story_prologue,step_prologue_gate,4,speaker_narrator,그는 인사를 받지 않고 안으로 들어갔다.
story_prologue,step_prologue_corridor,0,speaker_narrator,백작저 복도.
story_prologue,step_prologue_corridor,1,speaker_narrator,형의 방 앞에서 의사가 나왔다.
story_prologue,step_prologue_corridor,2,speaker_narrator,의사는 고개를 한 번 숙였다.
story_prologue,step_prologue_corridor,3,speaker_narrator,그는 그 뜻을 물을 필요가 없었다.
story_prologue,step_prologue_brother_room,0,speaker_narrator,형의 방.
story_prologue,step_prologue_brother_room,1,speaker_narrator,"문고리를 잡은 채, 그는 한참을 서 있었다."
story_prologue,step_prologue_brother_room,2,speaker_narrator,침대 위의 얼굴은 평온했다.
story_prologue,step_prologue_brother_room,3,speaker_narrator,"너무 평온해서, 오래 들여다보았다."
story_prologue,step_prologue_brother_room,4,speaker_narrator,이자벨이 죽은 뒤부터 형은 조금씩 멈춰 갔다.
story_prologue,step_prologue_brother_room,5,speaker_narrator,"의사는 몇 번이나 경고했지만, 형은 바뀌지 않았다."
story_prologue,step_prologue_abelia_enters,0,speaker_narrator,형의 방. 시간이 흐른 뒤.
story_prologue,step_prologue_abelia_enters,1,speaker_narrator,문이 소리 없이 열렸다.
story_prologue,step_prologue_abelia_enters,2,speaker_narrator,돌아봤을 때 아이는 이미 방 안에 있었다.
story_prologue,step_prologue_abelia_enters,3,speaker_narrator,여섯 살. 흰 잠옷. 맨발.
story_prologue,step_prologue_abelia_enters,4,speaker_narrator,아벨리아는 그를 보지 않았다. 침대만 봤다.
story_prologue,step_prologue_abelia_enters,5,speaker_narrator,한 걸음. 또 한 걸음.
story_prologue,step_prologue_abelia_enters,6,speaker_narrator,작은 손이 이불 끝에 닿았다.
story_prologue,step_prologue_abelia_enters,7,speaker_abelia,아빠가 엄마 보러 갔어?
story_prologue,step_prologue_after_choice,0,speaker_narrator,아이는 대답을 기다리지 않았다.
story_prologue,step_prologue_after_choice,1,speaker_abelia,…그럼 나는.
story_prologue,step_prologue_after_choice,2,speaker_narrator,말은 거기서 끊겼다.
story_prologue,step_prologue_after_choice,3,speaker_narrator,"아이는 끝까지 말하지 않았고, 그도 묻지 않았다."
story_prologue,step_prologue_after_choice,4,speaker_narrator,아이는 자기 방으로 돌아가지 않았다.
story_prologue,step_prologue_after_choice,5,speaker_narrator,"소파에 앉아 있다가, 말없이 그의 소매를 잡았다."
story_prologue,step_prologue_after_choice,6,speaker_narrator,아이는 그 자세로 잠이 들었다.
story_prologue,step_prologue_after_choice,7,speaker_narrator,잡은 손은 끝까지 느슨해지지 않았다.
story_prologue,step_prologue_snow_room,0,speaker_narrator,응접실. 창밖에 눈.
story_prologue,step_prologue_snow_room,1,speaker_narrator,창밖에 눈이 내리기 시작했다.
story_prologue,step_prologue_snow_room,2,speaker_narrator,형이 좋아하던 눈이었다.
story_prologue,step_prologue_snow_room,3,speaker_count,"형, 내가 이 아이한테 뭘 해줄 수 있을까?"
story_prologue,step_prologue_age_six,0,speaker_narrator,아벨리아가 여섯 살이 되었습니다.
story_prologue,step_prologue_age_six,1,speaker_narrator,당신은 임시가주로서 백작가를 맡게 되었습니다.
story_prologue,step_prologue_age_six,2,speaker_narrator,"당신이 허가하는 것과 통제하는 것이, 이 아이의 세계가 됩니다."
